assay_id,compound_id,target,assay_type,value_nm,selectivity_ratio,experiment_date
ASY-000001,CPD-00715,ALK,IC50,91.3,16.1,2025-11-11
ASY-000002,CPD-00597,EGFR,IC50,84.4,15.9,2025-10-06
ASY-000003,CPD-00600,KRAS_G12C,IC50,0.0,,2025-01-26
ASY-000004,CPD-00140,EGFR,IC50,193.3,,2025-12-06
ASY-000005,CPD-00274,MET,IC50,4.1,3.0,2026-01-22
ASY-000006,CPD-00546,BRAF_V600E,IC50,5.9,8.0,2026-02-07
ASY-000007,CPD-00913,BRAF_V600E,IC50,35.2,,2025-03-21
ASY-000008,CPD-00091,CDK4_6,IC50,29973.2,,2025-06-10
ASY-000009,CPD-00684,PI3K_alpha,IC50,213.8,-4.3,2026-03-13
ASY-000010,CPD-00298,JAK2,IC50,65.5,2.0,2025-04-11
ASY-000011,CPD-00556,EGFR,IC50,7566.7,,2026-02-14
ASY-000012,CPD-00571,ALK,IC50,0.6,14.9,2025-03-22
ASY-000013,CPD-00738,JAK2,IC50,54.8,,2025-09-30
ASY-000014,CPD-00221,PI3K_alpha,IC50,1.2,-1.4,2025-03-30
ASY-000015,CPD-00965,EGFR,IC50,1531.0,3.7,2025-03-06
ASY-000016,CPD-00243,CDK4_6,IC50,122.7,15.1,2025-04-25
ASY-000017,CPD-00077,KRAS_G12C,IC50,4.5,,2026-02-13
ASY-000018,CPD-00511,PI3K_alpha,IC50,1065.0,15.8,2025-01-19
ASY-000019,CPD-00599,JAK2,IC50,1.2,,2025-11-26
ASY-000020,CPD-00608,MET,IC50,1.9,6.9,2025-07-07
ASY-000021,CPD-00927,JAK2,IC50,148.7,,2026-03-19
ASY-000022,CPD-00701,JAK2,IC50,108.4,7.7,2026-05-03
ASY-000023,CPD-00389,CDK4_6,IC50,10.1,24.5,2025-05-20
ASY-000024,CPD-00822,EGFR,IC50,1.0,,2025-10-06
ASY-000025,CPD-00980,MET,IC50,9302.6,,2025-08-02
ASY-000026,CPD-00117,BRAF_V600E,IC50,55166.6,,2025-10-16
ASY-000027,CPD-00798,KRAS_G12C,IC50,1.6,,2026-05-13
ASY-000028,CPD-00811,BRAF_V600E,IC50,45.3,8.0,2025-12-14
ASY-000029,CPD-00091,JAK2,IC50,160.4,,2025-01-27
ASY-000030,CPD-00139,KRAS_G12C,IC50,602.0,8.7,2026-04-08
ASY-000031,CPD-00087,BTK,IC50,0.3,18.5,2025-04-13
ASY-000032,CPD-00769,PI3K_alpha,IC50,2113.9,,2025-10-12
ASY-000033,CPD-00194,PI3K_alpha,IC50,683.4,15.2,2025-07-19
ASY-000034,CPD-00742,CDK4_6,IC50,14108.4,,2025-10-28
ASY-000035,CPD-00538,PI3K_alpha,IC50,441.8,13.7,2025-08-11
ASY-000036,CPD-00811,BTK,IC50,12.1,7.3,2026-03-07
ASY-000037,CPD-00910,EGFR,IC50,5435.7,,2025-05-12
ASY-000038,CPD-00153,BTK,IC50,5.3,6.8,2026-02-07
ASY-000039,CPD-00374,MET,IC50,344.8,9.0,2026-03-02
ASY-000040,CPD-00311,JAK2,IC50,91.7,16.6,2025-06-22
ASY-000041,CPD-00461,BTK,IC50,2386.8,-2.0,2025-11-02
ASY-000042,CPD-00193,CDK4_6,IC50,63476.1,,2025-12-05
ASY-000043,CPD-00986,PI3K_alpha,IC50,3.4,,2025-03-01
ASY-000044,CPD-00073,BTK,IC50,0.9,,2026-03-17
ASY-000045,CPD-00804,PI3K_alpha,IC50,106755.4,,2025-08-01
ASY-000046,CPD-00416,CDK4_6,IC50,51.6,8.6,2025-08-06
ASY-000047,CPD-00516,BRAF_V600E,IC50,0.4,,2025-07-15
ASY-000048,CPD-00037,BRAF_V600E,IC50,19.5,8.4,2026-03-03
ASY-000049,CPD-00912,JAK2,IC50,13.5,7.4,2026-05-08
ASY-000050,CPD-00787,BRAF_V600E,IC50,57757.8,,2026-04-24
ASY-000051,CPD-00604,KRAS_G12C,IC50,64.0,,2025-07-19
ASY-000052,CPD-00309,BRAF_V600E,IC50,6266.7,,2025-11-09
ASY-000053,CPD-00944,PI3K_alpha,IC50,151.7,11.0,2026-04-24
ASY-000054,CPD-00172,ALK,IC50,1515.5,,2025-06-12
ASY-000055,CPD-00766,BTK,IC50,4.1,4.0,2025-03-25
ASY-000056,CPD-00385,EGFR,IC50,1753.6,4.5,2025-03-22
ASY-000057,CPD-00583,PI3K_alpha,IC50,376.1,13.7,2025-05-28
ASY-000058,CPD-00259,CDK4_6,IC50,39.6,,2025-02-12
ASY-000059,CPD-00392,JAK2,IC50,6216.7,,2025-01-23
ASY-000060,CPD-00669,MET,IC50,2818.3,7.1,2025-11-10
ASY-000061,CPD-00966,MET,IC50,23856.7,,2025-07-10
ASY-000062,CPD-00115,ALK,IC50,2.7,14.6,2025-02-08
ASY-000063,CPD-00485,MET,IC50,1052.1,12.2,2025-03-02
ASY-000064,CPD-00999,BTK,IC50,6977.9,,2025-12-23
ASY-000065,CPD-00321,EGFR,IC50,165.2,,2025-12-04
ASY-000066,CPD-00599,EGFR,IC50,29854.3,,2026-04-04
ASY-000067,CPD-00408,PI3K_alpha,IC50,3.6,7.2,2026-03-04
ASY-000068,CPD-00004,ALK,IC50,0.2,,2025-01-22
ASY-000069,CPD-00652,PI3K_alpha,IC50,1.7,,2025-05-30
ASY-000070,CPD-00869,KRAS_G12C,IC50,1955.5,5.0,2025-06-15
ASY-000071,CPD-00641,MET,IC50,3737.5,10.5,2025-08-31
ASY-000072,CPD-00901,KRAS_G12C,IC50,247091.9,2.7,2025-12-03
ASY-000073,CPD-00310,PI3K_alpha,IC50,2.3,,2025-06-30
ASY-000074,CPD-00136,MET,IC50,184.3,15.4,2025-11-17
ASY-000075,CPD-00147,EGFR,IC50,8255.5,13.2,2026-05-16
ASY-000076,CPD-00738,ALK,IC50,19.0,,2025-12-24
ASY-000077,CPD-00057,MET,IC50,4738.9,7.3,2025-07-19
ASY-000078,CPD-00569,BRAF_V600E,IC50,836.6,16.8,2026-05-13
ASY-000079,CPD-00299,PI3K_alpha,IC50,12.1,,2025-03-23
ASY-000080,CPD-00639,BRAF_V600E,IC50,1.0,17.3,2025-04-18
ASY-000081,CPD-00773,CDK4_6,IC50,19.3,,2026-04-21
ASY-000082,CPD-00077,EGFR,IC50,436.1,,2025-05-16
ASY-000083,CPD-00564,KRAS_G12C,IC50,0.1,,2025-07-10
ASY-000084,CPD-00522,JAK2,IC50,250.7,5.8,2026-04-04
ASY-000085,CPD-00423,ALK,IC50,153.9,15.3,2025-03-22
ASY-000086,CPD-00847,CDK4_6,IC50,23.9,9.6,2025-11-17
ASY-000087,CPD-00474,KRAS_G12C,IC50,18.7,,2025-08-26
ASY-000088,CPD-00291,MET,IC50,117.1,2.3,2025-05-25
ASY-000089,CPD-00656,BTK,IC50,37.5,9.2,2026-01-18
ASY-000090,CPD-00099,MET,IC50,4.5,5.0,2025-04-16
ASY-000091,CPD-00476,CDK4_6,IC50,17262.5,10.8,2026-04-06
ASY-000092,CPD-00837,EGFR,IC50,36.3,,2025-12-19
ASY-000093,CPD-00179,BRAF_V600E,IC50,91.9,11.0,2025-07-07
ASY-000094,CPD-00781,KRAS_G12C,IC50,272.3,6.8,2025-11-20
ASY-000095,CPD-00600,MET,IC50,216.6,,2025-08-09
ASY-000096,CPD-00744,BRAF_V600E,IC50,292995.3,7.0,2026-03-10
ASY-000097,CPD-00931,BTK,IC50,2114.9,,2025-03-28
ASY-000098,CPD-00862,BTK,IC50,2500.6,16.1,2025-05-06
ASY-000099,CPD-00405,PI3K_alpha,IC50,195.2,13.8,2025-11-01
ASY-000100,CPD-00810,BTK,IC50,1193.5,17.2,2026-01-26
ASY-000101,CPD-00603,PI3K_alpha,IC50,2.7,,2025-09-01
ASY-000102,CPD-00025,BRAF_V600E,IC50,2.7,4.7,2025-07-10
ASY-000103,CPD-00558,CDK4_6,IC50,1935.1,7.7,2025-12-13
ASY-000104,CPD-00159,CDK4_6,IC50,1263.9,,2025-01-14
ASY-000105,CPD-00286,KRAS_G12C,IC50,163.1,11.8,2026-02-22
ASY-000106,CPD-00791,JAK2,IC50,13.6,,2025-07-13
ASY-000107,CPD-00935,KRAS_G12C,IC50,541.0,11.1,2025-09-08
ASY-000108,CPD-00610,KRAS_G12C,IC50,1077.9,10.6,2025-02-05
ASY-000109,CPD-00255,MET,IC50,1.3,5.7,2026-04-09
ASY-000110,CPD-00172,MET,IC50,5023.3,9.9,2025-07-25
ASY-000111,CPD-00661,BRAF_V600E,IC50,186.2,3.4,2025-06-29
ASY-000112,CPD-00393,MET,IC50,17.5,,2025-07-31
ASY-000113,CPD-00336,EGFR,IC50,3302.3,14.2,2025-02-04
ASY-000114,CPD-00683,ALK,IC50,54.8,,2026-01-10
ASY-000115,CPD-00881,BRAF_V600E,IC50,1264.8,,2025-08-04
ASY-000116,CPD-00668,PI3K_alpha,IC50,6.3,,2025-08-11
ASY-000117,CPD-00438,KRAS_G12C,IC50,35.5,,2025-10-24
ASY-000118,CPD-00440,ALK,IC50,859.3,,2025-06-16
ASY-000119,CPD-00270,ALK,IC50,33.2,1.1,2025-11-22
ASY-000120,CPD-00303,EGFR,IC50,8275.2,,2025-01-25
ASY-000121,CPD-00991,EGFR,IC50,1.8,,2025-03-07
ASY-000122,CPD-00651,JAK2,IC50,792.4,,2025-04-21
ASY-000123,CPD-00648,JAK2,IC50,0.2,14.7,2025-10-08
ASY-000124,CPD-00120,PI3K_alpha,IC50,4.3,11.3,2025-06-08
ASY-000125,CPD-00080,PI3K_alpha,IC50,3.7,5.6,2026-04-15
ASY-000126,CPD-00049,PI3K_alpha,IC50,1333.5,3.8,2025-11-20
ASY-000127,CPD-00718,MET,IC50,2.2,,2026-04-14
ASY-000128,CPD-00054,BTK,IC50,5.8,,2026-01-19
ASY-000129,CPD-00012,ALK,IC50,1713.1,,2025-07-12
ASY-000130,CPD-00107,PI3K_alpha,IC50,4.2,15.2,2025-09-28
ASY-000131,CPD-00542,BTK,IC50,33.9,,2026-04-21
ASY-000132,CPD-00208,MET,IC50,184.9,21.5,2026-03-04
ASY-000133,CPD-00847,BTK,IC50,1365.8,,2026-04-02
ASY-000134,CPD-00478,PI3K_alpha,IC50,9.3,,2026-04-03
ASY-000135,CPD-00445,CDK4_6,IC50,0.9,,2025-08-04
ASY-000136,CPD-00365,EGFR,IC50,228.1,,2025-10-14
ASY-000137,CPD-00070,BRAF_V600E,IC50,6.7,10.1,2025-09-04
ASY-000138,CPD-00728,EGFR,IC50,1197.7,,2026-01-26
ASY-000139,CPD-00647,PI3K_alpha,IC50,1096.7,10.2,2025-02-08
ASY-000140,CPD-00239,ALK,IC50,1269.1,13.0,2025-07-21
ASY-000141,CPD-00003,BRAF_V600E,IC50,0.0,9.5,2026-01-27
ASY-000142,CPD-00420,KRAS_G12C,IC50,7.8,11.0,2025-04-18
ASY-000143,CPD-00292,JAK2,IC50,1846.2,6.9,2025-10-23
ASY-000144,CPD-00551,BTK,IC50,6.7,,2025-04-27
ASY-000145,CPD-00496,MET,IC50,473.7,14.0,2025-11-18
ASY-000146,CPD-00738,JAK2,IC50,4182.9,,2026-01-08
ASY-000147,CPD-00540,ALK,IC50,6.5,,2025-10-14
ASY-000148,CPD-00625,KRAS_G12C,IC50,0.1,3.8,2025-09-23
ASY-000149,CPD-00750,EGFR,IC50,0.4,,2025-08-03
ASY-000150,CPD-00395,JAK2,IC50,1634.1,-7.3,2025-05-02
ASY-000151,CPD-00831,KRAS_G12C,IC50,280.7,,2025-07-28
ASY-000152,CPD-00733,CDK4_6,IC50,34.6,12.0,2025-05-30
ASY-000153,CPD-00398,JAK2,IC50,34271.5,,2025-10-24
ASY-000154,CPD-00361,PI3K_alpha,IC50,7637.6,,2025-11-06
ASY-000155,CPD-00102,BTK,IC50,17.7,12.9,2026-03-18
ASY-000156,CPD-00608,ALK,IC50,0.3,,2026-01-13
ASY-000157,CPD-00201,MET,IC50,1209.4,,2025-05-23
ASY-000158,CPD-00077,KRAS_G12C,IC50,94462.2,,2025-10-18
ASY-000159,CPD-00466,EGFR,IC50,44.1,,2025-05-10
ASY-000160,CPD-00401,ALK,IC50,6229982.3,,2026-03-25
ASY-000161,CPD-00125,MET,IC50,1700.0,12.8,2026-04-26
ASY-000162,CPD-00917,JAK2,IC50,7.8,10.6,2025-05-04
ASY-000163,CPD-00749,ALK,IC50,82.9,,2025-12-29
ASY-000164,CPD-00135,JAK2,IC50,1.6,,2025-12-29
ASY-000165,CPD-00185,CDK4_6,IC50,135.0,,2025-04-06
ASY-000166,CPD-00915,KRAS_G12C,IC50,7.3,,2026-02-09
ASY-000167,CPD-00582,ALK,IC50,62.7,3.2,2026-03-29
ASY-000168,CPD-00504,BTK,IC50,216.5,,2025-08-12
ASY-000169,CPD-00744,CDK4_6,IC50,67.0,9.9,2026-03-18
ASY-000170,CPD-00628,MET,IC50,11.8,8.0,2025-07-21
ASY-000171,CPD-00736,KRAS_G12C,IC50,8.1,7.4,2025-01-29
ASY-000172,CPD-00353,BRAF_V600E,IC50,8721.5,,2026-02-23
ASY-000173,CPD-00014,BRAF_V600E,IC50,28.5,,2026-02-22
ASY-000174,CPD-00357,BRAF_V600E,IC50,3.5,15.9,2025-03-21
ASY-000175,CPD-00156,PI3K_alpha,IC50,0.1,2.7,2025-03-14
ASY-000176,CPD-00533,KRAS_G12C,IC50,309.0,,2025-01-10
ASY-000177,CPD-00641,KRAS_G12C,IC50,2809.6,5.1,2025-02-26
ASY-000178,CPD-00450,EGFR,IC50,1029.5,,2025-01-14
ASY-000179,CPD-00325,KRAS_G12C,IC50,14.8,,2026-03-17
ASY-000180,CPD-00212,CDK4_6,IC50,6344.8,21.8,2025-01-26
ASY-000181,CPD-00432,EGFR,IC50,76.0,,2025-01-01
ASY-000182,CPD-00167,KRAS_G12C,IC50,132685.5,,2025-10-25
ASY-000183,CPD-00168,MET,IC50,0.4,17.9,2025-07-14
ASY-000184,CPD-00035,KRAS_G12C,IC50,0.3,,2026-02-26
ASY-000185,CPD-00642,PI3K_alpha,IC50,620.2,,2025-05-31
ASY-000186,CPD-00836,CDK4_6,IC50,2242.1,12.4,2025-02-15
ASY-000187,CPD-00870,EGFR,IC50,7.4,,2025-11-07
ASY-000188,CPD-00317,JAK2,IC50,7689.6,,2025-05-06
ASY-000189,CPD-00913,ALK,IC50,60.9,6.1,2025-08-29
ASY-000190,CPD-00852,MET,IC50,2109.8,,2025-12-04
ASY-000191,CPD-00831,BTK,IC50,3047.6,,2025-12-26
ASY-000192,CPD-00865,BRAF_V600E,IC50,9.7,,2025-02-06
ASY-000193,CPD-00387,JAK2,IC50,4.3,5.6,2026-04-23
ASY-000194,CPD-00208,JAK2,IC50,11.2,3.5,2025-05-19
ASY-000195,CPD-00327,PI3K_alpha,IC50,2310.8,,2025-03-30
ASY-000196,CPD-00756,PI3K_alpha,IC50,1.6,,2025-06-26
ASY-000197,CPD-00283,BRAF_V600E,IC50,526.5,15.7,2025-10-09
ASY-000198,CPD-00539,MET,IC50,272.4,,2025-06-10
ASY-000199,CPD-00547,PI3K_alpha,IC50,0.5,9.8,2025-11-01
ASY-000200,CPD-00460,EGFR,IC50,125.4,,2026-02-01
ASY-000201,CPD-00622,PI3K_alpha,IC50,206.8,0.8,2025-12-23
ASY-000202,CPD-00369,BRAF_V600E,IC50,0.1,11.8,2025-07-14
ASY-000203,CPD-00420,KRAS_G12C,IC50,1.0,17.7,2025-01-29
ASY-000204,CPD-00985,PI3K_alpha,IC50,663.5,,2025-11-30
ASY-000205,CPD-00603,EGFR,IC50,60.5,11.4,2025-05-18
ASY-000206,CPD-00356,PI3K_alpha,IC50,7597.1,,2026-02-05
ASY-000207,CPD-00459,EGFR,IC50,24329.7,,2025-11-20
ASY-000208,CPD-00740,MET,IC50,8.2,,2026-03-23
ASY-000209,CPD-00035,PI3K_alpha,IC50,132.6,,2025-05-16
ASY-000210,CPD-00030,BRAF_V600E,IC50,3.6,14.5,2025-03-28
ASY-000211,CPD-00519,PI3K_alpha,IC50,57059.0,11.7,2025-11-09
ASY-000212,CPD-00798,MET,IC50,6.3,,2025-05-11
ASY-000213,CPD-00780,KRAS_G12C,IC50,519.6,12.6,2025-02-02
ASY-000214,CPD-00188,BTK,IC50,44.5,,2026-04-20
ASY-000215,CPD-00669,BTK,IC50,1.3,13.8,2026-04-21
ASY-000216,CPD-00637,ALK,IC50,21.2,,2025-07-22
ASY-000217,CPD-00837,ALK,IC50,168.4,,2025-09-16
ASY-000218,CPD-00510,CDK4_6,IC50,3.0,,2025-03-19
ASY-000219,CPD-00551,ALK,IC50,431.9,7.8,2025-09-28
ASY-000220,CPD-00018,JAK2,IC50,44.8,9.3,2025-01-09
ASY-000221,CPD-00504,CDK4_6,IC50,0.2,18.1,2025-06-20
ASY-000222,CPD-00804,MET,IC50,4.1,,2026-04-13
ASY-000223,CPD-00578,EGFR,IC50,955.1,,2025-05-23
ASY-000224,CPD-00639,MET,IC50,63550.1,11.9,2025-12-25
ASY-000225,CPD-00168,BTK,IC50,656.7,9.5,2025-03-19
ASY-000226,CPD-00858,BRAF_V600E,IC50,35032.3,12.5,2025-10-30
ASY-000227,CPD-00243,JAK2,IC50,11.1,,2026-01-31
ASY-000228,CPD-00711,PI3K_alpha,IC50,17.1,13.8,2025-07-30
ASY-000229,CPD-00846,ALK,IC50,2237.5,4.2,2025-11-25
ASY-000230,CPD-00464,JAK2,IC50,1326.0,8.0,2026-04-19
ASY-000231,CPD-00156,BRAF_V600E,IC50,0.1,13.2,2025-11-08
ASY-000232,CPD-00293,CDK4_6,IC50,0.1,8.7,2025-09-26
ASY-000233,CPD-00325,KRAS_G12C,IC50,2.3,7.9,2025-05-03
ASY-000234,CPD-00272,ALK,IC50,3.1,3.0,2025-11-21
ASY-000235,CPD-00996,PI3K_alpha,IC50,2.6,,2026-02-23
ASY-000236,CPD-00842,PI3K_alpha,IC50,4759.3,8.6,2025-03-07
ASY-000237,CPD-00017,MET,IC50,175.6,,2025-08-09
ASY-000238,CPD-00097,PI3K_alpha,IC50,0.7,-0.1,2025-12-14
ASY-000239,CPD-00732,BRAF_V600E,IC50,676.6,14.3,2025-05-09
ASY-000240,CPD-00313,CDK4_6,IC50,178.3,14.0,2025-04-16
ASY-000241,CPD-00992,KRAS_G12C,IC50,23.0,,2025-04-18
ASY-000242,CPD-00242,PI3K_alpha,IC50,3776.0,23.4,2026-05-16
ASY-000243,CPD-00126,JAK2,IC50,28173.2,13.9,2025-09-07
ASY-000244,CPD-00328,MET,IC50,68.1,,2025-08-20
ASY-000245,CPD-00452,ALK,IC50,205.6,,2025-02-20
ASY-000246,CPD-00017,CDK4_6,IC50,0.6,9.7,2025-04-01
ASY-000247,CPD-00988,ALK,IC50,21.9,,2025-11-26
ASY-000248,CPD-00494,EGFR,IC50,43.4,12.7,2026-02-10
ASY-000249,CPD-00640,MET,IC50,10094.2,13.5,2025-01-27
ASY-000250,CPD-00998,ALK,IC50,161.9,,2026-01-02
ASY-000251,CPD-00522,MET,IC50,4.3,,2025-09-29
ASY-000252,CPD-00092,ALK,IC50,32.3,4.8,2025-03-22
ASY-000253,CPD-00211,BTK,IC50,226.4,,2025-01-20
ASY-000254,CPD-00538,KRAS_G12C,IC50,0.3,9.2,2025-07-06
ASY-000255,CPD-00039,CDK4_6,IC50,109.7,13.5,2025-07-02
ASY-000256,CPD-00872,BTK,IC50,201.7,13.7,2025-10-08
ASY-000257,CPD-00059,EGFR,IC50,0.3,,2026-05-01
ASY-000258,CPD-00786,JAK2,IC50,35.8,22.5,2026-04-29
ASY-000259,CPD-00831,PI3K_alpha,IC50,52.2,,2026-03-18
ASY-000260,CPD-00475,PI3K_alpha,IC50,35.4,5.5,2025-10-09
ASY-000261,CPD-00874,BTK,IC50,0.4,13.9,2026-03-24
ASY-000262,CPD-00645,EGFR,IC50,19.0,9.3,2026-03-07
ASY-000263,CPD-00363,JAK2,IC50,3.8,11.5,2026-01-10
ASY-000264,CPD-00531,JAK2,IC50,99.0,7.8,2025-09-15
ASY-000265,CPD-00161,EGFR,IC50,30879.1,11.3,2026-02-22
ASY-000266,CPD-00351,MET,IC50,154.9,16.3,2025-04-14
ASY-000267,CPD-00231,EGFR,IC50,0.0,14.6,2025-02-20
ASY-000268,CPD-00967,BTK,IC50,53626.4,19.2,2025-03-23
ASY-000269,CPD-00668,MET,IC50,49.1,,2025-09-20
ASY-000270,CPD-00672,MET,IC50,5.5,15.0,2025-11-28
ASY-000271,CPD-00539,JAK2,IC50,25.1,8.9,2025-03-11
ASY-000272,CPD-00507,CDK4_6,IC50,1327.4,,2025-12-09
ASY-000273,CPD-00489,ALK,IC50,533.6,10.2,2025-12-05
ASY-000274,CPD-00314,BRAF_V600E,IC50,0.2,7.7,2025-10-19
ASY-000275,CPD-00887,CDK4_6,IC50,1024.9,,2025-09-21
ASY-000276,CPD-00825,BTK,IC50,3.2,,2025-12-13
ASY-000277,CPD-00684,BRAF_V600E,IC50,189.7,,2025-07-30
ASY-000278,CPD-00399,EGFR,IC50,194.6,,2025-08-12
ASY-000279,CPD-00819,MET,IC50,365.6,,2025-04-05
ASY-000280,CPD-00104,BTK,IC50,54.1,7.5,2026-04-23
ASY-000281,CPD-00228,BTK,IC50,27.3,,2025-05-06
ASY-000282,CPD-00667,JAK2,IC50,740.1,4.6,2026-03-23
ASY-000283,CPD-00832,KRAS_G12C,IC50,13278.2,,2025-12-09
ASY-000284,CPD-00632,BTK,IC50,51.5,,2025-01-14
ASY-000285,CPD-00369,EGFR,IC50,9.8,11.0,2025-12-11
ASY-000286,CPD-00256,PI3K_alpha,IC50,0.9,16.2,2026-02-26
ASY-000287,CPD-00544,CDK4_6,IC50,6172.5,,2026-03-01
ASY-000288,CPD-00585,BRAF_V600E,IC50,21.7,14.1,2025-01-25
ASY-000289,CPD-00110,JAK2,IC50,73.3,7.4,2026-01-15
ASY-000290,CPD-00214,JAK2,IC50,154.5,4.1,2026-03-30
ASY-000291,CPD-00377,PI3K_alpha,IC50,30.5,,2025-09-02
ASY-000292,CPD-00334,CDK4_6,IC50,7.0,10.1,2025-09-15
ASY-000293,CPD-00586,MET,IC50,182.3,6.4,2025-05-07
ASY-000294,CPD-00916,ALK,IC50,19049.8,,2025-07-01
ASY-000295,CPD-00922,KRAS_G12C,IC50,23.1,,2025-09-07
ASY-000296,CPD-00941,JAK2,IC50,69.3,14.9,2026-03-10
ASY-000297,CPD-00218,MET,IC50,73.5,11.4,2025-01-15
ASY-000298,CPD-00798,BTK,IC50,137.5,,2025-06-07
ASY-000299,CPD-00427,PI3K_alpha,IC50,27.6,15.7,2025-01-03
ASY-000300,CPD-00563,BRAF_V600E,IC50,431.1,8.2,2025-06-05
ASY-000301,CPD-00635,KRAS_G12C,IC50,170.7,9.1,2025-03-13
ASY-000302,CPD-00899,BTK,IC50,4514.8,,2025-03-28
ASY-000303,CPD-00735,KRAS_G12C,IC50,15119.6,4.7,2025-01-29
ASY-000304,CPD-00290,PI3K_alpha,IC50,544.8,,2025-07-08
ASY-000305,CPD-00642,CDK4_6,IC50,273.5,,2026-04-13
ASY-000306,CPD-00172,ALK,IC50,9447.9,15.7,2025-08-25
ASY-000307,CPD-00528,BRAF_V600E,IC50,648144.7,,2025-03-03
ASY-000308,CPD-00459,MET,IC50,1243.7,15.0,2026-01-30
ASY-000309,CPD-00068,BRAF_V600E,IC50,32474.3,,2026-04-13
ASY-000310,CPD-00411,BTK,IC50,633.2,10.8,2025-07-28
ASY-000311,CPD-00420,JAK2,IC50,904901.8,9.7,2026-04-12
ASY-000312,CPD-00214,PI3K_alpha,IC50,6.8,,2025-11-27
ASY-000313,CPD-00731,BTK,IC50,1777.4,,2026-01-30
ASY-000314,CPD-00473,MET,IC50,5.3,10.2,2025-05-12
ASY-000315,CPD-00545,BTK,IC50,537.1,,2025-04-26
ASY-000316,CPD-00200,BRAF_V600E,IC50,35.2,,2025-02-18
ASY-000317,CPD-00109,ALK,IC50,7692.5,4.6,2025-05-12
ASY-000318,CPD-00220,ALK,IC50,166.2,6.6,2025-07-24
ASY-000319,CPD-00608,MET,IC50,2.4,12.4,2025-12-21
ASY-000320,CPD-00043,CDK4_6,IC50,226.9,16.1,2026-03-27
ASY-000321,CPD-00910,BRAF_V600E,IC50,29.3,,2025-05-20
ASY-000322,CPD-00525,MET,IC50,105.5,17.8,2025-08-01
ASY-000323,CPD-00270,MET,IC50,0.4,,2026-02-18
ASY-000324,CPD-00593,PI3K_alpha,IC50,2950.6,17.0,2025-12-06
ASY-000325,CPD-00773,KRAS_G12C,IC50,176.0,14.5,2025-01-17
ASY-000326,CPD-00533,EGFR,IC50,78.9,10.9,2025-12-17
ASY-000327,CPD-00851,CDK4_6,IC50,49.5,6.5,2026-02-27
ASY-000328,CPD-00571,BRAF_V600E,IC50,362.2,12.8,2026-04-23
ASY-000329,CPD-00856,JAK2,IC50,80.7,,2025-10-18
ASY-000330,CPD-00013,PI3K_alpha,IC50,487.1,,2025-10-21
ASY-000331,CPD-00661,CDK4_6,IC50,3.8,20.5,2025-05-16
ASY-000332,CPD-00228,KRAS_G12C,IC50,170487.8,,2026-04-22
ASY-000333,CPD-00467,JAK2,IC50,196.9,0.9,2025-11-18
ASY-000334,CPD-00544,BRAF_V600E,IC50,10.6,,2025-02-01
ASY-000335,CPD-00322,JAK2,IC50,287.2,,2026-04-10
ASY-000336,CPD-00643,KRAS_G12C,IC50,1237.3,3.7,2026-03-27
ASY-000337,CPD-00479,EGFR,IC50,0.5,10.9,2025-08-06
ASY-000338,CPD-00633,EGFR,IC50,28.3,,2026-05-02
ASY-000339,CPD-00442,ALK,IC50,1.6,,2025-06-21
ASY-000340,CPD-00809,JAK2,IC50,155.3,,2026-04-02
ASY-000341,CPD-00456,BRAF_V600E,IC50,259.1,,2026-05-07
ASY-000342,CPD-00796,ALK,IC50,4.1,11.5,2025-10-04
ASY-000343,CPD-00456,EGFR,IC50,660.7,3.0,2025-11-18
ASY-000344,CPD-00033,BRAF_V600E,IC50,8.7,2.2,2026-04-11
ASY-000345,CPD-00295,EGFR,IC50,5.2,11.5,2025-08-18
ASY-000346,CPD-00731,PI3K_alpha,IC50,54.8,,2025-07-30
ASY-000347,CPD-00212,BTK,IC50,1.2,11.9,2025-06-15
ASY-000348,CPD-00301,PI3K_alpha,IC50,25.2,,2026-01-02
ASY-000349,CPD-00528,MET,IC50,313.9,,2026-03-09
ASY-000350,CPD-00446,PI3K_alpha,IC50,23.9,4.0,2025-09-03
ASY-000351,CPD-00210,ALK,IC50,10.0,,2026-03-27
ASY-000352,CPD-00840,BRAF_V600E,IC50,16.0,,2025-05-01
ASY-000353,CPD-00874,PI3K_alpha,IC50,47293.8,,2026-04-02
ASY-000354,CPD-00954,MET,IC50,3.5,11.9,2025-05-25
ASY-000355,CPD-00440,CDK4_6,IC50,7435.0,,2026-01-09
ASY-000356,CPD-00075,BTK,IC50,8.1,5.8,2026-05-06
ASY-000357,CPD-00881,MET,IC50,5.4,10.2,2025-12-16
ASY-000358,CPD-00958,PI3K_alpha,IC50,6.3,,2026-02-10
ASY-000359,CPD-00664,BTK,IC50,5957.4,16.6,2025-09-08
ASY-000360,CPD-00480,MET,IC50,40615.7,,2025-07-02
ASY-000361,CPD-00622,EGFR,IC50,12669.7,,2026-03-28
ASY-000362,CPD-00867,BTK,IC50,2012.5,7.8,2025-04-08
ASY-000363,CPD-00266,MET,IC50,7736.9,15.0,2026-04-29
ASY-000364,CPD-00865,BRAF_V600E,IC50,46.4,11.3,2025-08-31
ASY-000365,CPD-00456,CDK4_6,IC50,24.4,11.3,2025-07-06
ASY-000366,CPD-00123,EGFR,IC50,93758.0,10.7,2026-01-24
ASY-000367,CPD-00865,PI3K_alpha,IC50,690.7,,2025-03-05
ASY-000368,CPD-00399,EGFR,IC50,9.8,,2025-11-04
ASY-000369,CPD-00276,MET,IC50,2.1,,2025-02-18
ASY-000370,CPD-00498,ALK,IC50,830.4,,2025-03-28
ASY-000371,CPD-00764,KRAS_G12C,IC50,82.5,,2025-06-02
ASY-000372,CPD-00020,PI3K_alpha,IC50,4203.2,,2026-02-26
ASY-000373,CPD-00618,KRAS_G12C,IC50,143.1,7.8,2026-02-08
ASY-000374,CPD-00622,CDK4_6,IC50,6285.8,,2026-02-16
ASY-000375,CPD-00058,KRAS_G12C,IC50,264.3,,2025-07-24
ASY-000376,CPD-00737,EGFR,IC50,22652.8,,2025-05-09
ASY-000377,CPD-00992,PI3K_alpha,IC50,1.2,,2025-12-15
ASY-000378,CPD-00675,BTK,IC50,78301.4,5.7,2025-04-08
ASY-000379,CPD-00610,PI3K_alpha,IC50,2.6,,2025-10-02
ASY-000380,CPD-00841,BTK,IC50,0.3,,2025-07-29
ASY-000381,CPD-00607,ALK,IC50,275.9,8.9,2025-11-25
ASY-000382,CPD-00471,PI3K_alpha,IC50,413.5,,2025-05-15
ASY-000383,CPD-00157,EGFR,IC50,832.7,,2025-04-17
ASY-000384,CPD-00626,BTK,IC50,42.3,,2026-01-17
ASY-000385,CPD-00072,CDK4_6,IC50,2.3,,2025-09-16
ASY-000386,CPD-00559,KRAS_G12C,IC50,289.2,15.1,2025-04-24
ASY-000387,CPD-00492,BTK,IC50,27104.8,,2026-05-08
ASY-000388,CPD-00830,EGFR,IC50,947.9,,2025-11-12
ASY-000389,CPD-00787,ALK,IC50,81.2,8.3,2025-11-09
ASY-000390,CPD-00482,BRAF_V600E,IC50,39326.8,18.1,2025-11-07
ASY-000391,CPD-00808,BRAF_V600E,IC50,134.0,9.2,2025-07-25
ASY-000392,CPD-00479,CDK4_6,IC50,80.2,8.8,2025-11-25
ASY-000393,CPD-00640,BRAF_V600E,IC50,28.7,,2026-03-01
ASY-000394,CPD-00571,EGFR,IC50,3941.6,9.4,2025-06-17
ASY-000395,CPD-00367,JAK2,IC50,9.2,,2025-10-30
ASY-000396,CPD-00775,ALK,IC50,0.5,8.2,2025-08-27
ASY-000397,CPD-00780,CDK4_6,IC50,85446.6,,2025-01-30
ASY-000398,CPD-00460,CDK4_6,IC50,0.1,12.9,2026-03-21
ASY-000399,CPD-00641,MET,IC50,3221.7,0.6,2025-03-16
ASY-000400,CPD-00607,PI3K_alpha,IC50,0.0,8.9,2025-01-18
ASY-000401,CPD-00829,KRAS_G12C,IC50,18.0,,2026-01-13
ASY-000402,CPD-00097,CDK4_6,IC50,2.4,11.6,2026-03-28
ASY-000403,CPD-00126,ALK,IC50,10.3,,2025-03-12
ASY-000404,CPD-00264,EGFR,IC50,33.3,2.5,2026-01-08
ASY-000405,CPD-00311,MET,IC50,0.7,,2025-09-14
ASY-000406,CPD-00940,ALK,IC50,8.2,,2026-04-10
ASY-000407,CPD-00016,BRAF_V600E,IC50,12.4,5.7,2025-12-23
ASY-000408,CPD-00499,BTK,IC50,51.2,4.4,2025-03-06
ASY-000409,CPD-00296,BRAF_V600E,IC50,360.0,4.0,2025-04-10
ASY-000410,CPD-00024,PI3K_alpha,IC50,75.4,0.8,2025-11-07
ASY-000411,CPD-00909,MET,IC50,22.8,,2025-02-12
ASY-000412,CPD-00232,PI3K_alpha,IC50,650.7,4.6,2025-10-07
ASY-000413,CPD-00117,KRAS_G12C,IC50,24.2,,2025-12-11
ASY-000414,CPD-00646,ALK,IC50,9164.0,7.4,2025-11-15
ASY-000415,CPD-00833,JAK2,IC50,97.1,,2025-02-01
ASY-000416,CPD-00431,MET,IC50,13.2,,2026-04-06
ASY-000417,CPD-00952,PI3K_alpha,IC50,158.0,9.1,2025-08-26
ASY-000418,CPD-00260,ALK,IC50,328.9,,2025-04-08
ASY-000419,CPD-00552,CDK4_6,IC50,4.9,10.1,2026-03-01
ASY-000420,CPD-00638,CDK4_6,IC50,215.4,9.8,2025-10-16
ASY-000421,CPD-00110,MET,IC50,312.1,10.5,2025-10-15
ASY-000422,CPD-00276,BRAF_V600E,IC50,2621.1,,2025-04-23
ASY-000423,CPD-00040,CDK4_6,IC50,35.3,1.7,2025-03-30
ASY-000424,CPD-00287,CDK4_6,IC50,231842.9,9.4,2026-03-26
ASY-000425,CPD-00073,EGFR,IC50,258.3,18.1,2026-03-10
ASY-000426,CPD-00394,JAK2,IC50,0.9,4.1,2025-03-20
ASY-000427,CPD-00157,EGFR,IC50,96.9,,2025-05-11
ASY-000428,CPD-00128,KRAS_G12C,IC50,58.3,3.5,2025-03-02
ASY-000429,CPD-00123,KRAS_G12C,IC50,0.2,,2026-03-13
ASY-000430,CPD-00896,BTK,IC50,8.4,,2025-11-12
ASY-000431,CPD-00471,EGFR,IC50,214.7,2.7,2025-08-06
ASY-000432,CPD-00464,PI3K_alpha,IC50,0.4,,2026-03-19
ASY-000433,CPD-00973,BRAF_V600E,IC50,44.1,,2025-01-29
ASY-000434,CPD-00204,BTK,IC50,33.8,,2026-03-22
ASY-000435,CPD-00088,ALK,IC50,1.2,,2025-01-21
ASY-000436,CPD-00806,EGFR,IC50,37.4,9.1,2025-04-23
ASY-000437,CPD-00819,PI3K_alpha,IC50,138.1,,2025-08-23
ASY-000438,CPD-00830,BTK,IC50,484.1,7.1,2026-04-29
ASY-000439,CPD-00192,EGFR,IC50,704.7,,2025-01-03
ASY-000440,CPD-00409,CDK4_6,IC50,37.6,,2025-07-11
ASY-000441,CPD-00615,BRAF_V600E,IC50,317.9,6.3,2025-04-29
ASY-000442,CPD-00945,MET,IC50,1.4,,2025-01-01
ASY-000443,CPD-00297,PI3K_alpha,IC50,58.1,,2026-01-07
ASY-000444,CPD-00867,KRAS_G12C,IC50,1088.7,2.5,2025-12-29
ASY-000445,CPD-00953,BTK,IC50,15.5,,2026-02-15
ASY-000446,CPD-00950,ALK,IC50,1.0,12.4,2026-03-29
ASY-000447,CPD-00041,EGFR,IC50,5.9,3.5,2025-07-03
ASY-000448,CPD-00379,PI3K_alpha,IC50,440.4,18.7,2026-01-04
ASY-000449,CPD-00945,PI3K_alpha,IC50,0.5,,2025-07-09
ASY-000450,CPD-00563,BTK,IC50,13.2,,2025-04-06
ASY-000451,CPD-00777,BRAF_V600E,IC50,41.4,,2025-01-03
ASY-000452,CPD-00360,JAK2,IC50,15.7,8.2,2025-05-31
ASY-000453,CPD-00935,BTK,IC50,54.4,5.6,2025-05-12
ASY-000454,CPD-00516,BRAF_V600E,IC50,18978.6,7.5,2025-06-25
ASY-000455,CPD-00445,ALK,IC50,562.5,14.2,2026-01-14
ASY-000456,CPD-00005,BRAF_V600E,IC50,0.1,,2025-03-31
ASY-000457,CPD-00381,EGFR,IC50,3.1,12.4,2025-06-20
ASY-000458,CPD-00781,EGFR,IC50,1.8,7.5,2025-07-29
ASY-000459,CPD-00542,MET,IC50,152.6,10.6,2025-02-04
ASY-000460,CPD-00145,EGFR,IC50,68.2,12.2,2025-01-12
ASY-000461,CPD-00775,BTK,IC50,22.3,12.1,2026-04-16
ASY-000462,CPD-00103,KRAS_G12C,IC50,105.3,12.6,2025-06-15
ASY-000463,CPD-00353,BRAF_V600E,IC50,2516.6,,2025-03-29
ASY-000464,CPD-00448,MET,IC50,174.6,,2025-09-10
ASY-000465,CPD-00550,KRAS_G12C,IC50,142.0,14.1,2025-04-25
ASY-000466,CPD-00808,BTK,IC50,57.8,5.2,2025-11-21
ASY-000467,CPD-00597,BTK,IC50,480.2,4.9,2025-01-20
ASY-000468,CPD-00366,BRAF_V600E,IC50,3.8,13.8,2025-08-07
ASY-000469,CPD-00489,JAK2,IC50,0.2,,2025-01-22
ASY-000470,CPD-00216,MET,IC50,2887.1,,2026-05-02
ASY-000471,CPD-00351,PI3K_alpha,IC50,341.9,13.4,2025-08-08
ASY-000472,CPD-00516,BTK,IC50,4973.9,,2025-04-19
ASY-000473,CPD-00657,KRAS_G12C,IC50,1966.8,5.5,2025-11-03
ASY-000474,CPD-00081,CDK4_6,IC50,776.1,,2025-10-01
ASY-000475,CPD-00779,BTK,IC50,157.0,3.8,2025-11-28
ASY-000476,CPD-00420,BTK,IC50,48.8,,2025-03-08
ASY-000477,CPD-00053,CDK4_6,IC50,733.7,,2026-01-11
ASY-000478,CPD-00977,KRAS_G12C,IC50,390.5,8.8,2026-02-01
ASY-000479,CPD-00343,EGFR,IC50,137.8,,2026-01-16
ASY-000480,CPD-00969,PI3K_alpha,IC50,871.7,6.6,2025-09-12
ASY-000481,CPD-00789,KRAS_G12C,IC50,581.9,,2025-09-23
ASY-000482,CPD-00712,MET,IC50,0.2,2.5,2025-05-29
ASY-000483,CPD-00972,JAK2,IC50,1182.5,11.8,2025-10-27
ASY-000484,CPD-00403,PI3K_alpha,IC50,140.9,12.3,2025-09-11
ASY-000485,CPD-00073,BTK,IC50,930.2,,2025-05-24
ASY-000486,CPD-00973,PI3K_alpha,IC50,5604.8,,2025-07-17
ASY-000487,CPD-00788,JAK2,IC50,1677.4,,2025-04-02
ASY-000488,CPD-00707,ALK,IC50,4.3,,2025-10-09
ASY-000489,CPD-00645,BRAF_V600E,IC50,299.9,,2025-09-28
ASY-000490,CPD-00887,EGFR,IC50,630.5,7.7,2025-07-30
ASY-000491,CPD-00335,MET,IC50,32167.5,,2026-04-01
ASY-000492,CPD-00967,BRAF_V600E,IC50,141.7,,2025-01-01
ASY-000493,CPD-00409,BTK,IC50,11.2,15.7,2025-12-03
ASY-000494,CPD-00353,ALK,IC50,2609.0,10.9,2025-12-03
ASY-000495,CPD-00295,CDK4_6,IC50,16.9,,2025-11-20
ASY-000496,CPD-00248,EGFR,IC50,0.7,,2025-10-07
ASY-000497,CPD-00686,BRAF_V600E,IC50,743.2,12.0,2026-01-28
ASY-000498,CPD-00547,KRAS_G12C,IC50,148.4,6.8,2025-02-15
ASY-000499,CPD-00544,CDK4_6,IC50,14090.5,8.4,2025-03-28
ASY-000500,CPD-00071,MET,IC50,25.0,,2025-05-12
ASY-000501,CPD-00424,BRAF_V600E,IC50,1.4,,2025-04-27
ASY-000502,CPD-00082,BTK,IC50,0.9,,2025-09-16
ASY-000503,CPD-00988,BRAF_V600E,IC50,1958.6,,2025-07-04
ASY-000504,CPD-00917,BRAF_V600E,IC50,1.9,,2025-12-14
ASY-000505,CPD-00323,JAK2,IC50,8495.0,,2025-03-16
ASY-000506,CPD-00956,BRAF_V600E,IC50,10273.6,7.4,2025-02-06
ASY-000507,CPD-00881,MET,IC50,2870.5,11.9,2025-04-27
ASY-000508,CPD-00563,MET,IC50,7.4,14.4,2026-05-08
ASY-000509,CPD-00695,JAK2,IC50,0.1,11.9,2026-03-09
ASY-000510,CPD-00359,BTK,IC50,198.8,,2026-04-06
ASY-000511,CPD-00153,MET,IC50,42.2,,2025-11-23
ASY-000512,CPD-00334,BRAF_V600E,IC50,164.0,,2025-07-23
ASY-000513,CPD-00269,PI3K_alpha,IC50,104839.3,,2026-02-20
ASY-000514,CPD-00840,JAK2,IC50,0.2,,2026-01-08
ASY-000515,CPD-00709,PI3K_alpha,IC50,744.1,12.5,2025-06-25
ASY-000516,CPD-00977,KRAS_G12C,IC50,32.5,,2025-03-29
ASY-000517,CPD-00629,EGFR,IC50,0.4,,2025-12-18
ASY-000518,CPD-00585,ALK,IC50,628.1,,2025-02-03
ASY-000519,CPD-00367,BRAF_V600E,IC50,31.1,,2026-02-02
ASY-000520,CPD-00312,JAK2,IC50,2340.0,,2025-10-09
ASY-000521,CPD-00653,CDK4_6,IC50,44.7,,2025-10-04
ASY-000522,CPD-00584,JAK2,IC50,29.5,12.4,2026-02-22
ASY-000523,CPD-00814,BRAF_V600E,IC50,95.9,,2025-07-06
ASY-000524,CPD-00047,EGFR,IC50,54.5,,2026-03-17
ASY-000525,CPD-00168,CDK4_6,IC50,2.7,8.8,2025-01-27
ASY-000526,CPD-00303,PI3K_alpha,IC50,7.2,7.5,2025-05-13
ASY-000527,CPD-00437,CDK4_6,IC50,10.7,5.9,2025-02-25
ASY-000528,CPD-00318,JAK2,IC50,2159.5,13.1,2025-06-26
ASY-000529,CPD-00365,JAK2,IC50,1.8,2.8,2025-11-28
ASY-000530,CPD-00077,CDK4_6,IC50,23.6,7.9,2026-03-16
ASY-000531,CPD-00753,PI3K_alpha,IC50,171.7,,2026-01-18
ASY-000532,CPD-00235,KRAS_G12C,IC50,229.3,,2026-02-06
ASY-000533,CPD-00285,MET,IC50,36.3,6.0,2025-12-15
ASY-000534,CPD-00922,CDK4_6,IC50,31.6,,2025-10-10
ASY-000535,CPD-00972,BRAF_V600E,IC50,1.4,,2025-09-10
ASY-000536,CPD-00311,KRAS_G12C,IC50,118.1,10.6,2025-02-21
ASY-000537,CPD-00252,JAK2,IC50,1135.2,11.0,2025-04-11
ASY-000538,CPD-00597,EGFR,IC50,46.3,,2025-09-27
ASY-000539,CPD-00303,CDK4_6,IC50,6.8,9.3,2025-12-07
ASY-000540,CPD-00094,BTK,IC50,0.2,,2026-01-24
ASY-000541,CPD-00276,CDK4_6,IC50,201.4,,2025-09-25
ASY-000542,CPD-00356,MET,IC50,22.1,,2025-09-24
ASY-000543,CPD-00556,JAK2,IC50,865.8,,2025-02-03
ASY-000544,CPD-00023,PI3K_alpha,IC50,791.9,,2025-04-24
ASY-000545,CPD-00979,BTK,IC50,1.2,8.2,2026-01-27
ASY-000546,CPD-00042,PI3K_alpha,IC50,5.9,,2025-09-11
ASY-000547,CPD-00404,JAK2,IC50,1877.9,,2025-02-15
ASY-000548,CPD-00929,JAK2,IC50,170.1,,2026-03-20
ASY-000549,CPD-00732,JAK2,IC50,69.5,,2025-01-25
ASY-000550,CPD-00942,KRAS_G12C,IC50,45.0,,2025-11-28
ASY-000551,CPD-00038,BTK,IC50,0.0,,2026-02-13
ASY-000552,CPD-00184,KRAS_G12C,IC50,45.8,8.0,2025-09-08
ASY-000553,CPD-00372,BRAF_V600E,IC50,242.3,9.7,2025-09-20
ASY-000554,CPD-00797,BTK,IC50,477.0,12.1,2025-01-31
ASY-000555,CPD-00205,ALK,IC50,0.1,,2025-11-03
ASY-000556,CPD-00430,BRAF_V600E,IC50,1.1,7.6,2025-03-28
ASY-000557,CPD-00568,JAK2,IC50,1142.9,,2025-08-14
ASY-000558,CPD-00540,KRAS_G12C,IC50,232.7,13.9,2026-05-01
ASY-000559,CPD-00386,JAK2,IC50,13.1,11.8,2025-12-20
ASY-000560,CPD-00805,KRAS_G12C,IC50,0.2,13.9,2025-06-02
ASY-000561,CPD-00715,CDK4_6,IC50,104.3,,2025-12-18
ASY-000562,CPD-00504,MET,IC50,568.6,,2026-02-28
ASY-000563,CPD-00360,KRAS_G12C,IC50,3252.9,,2025-08-03
ASY-000564,CPD-00147,JAK2,IC50,3.2,,2026-01-10
ASY-000565,CPD-00269,JAK2,IC50,36.0,,2025-11-14
ASY-000566,CPD-00185,EGFR,IC50,587.1,,2026-01-16
ASY-000567,CPD-00530,KRAS_G12C,IC50,3415.9,,2026-04-09
ASY-000568,CPD-00278,ALK,IC50,216.2,,2025-09-03
ASY-000569,CPD-00932,EGFR,IC50,163.8,5.0,2025-05-09
ASY-000570,CPD-00625,CDK4_6,IC50,3586.9,2.1,2025-08-13
ASY-000571,CPD-00217,JAK2,IC50,2895.1,,2025-01-27
ASY-000572,CPD-00208,ALK,IC50,2063.9,,2025-02-15
ASY-000573,CPD-00469,KRAS_G12C,IC50,62.0,15.0,2026-05-08
ASY-000574,CPD-00159,EGFR,IC50,285.7,11.5,2026-03-23
ASY-000575,CPD-00114,PI3K_alpha,IC50,5.0,,2026-03-26
ASY-000576,CPD-00561,MET,IC50,54.4,,2025-06-18
ASY-000577,CPD-00254,BTK,IC50,5071.2,-2.5,2025-07-09
ASY-000578,CPD-00462,EGFR,IC50,598.8,10.8,2026-01-25
ASY-000579,CPD-00594,MET,IC50,1276.3,4.5,2025-03-10
ASY-000580,CPD-00276,ALK,IC50,2.8,,2025-08-12
ASY-000581,CPD-00471,BRAF_V600E,IC50,35.6,,2025-01-05
ASY-000582,CPD-00531,CDK4_6,IC50,112.2,,2026-02-13
ASY-000583,CPD-00119,BTK,IC50,10296.8,,2025-03-24
ASY-000584,CPD-00289,MET,IC50,0.1,14.8,2026-02-15
ASY-000585,CPD-00477,MET,IC50,2.5,7.3,2025-02-07
ASY-000586,CPD-00066,BTK,IC50,38.1,,2025-07-15
ASY-000587,CPD-00652,EGFR,IC50,812.3,,2026-01-03
ASY-000588,CPD-00933,PI3K_alpha,IC50,2.1,,2025-02-23
ASY-000589,CPD-00712,KRAS_G12C,IC50,8.1,4.3,2025-08-13
ASY-000590,CPD-00818,BTK,IC50,355714.2,10.7,2025-08-05
ASY-000591,CPD-00694,BRAF_V600E,IC50,27.9,10.4,2025-01-15
ASY-000592,CPD-00816,EGFR,IC50,306.9,,2025-12-07
ASY-000593,CPD-00790,MET,IC50,13.8,2.9,2026-05-16
ASY-000594,CPD-00790,JAK2,IC50,10.9,6.9,2025-06-03
ASY-000595,CPD-00188,PI3K_alpha,IC50,0.8,,2025-01-22
ASY-000596,CPD-00549,JAK2,IC50,22.0,,2025-05-01
ASY-000597,CPD-00797,ALK,IC50,10.1,8.3,2026-04-20
ASY-000598,CPD-00891,KRAS_G12C,IC50,0.8,5.8,2025-01-27
ASY-000599,CPD-00191,BTK,IC50,74.0,16.0,2025-09-22
ASY-000600,CPD-00941,CDK4_6,IC50,689.2,1.0,2025-04-13
ASY-000601,CPD-00492,PI3K_alpha,IC50,18.6,,2025-05-26
ASY-000602,CPD-00347,ALK,IC50,0.5,10.2,2025-08-10
ASY-000603,CPD-00771,MET,IC50,7.8,11.3,2025-10-14
ASY-000604,CPD-00181,KRAS_G12C,IC50,3.7,,2025-06-02
ASY-000605,CPD-00257,ALK,IC50,6707.5,15.8,2025-11-06
ASY-000606,CPD-00679,KRAS_G12C,IC50,0.0,15.4,2026-03-09
ASY-000607,CPD-00165,CDK4_6,IC50,70.0,12.4,2025-05-01
ASY-000608,CPD-00642,ALK,IC50,22.1,,2025-03-29
ASY-000609,CPD-00933,BRAF_V600E,IC50,105025.3,7.3,2025-12-14
ASY-000610,CPD-00156,EGFR,IC50,0.3,11.6,2025-06-23
ASY-000611,CPD-00349,CDK4_6,IC50,200.7,12.9,2025-11-13
ASY-000612,CPD-00160,MET,IC50,219.9,6.8,2026-05-16
ASY-000613,CPD-00591,JAK2,IC50,130.8,,2025-07-07
ASY-000614,CPD-00781,PI3K_alpha,IC50,9.0,11.4,2025-06-20
ASY-000615,CPD-00160,KRAS_G12C,IC50,5.7,7.7,2026-01-22
ASY-000616,CPD-00367,ALK,IC50,1123.0,5.4,2025-06-16
ASY-000617,CPD-00420,EGFR,IC50,62.4,,2025-01-19
ASY-000618,CPD-00335,BRAF_V600E,IC50,0.8,7.4,2025-03-22
ASY-000619,CPD-00095,KRAS_G12C,IC50,32.0,10.6,2026-03-15
ASY-000620,CPD-00707,EGFR,IC50,22.8,13.6,2026-01-24
ASY-000621,CPD-00457,BRAF_V600E,IC50,13.0,4.8,2025-12-07
ASY-000622,CPD-00197,PI3K_alpha,IC50,1121.9,5.9,2026-04-18
ASY-000623,CPD-00845,ALK,IC50,15491.2,,2025-12-28
ASY-000624,CPD-00667,PI3K_alpha,IC50,3.9,4.8,2025-05-17
ASY-000625,CPD-00298,MET,IC50,329.6,,2026-01-02
ASY-000626,CPD-00818,PI3K_alpha,IC50,52.8,12.3,2026-01-31
ASY-000627,CPD-00416,KRAS_G12C,IC50,499.3,,2025-06-11
ASY-000628,CPD-00146,KRAS_G12C,IC50,0.6,10.6,2025-02-01
ASY-000629,CPD-00138,EGFR,IC50,15.2,9.6,2025-09-11
ASY-000630,CPD-00256,BTK,IC50,68.7,13.9,2025-03-27
ASY-000631,CPD-00677,JAK2,IC50,0.2,,2026-04-06
ASY-000632,CPD-00263,BRAF_V600E,IC50,1015.9,8.1,2025-01-08
ASY-000633,CPD-00212,PI3K_alpha,IC50,404.0,7.4,2025-01-10
ASY-000634,CPD-00903,ALK,IC50,372.0,20.7,2025-01-21
ASY-000635,CPD-00724,BRAF_V600E,IC50,1111.5,,2025-07-27
ASY-000636,CPD-00894,BTK,IC50,393.4,,2025-02-25
ASY-000637,CPD-00340,KRAS_G12C,IC50,3.3,15.8,2025-09-16
ASY-000638,CPD-00982,PI3K_alpha,IC50,107.0,,2025-07-27
ASY-000639,CPD-00195,BRAF_V600E,IC50,1.6,,2026-04-27
ASY-000640,CPD-00921,MET,IC50,1161.5,,2026-01-30
ASY-000641,CPD-00061,EGFR,IC50,282.9,8.1,2026-02-13
ASY-000642,CPD-00135,ALK,IC50,28.9,12.0,2025-04-14
ASY-000643,CPD-00193,BTK,IC50,63.6,,2025-07-16
ASY-000644,CPD-00364,EGFR,IC50,14.8,,2026-01-08
ASY-000645,CPD-00500,ALK,IC50,12.1,3.6,2025-11-09
ASY-000646,CPD-00464,JAK2,IC50,135.7,1.4,2026-01-26
ASY-000647,CPD-00684,CDK4_6,IC50,7219.8,8.3,2025-11-26
ASY-000648,CPD-00097,ALK,IC50,16.3,,2025-07-21
ASY-000649,CPD-00297,JAK2,IC50,244.5,11.3,2025-04-13
ASY-000650,CPD-00459,BRAF_V600E,IC50,314976.6,12.2,2025-02-25
ASY-000651,CPD-00423,CDK4_6,IC50,184.6,,2026-05-03
ASY-000652,CPD-00573,JAK2,IC50,120.5,10.7,2025-03-20
ASY-000653,CPD-00121,BTK,IC50,71.0,12.0,2025-11-06
ASY-000654,CPD-00570,KRAS_G12C,IC50,220.9,11.3,2025-06-21
ASY-000655,CPD-00359,EGFR,IC50,1.2,2.2,2025-04-12
ASY-000656,CPD-00173,MET,IC50,199.2,5.1,2025-08-30
ASY-000657,CPD-00408,EGFR,IC50,14519.8,11.2,2025-02-17
ASY-000658,CPD-00638,CDK4_6,IC50,201.1,,2025-07-08
ASY-000659,CPD-00332,EGFR,IC50,49.3,9.2,2025-04-26
ASY-000660,CPD-00240,ALK,IC50,172.1,-0.9,2025-08-15
ASY-000661,CPD-00130,JAK2,IC50,152.6,,2026-05-06
ASY-000662,CPD-00951,PI3K_alpha,IC50,4658.6,,2025-09-14
ASY-000663,CPD-00100,JAK2,IC50,1789.3,11.7,2025-05-20
ASY-000664,CPD-00575,ALK,IC50,215.4,,2026-03-15
ASY-000665,CPD-00498,JAK2,IC50,144.0,13.8,2025-06-16
ASY-000666,CPD-00157,EGFR,IC50,279.2,7.0,2025-08-05
ASY-000667,CPD-00624,PI3K_alpha,IC50,7127.3,14.5,2025-09-14
ASY-000668,CPD-00136,BTK,IC50,1.0,,2025-10-02
ASY-000669,CPD-00173,MET,IC50,13972.4,13.2,2025-01-11
ASY-000670,CPD-00180,BTK,IC50,778.9,,2025-06-08
ASY-000671,CPD-00550,PI3K_alpha,IC50,2058.9,6.1,2026-01-19
ASY-000672,CPD-00444,PI3K_alpha,IC50,4331.6,,2025-02-12
ASY-000673,CPD-00694,KRAS_G12C,IC50,24.7,,2025-07-11
ASY-000674,CPD-00956,JAK2,IC50,12337.3,11.4,2025-09-21
ASY-000675,CPD-00555,KRAS_G12C,IC50,5150.7,,2025-03-23
ASY-000676,CPD-00343,MET,IC50,38339.7,,2025-05-15
ASY-000677,CPD-00345,MET,IC50,697.3,,2025-04-14
ASY-000678,CPD-00012,PI3K_alpha,IC50,4.2,,2025-06-26
ASY-000679,CPD-00995,JAK2,IC50,172.2,5.0,2025-10-05
ASY-000680,CPD-00753,JAK2,IC50,1.7,-2.9,2026-02-12
ASY-000681,CPD-00125,BRAF_V600E,IC50,54.4,,2025-08-30
ASY-000682,CPD-00735,BTK,IC50,6615.7,,2026-05-02
ASY-000683,CPD-00899,BTK,IC50,32.4,10.4,2025-10-09
ASY-000684,CPD-00600,ALK,IC50,60.5,10.5,2025-05-02
ASY-000685,CPD-00375,CDK4_6,IC50,109.1,,2025-04-15
ASY-000686,CPD-00095,JAK2,IC50,1.7,8.2,2025-04-22
ASY-000687,CPD-00310,BTK,IC50,588.3,,2026-01-03
ASY-000688,CPD-00073,BRAF_V600E,IC50,2.4,,2025-06-12
ASY-000689,CPD-00944,MET,IC50,19.8,12.1,2026-02-23
ASY-000690,CPD-00245,CDK4_6,IC50,1092.9,,2025-07-22
ASY-000691,CPD-00580,ALK,IC50,818.7,7.0,2026-01-30
ASY-000692,CPD-00448,EGFR,IC50,1635.0,-0.0,2025-08-12
ASY-000693,CPD-00448,ALK,IC50,188.4,,2025-02-16
ASY-000694,CPD-00419,JAK2,IC50,16346.4,,2025-07-29
ASY-000695,CPD-00159,ALK,IC50,1354.5,,2025-12-26
ASY-000696,CPD-00050,BRAF_V600E,IC50,0.8,9.2,2025-04-07
ASY-000697,CPD-00918,MET,IC50,7.2,15.5,2025-11-20
ASY-000698,CPD-00942,ALK,IC50,424.7,,2026-03-27
ASY-000699,CPD-00929,PI3K_alpha,IC50,7.7,8.8,2025-12-05
ASY-000700,CPD-00747,CDK4_6,IC50,0.8,,2025-03-04
ASY-000701,CPD-00292,BRAF_V600E,IC50,121.9,6.8,2025-10-19
ASY-000702,CPD-00839,PI3K_alpha,IC50,256.8,9.3,2025-02-23
ASY-000703,CPD-00487,MET,IC50,0.2,7.5,2025-03-09
ASY-000704,CPD-00170,EGFR,IC50,0.0,,2025-09-20
ASY-000705,CPD-00189,BTK,IC50,32202.6,,2026-04-21
ASY-000706,CPD-00204,PI3K_alpha,IC50,34.0,11.7,2026-02-01
ASY-000707,CPD-00986,CDK4_6,IC50,424.0,,2026-05-10
ASY-000708,CPD-00940,ALK,IC50,21.3,4.6,2025-01-02
ASY-000709,CPD-00271,BTK,IC50,153.7,,2025-02-11
ASY-000710,CPD-00315,BRAF_V600E,IC50,3020.8,-0.2,2025-04-26
ASY-000711,CPD-00703,KRAS_G12C,IC50,60.5,,2026-01-20
ASY-000712,CPD-00214,ALK,IC50,17285.4,9.4,2025-09-05
ASY-000713,CPD-00430,JAK2,IC50,2240.1,13.0,2026-01-24
ASY-000714,CPD-00371,KRAS_G12C,IC50,637.4,14.6,2025-12-16
ASY-000715,CPD-00912,JAK2,IC50,6045.0,17.3,2025-11-07
ASY-000716,CPD-00180,EGFR,IC50,1.1,12.6,2025-07-05
ASY-000717,CPD-00693,MET,IC50,2809.6,,2025-07-29
ASY-000718,CPD-00126,MET,IC50,17.8,15.6,2026-05-13
ASY-000719,CPD-00388,BRAF_V600E,IC50,8.5,,2025-11-28
ASY-000720,CPD-00890,MET,IC50,294.0,,2025-12-14
ASY-000721,CPD-00085,MET,IC50,482.1,,2025-06-29
ASY-000722,CPD-00153,ALK,IC50,16.7,8.3,2025-02-08
ASY-000723,CPD-00271,MET,IC50,188.6,,2026-01-15
ASY-000724,CPD-00755,PI3K_alpha,IC50,44.7,13.6,2026-03-08
ASY-000725,CPD-00509,KRAS_G12C,IC50,124.5,,2026-05-16
ASY-000726,CPD-00949,CDK4_6,IC50,1.7,14.2,2025-06-26
ASY-000727,CPD-00026,BTK,IC50,6241.8,,2025-10-07
ASY-000728,CPD-00573,BTK,IC50,20585.1,,2025-04-13
ASY-000729,CPD-00078,PI3K_alpha,IC50,0.2,,2026-04-19
ASY-000730,CPD-00948,JAK2,IC50,78971.7,,2025-04-29
ASY-000731,CPD-00894,BRAF_V600E,IC50,21.6,13.1,2026-01-26
ASY-000732,CPD-00296,ALK,IC50,7.9,,2026-03-21
ASY-000733,CPD-00227,JAK2,IC50,0.9,,2025-09-16
ASY-000734,CPD-00254,BRAF_V600E,IC50,9.6,,2025-03-18
ASY-000735,CPD-00236,ALK,IC50,146.8,,2025-04-14
ASY-000736,CPD-00490,CDK4_6,IC50,66.6,10.7,2026-04-17
ASY-000737,CPD-00468,MET,IC50,6722.6,12.6,2025-09-10
ASY-000738,CPD-00285,ALK,IC50,0.3,7.8,2026-05-09
ASY-000739,CPD-00080,ALK,IC50,120.3,3.8,2025-04-14
ASY-000740,CPD-00977,BTK,IC50,2859.8,9.5,2025-10-05
ASY-000741,CPD-00083,KRAS_G12C,IC50,8.0,,2025-04-20
ASY-000742,CPD-00153,PI3K_alpha,IC50,65449.7,,2025-08-02
ASY-000743,CPD-00184,EGFR,IC50,981.8,-0.6,2025-04-02
ASY-000744,CPD-00515,BTK,IC50,4143.7,,2025-09-17
ASY-000745,CPD-00737,CDK4_6,IC50,41.8,,2026-04-16
ASY-000746,CPD-00087,KRAS_G12C,IC50,7.2,12.3,2025-10-01
ASY-000747,CPD-00763,JAK2,IC50,7.4,,2025-01-26
ASY-000748,CPD-00765,ALK,IC50,57.3,,2025-08-01
ASY-000749,CPD-00586,KRAS_G12C,IC50,31551.2,2.6,2025-05-18
ASY-000750,CPD-00748,BRAF_V600E,IC50,25.6,6.2,2025-07-30
ASY-000751,CPD-00285,MET,IC50,48549.4,11.9,2025-04-08
ASY-000752,CPD-00034,JAK2,IC50,0.5,,2026-03-22
ASY-000753,CPD-00295,BTK,IC50,194.3,,2026-04-01
ASY-000754,CPD-00814,BRAF_V600E,IC50,1.7,9.7,2025-11-18
ASY-000755,CPD-00665,CDK4_6,IC50,0.1,,2025-04-20
ASY-000756,CPD-00064,ALK,IC50,0.1,9.5,2026-03-17
ASY-000757,CPD-00574,EGFR,IC50,21997.0,13.1,2025-10-12
ASY-000758,CPD-00887,BRAF_V600E,IC50,0.3,7.7,2025-12-14
ASY-000759,CPD-00355,EGFR,IC50,16.1,,2026-01-29
ASY-000760,CPD-00737,BRAF_V600E,IC50,458.4,20.0,2025-04-13
ASY-000761,CPD-00134,BTK,IC50,440.8,14.6,2026-03-26
ASY-000762,CPD-00118,PI3K_alpha,IC50,210.8,,2025-04-29
ASY-000763,CPD-00901,BTK,IC50,4.2,,2025-08-10
ASY-000764,CPD-00705,PI3K_alpha,IC50,257.6,6.0,2025-12-29
ASY-000765,CPD-00026,BRAF_V600E,IC50,2557.4,,2026-05-01
ASY-000766,CPD-00991,KRAS_G12C,IC50,34.2,,2025-07-17
ASY-000767,CPD-00608,ALK,IC50,2008.0,11.1,2025-11-26
ASY-000768,CPD-00089,CDK4_6,IC50,15840.7,9.6,2025-08-30
ASY-000769,CPD-00145,EGFR,IC50,320.1,13.3,2025-01-19
ASY-000770,CPD-00933,BTK,IC50,0.4,,2025-09-11
ASY-000771,CPD-00271,JAK2,IC50,17.8,,2025-06-06
ASY-000772,CPD-00738,EGFR,IC50,0.0,17.7,2026-05-02
ASY-000773,CPD-00055,KRAS_G12C,IC50,12.0,21.3,2026-04-23
ASY-000774,CPD-00532,PI3K_alpha,IC50,4.3,,2026-02-07
ASY-000775,CPD-00173,MET,IC50,1367.6,8.1,2026-01-20
ASY-000776,CPD-00179,EGFR,IC50,1.8,9.6,2025-03-10
ASY-000777,CPD-00983,PI3K_alpha,IC50,19.0,,2025-10-26
ASY-000778,CPD-00380,EGFR,IC50,26834.6,,2026-03-27
ASY-000779,CPD-00581,BTK,IC50,4302.1,4.8,2025-12-10
ASY-000780,CPD-00479,MET,IC50,4663.7,,2025-10-18
ASY-000781,CPD-00397,CDK4_6,IC50,92.5,,2026-02-01
ASY-000782,CPD-00788,JAK2,IC50,4.9,10.7,2025-05-24
ASY-000783,CPD-00280,BTK,IC50,19.3,,2025-04-05
ASY-000784,CPD-00026,JAK2,IC50,2.8,,2025-11-26
ASY-000785,CPD-00457,KRAS_G12C,IC50,132.3,,2025-11-17
ASY-000786,CPD-00429,BTK,IC50,122697.8,,2025-04-30
ASY-000787,CPD-00755,MET,IC50,31.9,,2025-04-07
ASY-000788,CPD-00334,BRAF_V600E,IC50,0.0,,2025-05-27
ASY-000789,CPD-00373,CDK4_6,IC50,2512.5,17.8,2025-05-29
ASY-000790,CPD-00377,JAK2,IC50,255.3,14.3,2026-05-11
ASY-000791,CPD-00541,BTK,IC50,211.2,5.7,2025-04-15
ASY-000792,CPD-00248,EGFR,IC50,108.8,13.9,2025-07-26
ASY-000793,CPD-00424,ALK,IC50,11.6,,2025-08-25
ASY-000794,CPD-00475,BTK,IC50,239.7,,2025-04-24
ASY-000795,CPD-00767,KRAS_G12C,IC50,0.0,,2026-01-04
ASY-000796,CPD-00617,BRAF_V600E,IC50,0.8,17.6,2025-01-19
ASY-000797,CPD-00206,BRAF_V600E,IC50,4.6,14.1,2025-11-22
ASY-000798,CPD-00984,KRAS_G12C,IC50,9350.6,10.3,2025-07-06
ASY-000799,CPD-00421,KRAS_G12C,IC50,4560.5,,2025-11-27
ASY-000800,CPD-00716,ALK,IC50,14.7,,2026-02-15
ASY-000801,CPD-00330,ALK,IC50,518.9,,2025-11-06
ASY-000802,CPD-00498,ALK,IC50,2.3,,2026-05-13
ASY-000803,CPD-00431,KRAS_G12C,IC50,108.4,14.7,2026-03-14
ASY-000804,CPD-00021,MET,IC50,23.7,,2026-02-21
ASY-000805,CPD-00084,CDK4_6,IC50,40.9,3.0,2025-09-22
ASY-000806,CPD-00059,BRAF_V600E,IC50,29698.3,15.3,2026-05-08
ASY-000807,CPD-00312,BTK,IC50,41.8,12.6,2025-05-01
ASY-000808,CPD-00528,EGFR,IC50,5865.6,7.1,2025-03-23
ASY-000809,CPD-00426,BTK,IC50,739.2,,2026-03-06
ASY-000810,CPD-00072,PI3K_alpha,IC50,1.3,,2025-03-14
ASY-000811,CPD-00198,KRAS_G12C,IC50,2907.6,14.5,2025-09-18
ASY-000812,CPD-00731,MET,IC50,311.7,,2025-12-15
ASY-000813,CPD-00849,MET,IC50,0.3,,2025-10-26
ASY-000814,CPD-00983,ALK,IC50,677.9,,2025-07-23
ASY-000815,CPD-00626,EGFR,IC50,6592.7,7.3,2026-01-30
ASY-000816,CPD-00492,BTK,IC50,28.4,10.3,2025-04-02
ASY-000817,CPD-00861,KRAS_G12C,IC50,674.0,,2025-12-08
ASY-000818,CPD-00598,JAK2,IC50,25.0,,2026-01-14
ASY-000819,CPD-00981,BTK,IC50,68.8,4.7,2025-08-21
ASY-000820,CPD-00298,KRAS_G12C,IC50,6.0,8.0,2025-09-17
ASY-000821,CPD-00132,BRAF_V600E,IC50,471.1,,2025-03-24
ASY-000822,CPD-00545,MET,IC50,1528.4,,2025-10-09
ASY-000823,CPD-00770,KRAS_G12C,IC50,57.4,12.1,2026-02-25
ASY-000824,CPD-00529,BRAF_V600E,IC50,125201.4,5.9,2026-04-27
ASY-000825,CPD-00367,CDK4_6,IC50,60.7,14.5,2025-03-12
ASY-000826,CPD-00395,KRAS_G12C,IC50,6713.6,,2025-10-31
ASY-000827,CPD-00831,JAK2,IC50,1800.7,13.0,2025-09-18
ASY-000828,CPD-00579,JAK2,IC50,35.0,13.0,2026-03-23
ASY-000829,CPD-00698,CDK4_6,IC50,16.2,,2025-04-07
ASY-000830,CPD-00699,BTK,IC50,8155.7,11.6,2025-07-08
ASY-000831,CPD-00059,BRAF_V600E,IC50,881.7,,2025-09-22
ASY-000832,CPD-00678,BRAF_V600E,IC50,832.3,,2026-03-14
ASY-000833,CPD-00229,BRAF_V600E,IC50,0.3,8.8,2026-02-01
ASY-000834,CPD-00520,MET,IC50,17.4,,2025-03-19
ASY-000835,CPD-00124,ALK,IC50,4.7,,2026-02-24
ASY-000836,CPD-00069,MET,IC50,9393.5,,2025-09-13
ASY-000837,CPD-00788,ALK,IC50,1606.6,,2026-02-07
ASY-000838,CPD-00219,PI3K_alpha,IC50,402.1,,2025-09-28
ASY-000839,CPD-00723,BTK,IC50,15147.6,10.7,2025-06-18
ASY-000840,CPD-00109,CDK4_6,IC50,23.4,,2025-09-19
ASY-000841,CPD-00857,ALK,IC50,355986.8,,2026-04-20
ASY-000842,CPD-00643,ALK,IC50,62434.0,,2026-02-01
ASY-000843,CPD-00279,BRAF_V600E,IC50,3.8,13.0,2025-10-04
ASY-000844,CPD-00528,CDK4_6,IC50,0.0,,2025-06-26
ASY-000845,CPD-00032,EGFR,IC50,93.9,,2025-06-12
ASY-000846,CPD-00260,MET,IC50,3013.5,10.2,2026-03-26
ASY-000847,CPD-00151,CDK4_6,IC50,1505.2,10.0,2026-05-04
ASY-000848,CPD-00588,BRAF_V600E,IC50,728.1,,2025-02-22
ASY-000849,CPD-00289,BTK,IC50,6842.9,,2026-02-06
ASY-000850,CPD-00607,BTK,IC50,1662.7,4.1,2025-03-25
ASY-000851,CPD-00705,BTK,IC50,38.9,,2026-03-27
ASY-000852,CPD-00139,CDK4_6,IC50,27384.1,,2025-08-25
ASY-000853,CPD-00245,MET,IC50,137.8,16.6,2025-04-01
ASY-000854,CPD-00977,BRAF_V600E,IC50,0.0,,2025-11-15
ASY-000855,CPD-00071,CDK4_6,IC50,337.6,,2025-12-08
ASY-000856,CPD-00816,BRAF_V600E,IC50,9.6,7.6,2026-04-24
ASY-000857,CPD-00747,MET,IC50,0.0,21.6,2025-05-27
ASY-000858,CPD-00030,CDK4_6,IC50,4279.8,,2025-11-14
ASY-000859,CPD-00046,KRAS_G12C,IC50,3699.8,2.9,2025-12-01
ASY-000860,CPD-00694,KRAS_G12C,IC50,27.7,7.7,2026-03-11
ASY-000861,CPD-00272,KRAS_G12C,IC50,1294.0,-0.4,2025-07-27
ASY-000862,CPD-00601,CDK4_6,IC50,272.2,,2026-04-12
ASY-000863,CPD-00670,MET,IC50,4.5,,2025-05-21
ASY-000864,CPD-00544,EGFR,IC50,0.9,9.3,2025-10-12
ASY-000865,CPD-00601,JAK2,IC50,2185.0,11.8,2026-04-10
ASY-000866,CPD-00578,BTK,IC50,16.5,7.4,2025-05-29
ASY-000867,CPD-00156,BRAF_V600E,IC50,209.5,,2026-02-08
ASY-000868,CPD-00992,CDK4_6,IC50,11.8,15.7,2025-05-28
ASY-000869,CPD-00947,MET,IC50,6470.0,,2026-01-06
ASY-000870,CPD-00164,BTK,IC50,143.4,9.7,2026-02-15
ASY-000871,CPD-00248,CDK4_6,IC50,71.3,,2025-12-05
ASY-000872,CPD-00549,ALK,IC50,1440.2,9.3,2026-03-13
ASY-000873,CPD-00751,BTK,IC50,2.3,,2026-02-19
ASY-000874,CPD-00666,MET,IC50,10.7,,2025-11-28
ASY-000875,CPD-00621,JAK2,IC50,58989.3,,2026-03-19
ASY-000876,CPD-00261,ALK,IC50,58.7,10.8,2026-04-29
ASY-000877,CPD-00276,MET,IC50,421.2,14.6,2025-06-20
ASY-000878,CPD-00620,PI3K_alpha,IC50,3759.1,4.5,2025-01-20
ASY-000879,CPD-00373,JAK2,IC50,32.8,,2025-01-06
ASY-000880,CPD-00312,MET,IC50,9592.3,,2025-10-14
ASY-000881,CPD-00550,PI3K_alpha,IC50,0.9,8.1,2025-06-01
ASY-000882,CPD-00655,KRAS_G12C,IC50,737.5,19.8,2026-03-08
ASY-000883,CPD-00852,KRAS_G12C,IC50,369.3,11.5,2025-08-19
ASY-000884,CPD-00303,ALK,IC50,40.2,,2026-01-17
ASY-000885,CPD-00822,MET,IC50,297.7,,2026-01-18
ASY-000886,CPD-00767,ALK,IC50,231.1,7.2,2025-01-29
ASY-000887,CPD-00550,ALK,IC50,14215.0,5.0,2025-08-29
ASY-000888,CPD-00606,JAK2,IC50,0.4,,2025-04-30
ASY-000889,CPD-00988,BRAF_V600E,IC50,4338.0,4.8,2025-06-22
ASY-000890,CPD-00382,EGFR,IC50,7.5,,2025-12-18
ASY-000891,CPD-00692,JAK2,IC50,227.7,,2025-03-16
ASY-000892,CPD-00729,MET,IC50,18.3,,2026-02-23
ASY-000893,CPD-00156,KRAS_G12C,IC50,0.4,,2026-02-25
ASY-000894,CPD-00800,BTK,IC50,44303.6,,2025-06-22
ASY-000895,CPD-00761,PI3K_alpha,IC50,271659.4,,2025-09-20
ASY-000896,CPD-00857,BRAF_V600E,IC50,132.6,9.6,2025-06-21
ASY-000897,CPD-00301,PI3K_alpha,IC50,1.3,9.1,2026-04-02
ASY-000898,CPD-00649,PI3K_alpha,IC50,27432.1,-1.7,2025-09-20
ASY-000899,CPD-00402,CDK4_6,IC50,1.5,17.5,2025-06-15
ASY-000900,CPD-00366,PI3K_alpha,IC50,81.8,,2025-02-15
ASY-000901,CPD-00435,EGFR,IC50,25496.5,7.6,2026-01-19
ASY-000902,CPD-00119,KRAS_G12C,IC50,117.4,,2025-09-15
ASY-000903,CPD-00178,EGFR,IC50,1375.6,,2025-05-14
ASY-000904,CPD-00792,MET,IC50,22.3,,2026-05-08
ASY-000905,CPD-00076,ALK,IC50,283714.2,17.9,2025-06-04
ASY-000906,CPD-00055,PI3K_alpha,IC50,25.3,10.4,2026-01-25
ASY-000907,CPD-00096,PI3K_alpha,IC50,51.5,,2026-03-08
ASY-000908,CPD-00063,MET,IC50,1231.9,9.9,2026-01-01
ASY-000909,CPD-00347,ALK,IC50,17.6,,2025-05-08
ASY-000910,CPD-00019,CDK4_6,IC50,22.0,20.6,2025-03-26
ASY-000911,CPD-00384,BTK,IC50,250.7,15.0,2025-07-02
ASY-000912,CPD-00841,EGFR,IC50,76.9,18.7,2025-05-03
ASY-000913,CPD-00262,BTK,IC50,291.6,,2026-04-13
ASY-000914,CPD-00748,BRAF_V600E,IC50,14793.9,6.9,2025-04-03
ASY-000915,CPD-00477,KRAS_G12C,IC50,55.2,6.7,2025-08-09
ASY-000916,CPD-00884,ALK,IC50,1.0,-1.4,2025-10-15
ASY-000917,CPD-00398,MET,IC50,33.0,11.0,2025-11-09
ASY-000918,CPD-00644,BTK,IC50,0.1,,2026-01-01
ASY-000919,CPD-00046,ALK,IC50,31.8,4.9,2026-01-07
ASY-000920,CPD-00528,BRAF_V600E,IC50,6.5,,2026-03-24
ASY-000921,CPD-00547,CDK4_6,IC50,2804.6,,2025-05-10
ASY-000922,CPD-00367,BRAF_V600E,IC50,477.4,,2026-01-17
ASY-000923,CPD-00281,EGFR,IC50,0.9,,2025-04-29
ASY-000924,CPD-00404,MET,IC50,797.4,,2026-03-19
ASY-000925,CPD-00277,ALK,IC50,303.7,13.3,2025-05-24
ASY-000926,CPD-00315,KRAS_G12C,IC50,24184.0,10.1,2026-03-06
ASY-000927,CPD-00856,PI3K_alpha,IC50,14091.4,,2025-09-16
ASY-000928,CPD-00203,CDK4_6,IC50,19624.9,,2026-03-10
ASY-000929,CPD-00106,BTK,IC50,68.3,5.4,2025-04-04
ASY-000930,CPD-00561,PI3K_alpha,IC50,0.6,15.1,2025-03-25
ASY-000931,CPD-00708,JAK2,IC50,17757.3,15.4,2025-07-02
ASY-000932,CPD-00855,MET,IC50,355.1,1.0,2025-11-28
ASY-000933,CPD-00665,ALK,IC50,15.8,14.8,2025-09-01
ASY-000934,CPD-00366,CDK4_6,IC50,17.9,8.4,2026-04-06
ASY-000935,CPD-00631,MET,IC50,4094.3,19.6,2025-10-12
ASY-000936,CPD-00881,JAK2,IC50,484.8,,2025-03-01
ASY-000937,CPD-00755,JAK2,IC50,20.0,,2025-09-04
ASY-000938,CPD-00330,PI3K_alpha,IC50,396.5,12.0,2025-07-08
ASY-000939,CPD-00513,EGFR,IC50,0.8,,2025-08-04
ASY-000940,CPD-00130,EGFR,IC50,1723.4,,2025-06-17
ASY-000941,CPD-00323,BRAF_V600E,IC50,201.9,,2025-05-31
ASY-000942,CPD-00007,PI3K_alpha,IC50,4.9,,2025-01-16
ASY-000943,CPD-00429,ALK,IC50,102.4,12.8,2025-12-29
ASY-000944,CPD-00946,PI3K_alpha,IC50,72445.3,7.6,2025-01-01
ASY-000945,CPD-00449,JAK2,IC50,315.4,,2026-01-27
ASY-000946,CPD-00770,EGFR,IC50,6.8,14.1,2025-12-15
ASY-000947,CPD-00668,PI3K_alpha,IC50,76407.8,0.2,2025-11-05
ASY-000948,CPD-00737,PI3K_alpha,IC50,34.5,18.8,2025-09-01
ASY-000949,CPD-00741,BTK,IC50,131385.5,3.6,2025-01-26
ASY-000950,CPD-00542,CDK4_6,IC50,13199.1,,2025-01-25
ASY-000951,CPD-00180,CDK4_6,IC50,699.9,9.9,2025-04-11
ASY-000952,CPD-00767,CDK4_6,IC50,1883.9,9.3,2025-02-19
ASY-000953,CPD-00840,KRAS_G12C,IC50,6.4,11.1,2026-02-17
ASY-000954,CPD-00026,KRAS_G12C,IC50,56.7,,2025-05-25
ASY-000955,CPD-00210,ALK,IC50,139.1,,2025-10-16
ASY-000956,CPD-00424,PI3K_alpha,IC50,161.8,,2025-12-06
ASY-000957,CPD-00522,ALK,IC50,0.1,,2025-07-20
ASY-000958,CPD-00836,CDK4_6,IC50,0.1,-0.1,2025-11-05
ASY-000959,CPD-00268,JAK2,IC50,1961.9,,2025-11-02
ASY-000960,CPD-00459,BRAF_V600E,IC50,37.6,16.7,2025-07-02
ASY-000961,CPD-00582,MET,IC50,9.0,9.3,2026-05-14
ASY-000962,CPD-00061,BTK,IC50,169.9,1.1,2026-01-01
ASY-000963,CPD-00121,JAK2,IC50,3817.6,9.1,2025-12-10
ASY-000964,CPD-00869,BTK,IC50,1671.6,4.6,2025-09-26
ASY-000965,CPD-00620,KRAS_G12C,IC50,2766.5,,2025-12-29
ASY-000966,CPD-00707,JAK2,IC50,27.2,,2026-05-01
ASY-000967,CPD-00050,CDK4_6,IC50,22.5,6.5,2026-02-02
ASY-000968,CPD-00073,EGFR,IC50,14.3,0.9,2025-08-25
ASY-000969,CPD-00227,JAK2,IC50,64.7,17.4,2026-03-16
ASY-000970,CPD-00877,PI3K_alpha,IC50,911565.9,10.6,2026-05-09
ASY-000971,CPD-00688,MET,IC50,46.7,1.6,2026-02-23
ASY-000972,CPD-00619,CDK4_6,IC50,0.1,11.8,2025-07-08
ASY-000973,CPD-00481,CDK4_6,IC50,899.4,,2025-10-14
ASY-000974,CPD-00249,KRAS_G12C,IC50,1048.7,,2025-08-29
ASY-000975,CPD-00910,EGFR,IC50,17.7,3.9,2025-12-10
ASY-000976,CPD-00732,JAK2,IC50,192.5,16.9,2025-12-18
ASY-000977,CPD-00801,BTK,IC50,1.8,,2025-08-13
ASY-000978,CPD-00029,KRAS_G12C,IC50,236.9,6.8,2025-05-09
ASY-000979,CPD-00032,CDK4_6,IC50,41.1,12.9,2025-10-20
ASY-000980,CPD-00850,MET,IC50,1.4,5.9,2025-01-02
ASY-000981,CPD-00237,JAK2,IC50,4.5,,2025-03-24
ASY-000982,CPD-00118,JAK2,IC50,128623.7,7.5,2025-07-04
ASY-000983,CPD-00350,BTK,IC50,3.6,,2025-05-23
ASY-000984,CPD-00968,BRAF_V600E,IC50,586.7,14.4,2025-02-16
ASY-000985,CPD-00945,MET,IC50,4750.2,,2025-10-09
ASY-000986,CPD-00162,KRAS_G12C,IC50,55.8,2.9,2025-04-29
ASY-000987,CPD-00051,CDK4_6,IC50,1.2,,2025-02-22
ASY-000988,CPD-00783,ALK,IC50,2.6,11.0,2025-06-06
ASY-000989,CPD-00503,EGFR,IC50,10.0,5.5,2025-01-27
ASY-000990,CPD-00253,BTK,IC50,306.6,3.1,2025-05-08
ASY-000991,CPD-00129,PI3K_alpha,IC50,165.8,11.6,2025-01-02
ASY-000992,CPD-00222,BTK,IC50,27303.6,1.3,2025-12-16
ASY-000993,CPD-00401,MET,IC50,0.2,,2025-11-12
ASY-000994,CPD-00216,BRAF_V600E,IC50,17024.5,,2026-04-12
ASY-000995,CPD-00208,EGFR,IC50,25.2,15.3,2026-02-13
ASY-000996,CPD-00736,KRAS_G12C,IC50,0.9,7.3,2025-09-12
ASY-000997,CPD-00153,ALK,IC50,7.0,,2025-11-13
ASY-000998,CPD-00233,PI3K_alpha,IC50,43.1,,2026-05-07
ASY-000999,CPD-00780,CDK4_6,IC50,15.4,12.2,2025-07-08
ASY-001000,CPD-00353,MET,IC50,96812.3,,2025-01-24
ASY-001001,CPD-00918,PI3K_alpha,IC50,0.6,,2025-09-09
ASY-001002,CPD-00277,JAK2,IC50,57.9,,2025-05-02
ASY-001003,CPD-00719,CDK4_6,IC50,460.0,7.4,2025-10-08
ASY-001004,CPD-00311,CDK4_6,IC50,15.1,,2026-04-19
ASY-001005,CPD-00459,BTK,IC50,35.0,,2025-01-07
ASY-001006,CPD-00242,KRAS_G12C,IC50,12.4,5.0,2025-01-27
ASY-001007,CPD-00518,PI3K_alpha,IC50,931.5,,2025-08-07
ASY-001008,CPD-00608,BTK,IC50,10.8,,2026-03-06
ASY-001009,CPD-00731,ALK,IC50,2.6,,2025-08-04
ASY-001010,CPD-00387,ALK,IC50,8.3,12.8,2026-02-21
ASY-001011,CPD-00292,ALK,IC50,328.5,,2025-07-25
ASY-001012,CPD-00140,BTK,IC50,222.2,7.1,2025-12-03
ASY-001013,CPD-00504,PI3K_alpha,IC50,0.1,19.5,2025-11-11
ASY-001014,CPD-00080,PI3K_alpha,IC50,3205.0,14.4,2025-11-26
ASY-001015,CPD-00046,BRAF_V600E,IC50,312.3,11.2,2025-03-23
ASY-001016,CPD-00799,JAK2,IC50,4.2,,2025-08-23
ASY-001017,CPD-00968,CDK4_6,IC50,1229.0,16.4,2025-12-28
ASY-001018,CPD-00632,ALK,IC50,330.6,,2026-04-25
ASY-001019,CPD-00192,ALK,IC50,2791.0,0.4,2026-01-01
ASY-001020,CPD-00349,PI3K_alpha,IC50,13.9,,2025-09-28
ASY-001021,CPD-00777,BRAF_V600E,IC50,80.7,4.5,2025-05-19
ASY-001022,CPD-00180,BTK,IC50,1.7,13.1,2025-10-29
ASY-001023,CPD-00214,PI3K_alpha,IC50,3050.2,,2025-01-27
ASY-001024,CPD-00328,JAK2,IC50,289.0,,2025-05-17
ASY-001025,CPD-00531,CDK4_6,IC50,7685.6,,2026-03-12
ASY-001026,CPD-00393,MET,IC50,11.9,8.6,2025-01-07
ASY-001027,CPD-00667,CDK4_6,IC50,29.1,9.9,2026-03-15
ASY-001028,CPD-00338,CDK4_6,IC50,0.4,,2025-10-17
ASY-001029,CPD-00238,JAK2,IC50,75.1,,2025-10-27
ASY-001030,CPD-00830,KRAS_G12C,IC50,979.1,,2025-09-26
ASY-001031,CPD-00064,JAK2,IC50,256.4,9.2,2025-02-07
ASY-001032,CPD-00243,MET,IC50,626.6,,2025-12-19
ASY-001033,CPD-00178,BRAF_V600E,IC50,2147.9,4.1,2025-06-23
ASY-001034,CPD-00644,PI3K_alpha,IC50,0.0,8.5,2026-03-05
ASY-001035,CPD-00864,ALK,IC50,37564.5,,2025-05-18
ASY-001036,CPD-00109,BRAF_V600E,IC50,8.5,11.1,2026-03-15
ASY-001037,CPD-00277,JAK2,IC50,20.8,5.7,2025-01-07
ASY-001038,CPD-00165,BRAF_V600E,IC50,2054273.3,12.0,2025-02-15
ASY-001039,CPD-00349,BRAF_V600E,IC50,20.5,,2025-04-07
ASY-001040,CPD-00804,BRAF_V600E,IC50,869.7,22.7,2025-12-19
ASY-001041,CPD-00799,PI3K_alpha,IC50,66.6,,2026-05-12
ASY-001042,CPD-00954,ALK,IC50,10836.2,,2025-04-03
ASY-001043,CPD-00411,PI3K_alpha,IC50,123.8,22.6,2025-11-12
ASY-001044,CPD-00971,KRAS_G12C,IC50,589.4,,2025-02-03
ASY-001045,CPD-00506,BTK,IC50,1865.7,,2025-10-14
ASY-001046,CPD-00903,MET,IC50,1639.7,5.5,2026-05-03
ASY-001047,CPD-00012,BRAF_V600E,IC50,27.9,7.6,2025-10-01
ASY-001048,CPD-00076,PI3K_alpha,IC50,17.0,,2025-05-29
ASY-001049,CPD-00008,PI3K_alpha,IC50,5.1,14.0,2026-03-24
ASY-001050,CPD-00073,MET,IC50,703.1,12.8,2025-06-01
ASY-001051,CPD-00691,ALK,IC50,9384.6,15.3,2025-01-03
ASY-001052,CPD-00918,CDK4_6,IC50,407.8,14.7,2025-11-06
ASY-001053,CPD-00315,PI3K_alpha,IC50,46.7,,2026-01-30
ASY-001054,CPD-00438,BRAF_V600E,IC50,996.0,,2025-09-30
ASY-001055,CPD-00618,MET,IC50,46.2,4.9,2025-04-30
ASY-001056,CPD-00877,ALK,IC50,5.9,8.2,2025-04-06
ASY-001057,CPD-00891,EGFR,IC50,5.1,,2025-06-28
ASY-001058,CPD-00024,EGFR,IC50,0.6,19.2,2025-12-02
ASY-001059,CPD-00605,CDK4_6,IC50,17.1,18.2,2025-04-07
ASY-001060,CPD-00713,BRAF_V600E,IC50,158.5,20.5,2026-01-04
ASY-001061,CPD-00718,CDK4_6,IC50,0.5,,2025-10-30
ASY-001062,CPD-00137,BRAF_V600E,IC50,305.3,-1.7,2025-06-23
ASY-001063,CPD-00295,CDK4_6,IC50,21.8,7.1,2026-04-16
ASY-001064,CPD-00923,BTK,IC50,2590.0,,2025-02-22
ASY-001065,CPD-00488,BRAF_V600E,IC50,26.0,3.7,2025-04-17
ASY-001066,CPD-00593,BRAF_V600E,IC50,34.2,4.0,2025-09-25
ASY-001067,CPD-00205,ALK,IC50,1602.9,7.4,2025-11-11
ASY-001068,CPD-00732,MET,IC50,0.7,17.4,2025-10-09
ASY-001069,CPD-00015,CDK4_6,IC50,1550.9,15.2,2026-03-18
ASY-001070,CPD-00102,JAK2,IC50,1838.2,,2025-07-19
ASY-001071,CPD-00319,CDK4_6,IC50,3727.0,,2025-12-11
ASY-001072,CPD-00592,JAK2,IC50,208.3,,2025-04-02
ASY-001073,CPD-00697,KRAS_G12C,IC50,3.8,,2026-04-15
ASY-001074,CPD-00059,PI3K_alpha,IC50,119126.1,,2025-11-25
ASY-001075,CPD-00542,EGFR,IC50,449.2,12.7,2025-01-31
ASY-001076,CPD-00322,MET,IC50,5.1,,2025-05-27
ASY-001077,CPD-00402,MET,IC50,132.5,,2025-01-29
ASY-001078,CPD-00607,BRAF_V600E,IC50,105324.8,11.6,2025-02-01
ASY-001079,CPD-00526,CDK4_6,IC50,0.8,,2025-09-07
ASY-001080,CPD-00253,ALK,IC50,143991.9,24.2,2025-04-24
ASY-001081,CPD-00066,JAK2,IC50,0.0,17.5,2026-03-06
ASY-001082,CPD-00986,ALK,IC50,244.2,,2025-01-18
ASY-001083,CPD-00135,JAK2,IC50,883.1,,2026-05-01
ASY-001084,CPD-00772,PI3K_alpha,IC50,22.5,18.0,2025-08-21
ASY-001085,CPD-00498,KRAS_G12C,IC50,16.6,6.3,2025-02-18
ASY-001086,CPD-00166,BTK,IC50,5.0,,2025-05-13
ASY-001087,CPD-00754,ALK,IC50,78.1,12.8,2025-05-03
ASY-001088,CPD-00182,MET,IC50,153.6,,2026-05-06
ASY-001089,CPD-00101,KRAS_G12C,IC50,337.8,,2025-04-26
ASY-001090,CPD-00670,JAK2,IC50,205.2,7.8,2025-01-26
ASY-001091,CPD-00337,JAK2,IC50,5123.4,,2025-08-23
ASY-001092,CPD-00924,EGFR,IC50,3502.7,,2026-05-05
ASY-001093,CPD-00335,JAK2,IC50,92739.9,12.2,2025-06-15
ASY-001094,CPD-00212,JAK2,IC50,1.0,8.4,2025-03-10
ASY-001095,CPD-00016,PI3K_alpha,IC50,13.3,12.6,2025-10-23
ASY-001096,CPD-00362,CDK4_6,IC50,70955.5,5.3,2025-07-11
ASY-001097,CPD-00856,EGFR,IC50,1417.1,,2026-01-18
ASY-001098,CPD-00648,PI3K_alpha,IC50,0.7,7.3,2025-12-16
ASY-001099,CPD-00413,ALK,IC50,105.4,18.5,2025-07-06
ASY-001100,CPD-00326,BRAF_V600E,IC50,1073.7,,2025-05-07
ASY-001101,CPD-00151,BRAF_V600E,IC50,62.8,8.0,2026-04-10
ASY-001102,CPD-00001,PI3K_alpha,IC50,20.8,16.0,2026-05-09
ASY-001103,CPD-00754,CDK4_6,IC50,3.0,3.0,2025-05-10
ASY-001104,CPD-00737,ALK,IC50,81.0,,2025-06-20
ASY-001105,CPD-00454,MET,IC50,0.2,11.6,2025-12-24
ASY-001106,CPD-00615,MET,IC50,5597.9,18.9,2026-03-03
ASY-001107,CPD-00204,ALK,IC50,31.4,9.2,2025-03-15
ASY-001108,CPD-00850,CDK4_6,IC50,0.1,,2026-02-11
ASY-001109,CPD-00118,EGFR,IC50,283.4,,2025-04-14
ASY-001110,CPD-00514,MET,IC50,81.3,,2025-10-03
ASY-001111,CPD-00307,JAK2,IC50,1.7,,2025-08-23
ASY-001112,CPD-00703,BRAF_V600E,IC50,4067.4,,2025-09-21
ASY-001113,CPD-00645,BTK,IC50,4.5,11.0,2025-08-12
ASY-001114,CPD-00113,KRAS_G12C,IC50,5.6,8.1,2025-12-31
ASY-001115,CPD-00803,JAK2,IC50,4.7,,2026-02-12
ASY-001116,CPD-00842,BRAF_V600E,IC50,25.2,,2025-07-07
ASY-001117,CPD-00054,BTK,IC50,67.8,,2025-07-10
ASY-001118,CPD-00885,PI3K_alpha,IC50,88.9,9.6,2025-04-20
ASY-001119,CPD-00884,MET,IC50,18259.4,15.8,2025-06-24
ASY-001120,CPD-00557,ALK,IC50,584.7,,2025-03-29
ASY-001121,CPD-00794,BRAF_V600E,IC50,5160.1,,2025-10-09
ASY-001122,CPD-00743,MET,IC50,4636.8,,2025-10-08
ASY-001123,CPD-00204,ALK,IC50,1641.0,21.6,2025-02-18
ASY-001124,CPD-00798,EGFR,IC50,18.1,,2026-05-04
ASY-001125,CPD-00147,KRAS_G12C,IC50,131.9,,2025-08-08
ASY-001126,CPD-00589,CDK4_6,IC50,4.6,11.8,2026-02-18
ASY-001127,CPD-00154,PI3K_alpha,IC50,8947.0,14.3,2025-07-23
ASY-001128,CPD-00395,CDK4_6,IC50,21506.1,14.7,2026-03-17
ASY-001129,CPD-00565,EGFR,IC50,287.2,,2025-03-29
ASY-001130,CPD-00493,ALK,IC50,16789.3,19.2,2026-02-14
ASY-001131,CPD-00400,BRAF_V600E,IC50,114.3,,2025-06-27
ASY-001132,CPD-00709,BTK,IC50,2.8,,2025-09-27
ASY-001133,CPD-00315,EGFR,IC50,0.0,,2025-11-19
ASY-001134,CPD-00632,EGFR,IC50,7767.3,12.6,2025-11-12
ASY-001135,CPD-00250,BTK,IC50,102.0,,2025-05-27
ASY-001136,CPD-00114,BTK,IC50,877.2,,2025-08-21
ASY-001137,CPD-00658,EGFR,IC50,10770.2,,2025-07-22
ASY-001138,CPD-00227,JAK2,IC50,165.1,16.9,2025-12-23
ASY-001139,CPD-00043,PI3K_alpha,IC50,679.4,9.8,2025-11-10
ASY-001140,CPD-00880,KRAS_G12C,IC50,508.2,10.6,2025-11-09
ASY-001141,CPD-00281,MET,IC50,8.9,,2026-04-15
ASY-001142,CPD-00062,JAK2,IC50,472.1,5.7,2026-04-06
ASY-001143,CPD-00628,EGFR,IC50,0.1,,2025-08-14
ASY-001144,CPD-00382,MET,IC50,8410.8,6.8,2025-08-03
ASY-001145,CPD-00441,BTK,IC50,2.1,,2025-11-23
ASY-001146,CPD-00639,EGFR,IC50,426.5,9.6,2025-10-29
ASY-001147,CPD-00044,BTK,IC50,7.4,,2025-09-09
ASY-001148,CPD-00832,MET,IC50,1.9,10.7,2025-01-09
ASY-001149,CPD-00024,PI3K_alpha,IC50,11.5,7.6,2025-10-18
ASY-001150,CPD-00864,JAK2,IC50,0.8,,2025-12-10
ASY-001151,CPD-00664,KRAS_G12C,IC50,1400.2,,2025-05-02
ASY-001152,CPD-00039,MET,IC50,351.2,,2025-11-21
ASY-001153,CPD-00499,EGFR,IC50,20946.8,,2026-04-02
ASY-001154,CPD-00360,KRAS_G12C,IC50,214.2,-0.5,2025-05-29
ASY-001155,CPD-00812,BRAF_V600E,IC50,16.3,,2025-12-18
ASY-001156,CPD-00058,JAK2,IC50,28.3,11.9,2026-03-04
ASY-001157,CPD-00531,JAK2,IC50,1.3,,2026-01-15
ASY-001158,CPD-00960,EGFR,IC50,15.8,6.3,2025-11-18
ASY-001159,CPD-00484,KRAS_G12C,IC50,49.2,11.1,2025-07-04
ASY-001160,CPD-00344,KRAS_G12C,IC50,1261.0,13.0,2025-08-09
ASY-001161,CPD-00989,EGFR,IC50,1.9,11.5,2025-10-02
ASY-001162,CPD-00285,EGFR,IC50,415.7,,2025-06-08
ASY-001163,CPD-00294,CDK4_6,IC50,11432.5,,2025-08-17
ASY-001164,CPD-00656,ALK,IC50,3.2,,2025-02-27
ASY-001165,CPD-00340,BTK,IC50,9.3,8.1,2026-01-21
ASY-001166,CPD-00706,BRAF_V600E,IC50,305.2,12.3,2025-07-06
ASY-001167,CPD-00818,JAK2,IC50,88.0,,2025-01-04
ASY-001168,CPD-00836,JAK2,IC50,3.2,,2025-10-14
ASY-001169,CPD-00858,KRAS_G12C,IC50,63.8,10.9,2026-04-13
ASY-001170,CPD-00151,CDK4_6,IC50,12767.2,5.0,2025-10-24
ASY-001171,CPD-00576,BTK,IC50,30.0,20.6,2025-10-14
ASY-001172,CPD-00605,ALK,IC50,28.4,,2025-12-13
ASY-001173,CPD-00066,JAK2,IC50,26615.1,6.8,2025-04-12
ASY-001174,CPD-00742,EGFR,IC50,28644.4,,2025-12-18
ASY-001175,CPD-00570,CDK4_6,IC50,322.4,8.9,2025-09-08
ASY-001176,CPD-00414,BTK,IC50,1356.0,,2025-10-20
ASY-001177,CPD-00704,JAK2,IC50,4.8,,2026-03-09
ASY-001178,CPD-00147,KRAS_G12C,IC50,2806.1,,2026-04-30
ASY-001179,CPD-00684,KRAS_G12C,IC50,418.7,,2025-03-22
ASY-001180,CPD-00588,EGFR,IC50,412.9,11.1,2025-12-12
ASY-001181,CPD-00292,CDK4_6,IC50,1862.2,12.1,2025-05-29
ASY-001182,CPD-00446,CDK4_6,IC50,18.6,,2025-12-18
ASY-001183,CPD-00662,CDK4_6,IC50,1.2,,2025-11-17
ASY-001184,CPD-00143,MET,IC50,227.5,9.8,2025-12-26
ASY-001185,CPD-00813,BRAF_V600E,IC50,365813.9,1.8,2026-03-08
ASY-001186,CPD-00889,PI3K_alpha,IC50,65.5,8.1,2025-01-23
ASY-001187,CPD-00460,CDK4_6,IC50,35.2,9.1,2025-03-08
ASY-001188,CPD-00550,BRAF_V600E,IC50,130.2,,2026-02-18
ASY-001189,CPD-00649,EGFR,IC50,932.2,,2025-11-24
ASY-001190,CPD-00784,BTK,IC50,2886.9,11.7,2025-06-18
ASY-001191,CPD-00923,BRAF_V600E,IC50,1698.1,,2025-07-22
ASY-001192,CPD-00361,ALK,IC50,157.6,4.9,2025-09-02
ASY-001193,CPD-00657,BTK,IC50,37785.5,9.8,2025-09-11
ASY-001194,CPD-00033,JAK2,IC50,214.2,10.9,2025-12-25
ASY-001195,CPD-00758,KRAS_G12C,IC50,413.1,,2025-10-16
ASY-001196,CPD-00542,MET,IC50,0.1,,2025-01-05
ASY-001197,CPD-00460,MET,IC50,17.3,6.5,2026-01-17
ASY-001198,CPD-00372,PI3K_alpha,IC50,729.1,0.9,2025-05-04
ASY-001199,CPD-00944,ALK,IC50,405.5,10.3,2025-09-10
ASY-001200,CPD-00729,CDK4_6,IC50,4.4,,2025-05-09
ASY-001201,CPD-00061,ALK,IC50,1673.4,4.9,2025-11-28
ASY-001202,CPD-00251,EGFR,IC50,167.1,,2026-04-14
ASY-001203,CPD-00786,JAK2,IC50,1891.4,,2026-05-02
ASY-001204,CPD-00279,MET,IC50,9499.7,,2025-07-18
ASY-001205,CPD-00147,CDK4_6,IC50,331.2,,2025-07-05
ASY-001206,CPD-00029,MET,IC50,2029.7,7.4,2025-05-30
ASY-001207,CPD-00930,BRAF_V600E,IC50,35.5,-1.8,2025-05-29
ASY-001208,CPD-00862,BRAF_V600E,IC50,71.4,11.8,2025-02-16
ASY-001209,CPD-00417,JAK2,IC50,118.6,,2025-02-23
ASY-001210,CPD-00426,CDK4_6,IC50,36828.3,22.0,2025-12-05
ASY-001211,CPD-00909,MET,IC50,300.5,16.7,2025-10-08
ASY-001212,CPD-00573,MET,IC50,1962.9,12.6,2026-01-29
ASY-001213,CPD-00715,PI3K_alpha,IC50,151.5,5.4,2025-01-17
ASY-001214,CPD-00572,KRAS_G12C,IC50,7660.0,9.6,2025-05-22
ASY-001215,CPD-00388,BRAF_V600E,IC50,338.2,,2025-04-01
ASY-001216,CPD-00159,CDK4_6,IC50,616.0,,2026-03-23
ASY-001217,CPD-00778,MET,IC50,508.8,,2025-12-24
ASY-001218,CPD-00620,BTK,IC50,650.3,4.7,2025-11-29
ASY-001219,CPD-00875,JAK2,IC50,49.3,9.6,2026-05-05
ASY-001220,CPD-00496,BTK,IC50,134.1,15.7,2026-03-01
ASY-001221,CPD-00890,PI3K_alpha,IC50,0.8,,2026-03-14
ASY-001222,CPD-00057,BRAF_V600E,IC50,1249.1,,2025-12-11
ASY-001223,CPD-00251,BRAF_V600E,IC50,7.8,6.8,2025-05-19
ASY-001224,CPD-00942,CDK4_6,IC50,410.5,,2025-09-02
ASY-001225,CPD-00442,PI3K_alpha,IC50,104.8,9.0,2025-12-31
ASY-001226,CPD-00670,ALK,IC50,16.5,,2025-10-25
ASY-001227,CPD-00342,BRAF_V600E,IC50,2.2,-1.1,2025-04-20
ASY-001228,CPD-00965,ALK,IC50,29373.4,,2025-03-04
ASY-001229,CPD-00111,PI3K_alpha,IC50,1769.6,,2025-07-02
ASY-001230,CPD-00153,BRAF_V600E,IC50,61.9,7.1,2025-03-07
ASY-001231,CPD-00837,BRAF_V600E,IC50,0.9,,2026-04-29
ASY-001232,CPD-00942,EGFR,IC50,887.2,17.5,2026-02-09
ASY-001233,CPD-00390,ALK,IC50,7381.5,8.2,2025-11-08
ASY-001234,CPD-00322,PI3K_alpha,IC50,80.1,19.2,2025-09-21
ASY-001235,CPD-00438,PI3K_alpha,IC50,120.8,,2025-02-02
ASY-001236,CPD-00551,JAK2,IC50,148.7,11.9,2025-03-12
ASY-001237,CPD-00518,BTK,IC50,19332.8,15.8,2025-10-12
ASY-001238,CPD-00969,BRAF_V600E,IC50,382.7,8.9,2025-06-23
ASY-001239,CPD-00468,JAK2,IC50,43.3,10.1,2026-04-05
ASY-001240,CPD-00544,JAK2,IC50,6.1,,2025-12-03
ASY-001241,CPD-00009,EGFR,IC50,0.6,,2025-05-13
ASY-001242,CPD-00786,BTK,IC50,10036.1,,2025-02-10
ASY-001243,CPD-00560,MET,IC50,24.1,10.2,2025-12-15
ASY-001244,CPD-00231,CDK4_6,IC50,34.3,6.2,2025-11-30
ASY-001245,CPD-00957,BRAF_V600E,IC50,42.4,6.7,2025-05-29
ASY-001246,CPD-00423,BTK,IC50,13.3,,2026-02-19
ASY-001247,CPD-00886,CDK4_6,IC50,831.0,9.3,2025-12-15
ASY-001248,CPD-00423,BRAF_V600E,IC50,33.3,2.7,2026-03-15
ASY-001249,CPD-00801,CDK4_6,IC50,726.1,,2026-03-26
ASY-001250,CPD-00098,JAK2,IC50,1.9,,2025-02-07
ASY-001251,CPD-00738,ALK,IC50,41.0,,2026-02-10
ASY-001252,CPD-00213,KRAS_G12C,IC50,1847.3,,2025-10-10
ASY-001253,CPD-00202,BRAF_V600E,IC50,4555.7,,2025-07-31
ASY-001254,CPD-00549,BRAF_V600E,IC50,23.6,9.8,2025-02-07
ASY-001255,CPD-00637,BTK,IC50,12.0,14.3,2025-12-29
ASY-001256,CPD-00307,ALK,IC50,564.9,14.5,2025-01-14
ASY-001257,CPD-00989,JAK2,IC50,3.7,,2025-12-15
ASY-001258,CPD-00746,MET,IC50,94.4,6.9,2025-06-04
ASY-001259,CPD-00277,JAK2,IC50,1.7,,2025-06-09
ASY-001260,CPD-00253,ALK,IC50,903.2,,2026-03-11
ASY-001261,CPD-00317,ALK,IC50,1259.5,,2025-12-28
ASY-001262,CPD-00778,EGFR,IC50,1635.2,14.5,2025-01-19
ASY-001263,CPD-00952,BTK,IC50,100.1,10.7,2026-05-12
ASY-001264,CPD-00138,BRAF_V600E,IC50,15.5,,2025-04-21
ASY-001265,CPD-00002,EGFR,IC50,223.4,7.5,2025-04-13
ASY-001266,CPD-00107,ALK,IC50,2491.1,11.8,2025-06-07
ASY-001267,CPD-00755,MET,IC50,68.3,,2025-04-16
ASY-001268,CPD-00600,JAK2,IC50,265.6,,2025-07-16
ASY-001269,CPD-00528,BRAF_V600E,IC50,239.4,6.6,2025-02-10
ASY-001270,CPD-00835,ALK,IC50,3.9,,2025-08-07
ASY-001271,CPD-00643,MET,IC50,6.7,3.3,2026-03-16
ASY-001272,CPD-00024,CDK4_6,IC50,1.1,21.9,2025-02-06
ASY-001273,CPD-00036,BTK,IC50,1603.2,,2025-09-18
ASY-001274,CPD-00353,BTK,IC50,37.1,,2025-01-11
ASY-001275,CPD-00922,ALK,IC50,8.0,11.5,2025-01-30
ASY-001276,CPD-00258,CDK4_6,IC50,283.8,,2026-03-10
ASY-001277,CPD-00423,JAK2,IC50,1144.0,,2025-03-08
ASY-001278,CPD-00224,BRAF_V600E,IC50,2597.9,11.8,2025-02-16
ASY-001279,CPD-00404,EGFR,IC50,893.6,7.8,2025-01-31
ASY-001280,CPD-00234,JAK2,IC50,0.2,7.6,2026-03-28
ASY-001281,CPD-00366,PI3K_alpha,IC50,35.8,6.2,2025-10-03
ASY-001282,CPD-00582,BRAF_V600E,IC50,12498.8,9.2,2025-10-27
ASY-001283,CPD-00440,EGFR,IC50,299.0,,2025-11-04
ASY-001284,CPD-00384,CDK4_6,IC50,0.2,,2026-04-28
ASY-001285,CPD-00135,ALK,IC50,7004.7,,2025-12-29
ASY-001286,CPD-00388,BTK,IC50,31.1,14.6,2025-05-06
ASY-001287,CPD-00764,MET,IC50,3572.8,14.2,2025-09-10
ASY-001288,CPD-00268,PI3K_alpha,IC50,255.8,,2025-08-09
ASY-001289,CPD-00457,KRAS_G12C,IC50,0.1,12.5,2026-02-06
ASY-001290,CPD-00496,JAK2,IC50,3.0,10.8,2025-05-06
ASY-001291,CPD-00701,CDK4_6,IC50,4.4,15.6,2025-07-27
ASY-001292,CPD-00678,JAK2,IC50,4004.8,,2025-05-26
ASY-001293,CPD-00522,JAK2,IC50,15.0,,2026-03-20
ASY-001294,CPD-00759,ALK,IC50,1251.4,,2026-05-16
ASY-001295,CPD-00485,KRAS_G12C,IC50,413.2,13.5,2026-02-03
ASY-001296,CPD-00410,BRAF_V600E,IC50,11.3,15.8,2026-04-21
ASY-001297,CPD-00090,EGFR,IC50,75.1,3.9,2025-08-26
ASY-001298,CPD-00910,PI3K_alpha,IC50,22.5,5.3,2025-09-15
ASY-001299,CPD-00719,EGFR,IC50,208.1,,2025-06-01
ASY-001300,CPD-00553,MET,IC50,1.2,17.2,2025-07-26
ASY-001301,CPD-00864,JAK2,IC50,1.4,,2025-02-09
ASY-001302,CPD-00539,KRAS_G12C,IC50,3690.6,,2025-07-15
ASY-001303,CPD-00288,CDK4_6,IC50,4.3,,2025-07-31
ASY-001304,CPD-00191,ALK,IC50,99.6,,2025-12-12
ASY-001305,CPD-00296,KRAS_G12C,IC50,602.6,,2026-02-26
ASY-001306,CPD-00718,KRAS_G12C,IC50,0.1,,2025-05-13
ASY-001307,CPD-00564,BRAF_V600E,IC50,53.4,11.1,2025-01-07
ASY-001308,CPD-00166,EGFR,IC50,16.7,13.5,2026-05-09
ASY-001309,CPD-00267,JAK2,IC50,4.9,15.7,2025-07-31
ASY-001310,CPD-00088,KRAS_G12C,IC50,1.9,8.2,2025-03-29
ASY-001311,CPD-00975,EGFR,IC50,125.4,,2025-04-08
ASY-001312,CPD-00864,MET,IC50,135.4,12.9,2025-01-28
ASY-001313,CPD-00756,BTK,IC50,2.0,1.0,2026-02-10
ASY-001314,CPD-00577,PI3K_alpha,IC50,8.1,9.8,2025-07-08
ASY-001315,CPD-00364,KRAS_G12C,IC50,8.1,6.4,2025-02-04
ASY-001316,CPD-00550,EGFR,IC50,1.8,12.8,2025-01-29
ASY-001317,CPD-00526,KRAS_G12C,IC50,7.8,7.8,2025-01-22
ASY-001318,CPD-00190,BRAF_V600E,IC50,3.6,,2026-02-23
ASY-001319,CPD-00609,JAK2,IC50,6.1,,2026-01-16
ASY-001320,CPD-00350,KRAS_G12C,IC50,0.7,12.5,2025-08-17
ASY-001321,CPD-00672,BRAF_V600E,IC50,6.9,,2026-03-23
ASY-001322,CPD-00991,MET,IC50,0.2,,2025-01-10
ASY-001323,CPD-00074,BRAF_V600E,IC50,1044.0,7.4,2025-12-31
ASY-001324,CPD-00519,BTK,IC50,81.0,10.6,2025-12-13
ASY-001325,CPD-00279,KRAS_G12C,IC50,143.1,,2025-07-21
ASY-001326,CPD-00168,BRAF_V600E,IC50,5.7,,2025-07-29
ASY-001327,CPD-00268,EGFR,IC50,889.8,8.2,2026-01-21
ASY-001328,CPD-00105,PI3K_alpha,IC50,347.4,8.1,2025-12-07
ASY-001329,CPD-00316,PI3K_alpha,IC50,1.3,,2025-09-30
ASY-001330,CPD-00739,BRAF_V600E,IC50,0.0,7.5,2026-02-28
ASY-001331,CPD-00592,ALK,IC50,1939.6,,2025-07-23
ASY-001332,CPD-00622,BTK,IC50,4.7,,2025-08-08
ASY-001333,CPD-00718,CDK4_6,IC50,65.3,,2026-01-15
ASY-001334,CPD-00393,MET,IC50,42.7,,2025-02-01
ASY-001335,CPD-00816,BRAF_V600E,IC50,265.9,14.6,2025-01-15
ASY-001336,CPD-00818,CDK4_6,IC50,1.6,,2026-04-16
ASY-001337,CPD-00930,BTK,IC50,7445.6,6.7,2025-01-03
ASY-001338,CPD-00254,KRAS_G12C,IC50,139.8,,2026-03-17
ASY-001339,CPD-00996,JAK2,IC50,0.7,19.8,2026-02-28
ASY-001340,CPD-00778,BTK,IC50,112.1,10.7,2025-10-20
ASY-001341,CPD-00149,JAK2,IC50,14223.1,2.4,2025-09-17
ASY-001342,CPD-00425,MET,IC50,12.9,10.5,2025-05-11
ASY-001343,CPD-00869,KRAS_G12C,IC50,1.9,,2025-09-07
ASY-001344,CPD-00972,BRAF_V600E,IC50,25.4,,2026-05-03
ASY-001345,CPD-00210,BRAF_V600E,IC50,247.1,20.0,2026-03-18
ASY-001346,CPD-00729,BTK,IC50,17865.2,,2025-06-18
ASY-001347,CPD-00971,JAK2,IC50,572.9,13.5,2025-01-31
ASY-001348,CPD-00390,BRAF_V600E,IC50,137.8,,2025-12-30
ASY-001349,CPD-00424,EGFR,IC50,92.6,,2025-04-01
ASY-001350,CPD-00949,EGFR,IC50,43.8,,2025-09-11
ASY-001351,CPD-00407,BTK,IC50,7.9,9.3,2025-02-17
ASY-001352,CPD-00346,ALK,IC50,0.1,7.0,2025-06-26
ASY-001353,CPD-00778,JAK2,IC50,0.0,,2025-08-30
ASY-001354,CPD-00344,EGFR,IC50,10.4,8.9,2025-08-07
ASY-001355,CPD-00359,PI3K_alpha,IC50,698.4,2.7,2026-04-30
ASY-001356,CPD-00036,MET,IC50,5.4,7.2,2025-11-20
ASY-001357,CPD-00916,BRAF_V600E,IC50,2175.5,14.3,2026-01-30
ASY-001358,CPD-00415,MET,IC50,189.9,,2025-10-02
ASY-001359,CPD-00274,JAK2,IC50,27450.8,3.3,2025-10-19
ASY-001360,CPD-00968,KRAS_G12C,IC50,269.0,3.9,2026-05-06
ASY-001361,CPD-00626,KRAS_G12C,IC50,19.9,9.2,2026-04-25
ASY-001362,CPD-00603,JAK2,IC50,61.3,,2026-02-07
ASY-001363,CPD-00491,BRAF_V600E,IC50,32.5,3.0,2025-06-05
ASY-001364,CPD-00605,BTK,IC50,316.6,,2025-05-04
ASY-001365,CPD-00350,ALK,IC50,186.2,,2026-02-08
ASY-001366,CPD-00232,MET,IC50,2.4,8.7,2026-05-01
ASY-001367,CPD-00779,PI3K_alpha,IC50,150.9,,2025-09-05
ASY-001368,CPD-00219,KRAS_G12C,IC50,91.6,,2025-01-21
ASY-001369,CPD-00394,JAK2,IC50,1144505.7,,2025-02-24
ASY-001370,CPD-00863,BTK,IC50,3.1,,2025-10-12
ASY-001371,CPD-00863,PI3K_alpha,IC50,33.7,,2025-08-31
ASY-001372,CPD-00105,MET,IC50,1445.5,,2026-05-07
ASY-001373,CPD-00531,PI3K_alpha,IC50,468.1,,2025-06-05
ASY-001374,CPD-00244,EGFR,IC50,10.9,12.1,2026-01-12
ASY-001375,CPD-00296,ALK,IC50,1.7,12.3,2025-10-10
ASY-001376,CPD-00643,EGFR,IC50,0.0,,2026-01-06
ASY-001377,CPD-00393,BRAF_V600E,IC50,589.8,,2025-02-08
ASY-001378,CPD-00015,CDK4_6,IC50,22025.6,,2026-04-19
ASY-001379,CPD-00086,ALK,IC50,103.3,,2026-01-27
ASY-001380,CPD-00860,CDK4_6,IC50,0.8,8.3,2025-11-03
ASY-001381,CPD-00940,EGFR,IC50,10.4,17.0,2026-03-06
ASY-001382,CPD-00696,JAK2,IC50,4.8,,2026-01-03
ASY-001383,CPD-00985,EGFR,IC50,836.9,19.1,2026-02-05
ASY-001384,CPD-00373,ALK,IC50,4464.2,18.4,2026-05-12
ASY-001385,CPD-00420,EGFR,IC50,0.6,,2025-06-29
ASY-001386,CPD-00811,CDK4_6,IC50,250.3,,2026-01-30
ASY-001387,CPD-00217,ALK,IC50,7117.4,15.0,2025-03-11
ASY-001388,CPD-00024,PI3K_alpha,IC50,8746.1,0.4,2025-07-20
ASY-001389,CPD-00965,MET,IC50,4.1,,2025-08-14
ASY-001390,CPD-00869,BRAF_V600E,IC50,77.0,,2026-04-06
ASY-001391,CPD-00262,BTK,IC50,903.1,,2025-10-07
ASY-001392,CPD-00514,ALK,IC50,115.3,17.3,2025-08-06
ASY-001393,CPD-00356,CDK4_6,IC50,5115.6,4.9,2025-08-12
ASY-001394,CPD-00867,BRAF_V600E,IC50,239.5,,2025-09-20
ASY-001395,CPD-00333,KRAS_G12C,IC50,100.9,,2025-10-19
ASY-001396,CPD-00249,BRAF_V600E,IC50,2526.9,15.1,2026-01-13
ASY-001397,CPD-00567,KRAS_G12C,IC50,4.7,,2025-07-22
ASY-001398,CPD-00440,EGFR,IC50,25289.5,,2025-10-08
ASY-001399,CPD-00076,MET,IC50,49.1,11.6,2026-01-26
ASY-001400,CPD-00058,KRAS_G12C,IC50,3232.5,,2025-05-01
ASY-001401,CPD-00087,EGFR,IC50,6.1,9.3,2026-03-15
ASY-001402,CPD-00201,KRAS_G12C,IC50,0.6,,2026-05-05
ASY-001403,CPD-00780,PI3K_alpha,IC50,18.0,19.3,2025-04-02
ASY-001404,CPD-00074,ALK,IC50,2.9,12.7,2026-02-24
ASY-001405,CPD-00985,ALK,IC50,4126.4,,2025-10-11
ASY-001406,CPD-00297,EGFR,IC50,0.1,8.3,2026-04-29
ASY-001407,CPD-00257,MET,IC50,295.7,5.4,2025-12-09
ASY-001408,CPD-00183,JAK2,IC50,1711.8,6.2,2026-03-23
ASY-001409,CPD-00958,BRAF_V600E,IC50,57.3,9.9,2025-12-26
ASY-001410,CPD-00306,PI3K_alpha,IC50,145.9,13.3,2025-02-14
ASY-001411,CPD-00182,JAK2,IC50,191.8,,2026-01-26
ASY-001412,CPD-00810,KRAS_G12C,IC50,1706.2,,2026-02-25
ASY-001413,CPD-00066,MET,IC50,20.2,,2025-09-16
ASY-001414,CPD-00691,BTK,IC50,4.4,7.4,2025-04-11
ASY-001415,CPD-00815,BTK,IC50,87.8,,2026-03-15
ASY-001416,CPD-00791,JAK2,IC50,2.0,,2025-09-27
ASY-001417,CPD-00291,KRAS_G12C,IC50,44.0,,2025-04-15
ASY-001418,CPD-00278,JAK2,IC50,9.9,7.0,2025-01-29
ASY-001419,CPD-00046,CDK4_6,IC50,49.7,10.7,2025-11-02
ASY-001420,CPD-00712,EGFR,IC50,60.7,4.5,2026-01-04
ASY-001421,CPD-00201,EGFR,IC50,9.2,,2026-03-07
ASY-001422,CPD-00891,CDK4_6,IC50,1357969.6,,2026-01-12
ASY-001423,CPD-00301,BTK,IC50,150.0,,2025-07-10
ASY-001424,CPD-00507,JAK2,IC50,114.7,,2026-01-18
ASY-001425,CPD-00550,CDK4_6,IC50,23.2,15.6,2026-03-01
ASY-001426,CPD-00869,BRAF_V600E,IC50,37.5,11.5,2025-03-28
ASY-001427,CPD-00106,CDK4_6,IC50,665.7,5.8,2025-11-27
ASY-001428,CPD-00928,PI3K_alpha,IC50,5.8,,2026-03-24
ASY-001429,CPD-00980,BTK,IC50,0.7,18.7,2025-03-05
ASY-001430,CPD-00685,BRAF_V600E,IC50,136.2,,2025-11-16
ASY-001431,CPD-00010,EGFR,IC50,3590.6,14.0,2025-05-06
ASY-001432,CPD-00392,MET,IC50,2731.5,,2025-03-27
ASY-001433,CPD-00031,MET,IC50,11943.0,,2025-05-06
ASY-001434,CPD-00599,BTK,IC50,45.4,19.8,2026-01-23
ASY-001435,CPD-00854,EGFR,IC50,120.7,,2025-12-28
ASY-001436,CPD-00314,PI3K_alpha,IC50,2527.1,,2026-05-08
ASY-001437,CPD-00071,JAK2,IC50,27199.7,20.0,2026-02-02
ASY-001438,CPD-00303,CDK4_6,IC50,7.5,,2025-09-03
ASY-001439,CPD-00047,EGFR,IC50,3.2,13.9,2025-08-06
ASY-001440,CPD-00120,EGFR,IC50,81.0,21.5,2025-06-07
ASY-001441,CPD-00979,MET,IC50,2.2,,2025-09-22
ASY-001442,CPD-00640,PI3K_alpha,IC50,262.7,11.0,2025-07-08
ASY-001443,CPD-00122,MET,IC50,24.3,6.6,2025-03-15
ASY-001444,CPD-00553,JAK2,IC50,164.0,,2025-05-16
ASY-001445,CPD-00404,EGFR,IC50,573.4,,2025-06-17
ASY-001446,CPD-00259,BTK,IC50,29.3,12.9,2025-10-18
ASY-001447,CPD-00645,BTK,IC50,8.2,,2026-01-30
ASY-001448,CPD-00024,PI3K_alpha,IC50,304.3,,2025-11-21
ASY-001449,CPD-00882,ALK,IC50,5162.0,12.6,2025-10-03
ASY-001450,CPD-00365,MET,IC50,13618.8,,2026-02-22
ASY-001451,CPD-00303,ALK,IC50,22.5,,2025-11-30
ASY-001452,CPD-00061,EGFR,IC50,72.4,-2.9,2026-04-28
ASY-001453,CPD-00099,ALK,IC50,436.4,,2025-12-24
ASY-001454,CPD-00466,KRAS_G12C,IC50,3.3,,2025-01-17
ASY-001455,CPD-00871,BRAF_V600E,IC50,188.0,,2025-07-28
ASY-001456,CPD-00814,MET,IC50,57.1,6.4,2025-02-12
ASY-001457,CPD-00602,CDK4_6,IC50,0.7,,2025-01-16
ASY-001458,CPD-00799,PI3K_alpha,IC50,2291.5,,2026-04-17
ASY-001459,CPD-00159,CDK4_6,IC50,16.1,,2025-08-20
ASY-001460,CPD-00050,PI3K_alpha,IC50,16151.1,,2025-06-04
ASY-001461,CPD-00092,BRAF_V600E,IC50,12.4,11.6,2026-03-10
ASY-001462,CPD-00672,MET,IC50,104.5,12.1,2026-02-10
ASY-001463,CPD-00816,CDK4_6,IC50,203.7,14.1,2025-02-10
ASY-001464,CPD-00517,EGFR,IC50,0.1,,2026-03-08
ASY-001465,CPD-00254,EGFR,IC50,12658.1,17.2,2025-04-09
ASY-001466,CPD-00584,EGFR,IC50,1179.3,21.1,2026-02-15
ASY-001467,CPD-00399,ALK,IC50,73.8,,2025-04-05
ASY-001468,CPD-00971,MET,IC50,21007.2,11.7,2026-03-10
ASY-001469,CPD-00152,PI3K_alpha,IC50,1772.7,,2025-06-20
ASY-001470,CPD-00974,PI3K_alpha,IC50,0.8,,2026-04-19
ASY-001471,CPD-00361,MET,IC50,19.5,12.6,2025-02-05
ASY-001472,CPD-00927,JAK2,IC50,50.4,,2025-03-09
ASY-001473,CPD-00913,ALK,IC50,41.5,7.5,2025-08-31
ASY-001474,CPD-00108,PI3K_alpha,IC50,805.5,11.4,2026-05-02
ASY-001475,CPD-00103,KRAS_G12C,IC50,4985.8,10.6,2025-01-19
ASY-001476,CPD-00548,EGFR,IC50,0.5,18.2,2025-03-30
ASY-001477,CPD-00618,ALK,IC50,3669.5,8.7,2025-08-31
ASY-001478,CPD-00453,BTK,IC50,3578.4,,2026-05-15
ASY-001479,CPD-00861,ALK,IC50,0.3,7.4,2025-04-01
ASY-001480,CPD-00193,ALK,IC50,11732.2,11.2,2025-03-12
ASY-001481,CPD-00759,CDK4_6,IC50,1212.8,,2026-04-14
ASY-001482,CPD-00757,BRAF_V600E,IC50,0.1,8.5,2025-09-26
ASY-001483,CPD-00274,PI3K_alpha,IC50,10.9,18.1,2025-05-05
ASY-001484,CPD-00562,BTK,IC50,19.6,,2025-03-06
ASY-001485,CPD-00428,KRAS_G12C,IC50,102.1,,2025-04-15
ASY-001486,CPD-00561,CDK4_6,IC50,24.3,,2026-04-02
ASY-001487,CPD-00542,KRAS_G12C,IC50,629.5,-3.2,2026-03-26
ASY-001488,CPD-00903,CDK4_6,IC50,1385.7,11.5,2025-01-06
ASY-001489,CPD-00829,BTK,IC50,0.7,23.7,2025-09-20
ASY-001490,CPD-00937,KRAS_G12C,IC50,192.8,,2025-03-13
ASY-001491,CPD-00147,EGFR,IC50,742.4,11.9,2025-09-13
ASY-001492,CPD-00946,EGFR,IC50,6.7,,2026-03-06
ASY-001493,CPD-00420,ALK,IC50,250974.3,14.2,2026-05-06
ASY-001494,CPD-00615,BRAF_V600E,IC50,44.7,7.2,2025-03-05
ASY-001495,CPD-00726,EGFR,IC50,1.6,3.2,2025-07-16
ASY-001496,CPD-00884,MET,IC50,4.6,,2026-01-12
ASY-001497,CPD-00461,KRAS_G12C,IC50,11705.9,,2025-04-27
ASY-001498,CPD-00988,BTK,IC50,24.1,9.5,2025-02-20
ASY-001499,CPD-00229,PI3K_alpha,IC50,0.0,,2025-01-25
ASY-001500,CPD-00841,BRAF_V600E,IC50,19829.2,13.8,2025-05-08
ASY-001501,CPD-00874,JAK2,IC50,191.5,,2025-04-17
ASY-001502,CPD-00467,EGFR,IC50,12.9,,2026-04-11
ASY-001503,CPD-00001,JAK2,IC50,112.5,,2025-06-24
ASY-001504,CPD-00322,ALK,IC50,221.5,14.3,2025-09-07
ASY-001505,CPD-00083,KRAS_G12C,IC50,2410.9,6.3,2025-02-10
ASY-001506,CPD-00993,JAK2,IC50,37713.7,13.0,2026-02-22
ASY-001507,CPD-00757,EGFR,IC50,114.2,,2026-01-19
ASY-001508,CPD-00315,PI3K_alpha,IC50,123.1,,2026-02-27
ASY-001509,CPD-00660,JAK2,IC50,76.2,,2025-07-16
ASY-001510,CPD-00264,CDK4_6,IC50,37.6,,2026-03-01
ASY-001511,CPD-00048,BRAF_V600E,IC50,8697.2,3.2,2025-05-03
ASY-001512,CPD-00720,MET,IC50,12.3,,2025-04-30
ASY-001513,CPD-00601,MET,IC50,1575.3,,2025-02-14
ASY-001514,CPD-00361,EGFR,IC50,14.4,14.4,2025-04-08
ASY-001515,CPD-00316,MET,IC50,11.1,13.4,2025-08-07
ASY-001516,CPD-00207,MET,IC50,237.7,,2025-02-05
ASY-001517,CPD-00899,BTK,IC50,981.0,,2025-12-16
ASY-001518,CPD-00841,KRAS_G12C,IC50,1100.2,11.0,2025-03-31
ASY-001519,CPD-00785,JAK2,IC50,36.0,,2025-05-06
ASY-001520,CPD-00458,JAK2,IC50,21701.4,,2026-03-12
ASY-001521,CPD-00097,ALK,IC50,1032.2,,2025-02-24
ASY-001522,CPD-00705,ALK,IC50,25.7,11.7,2025-04-07
ASY-001523,CPD-00367,CDK4_6,IC50,23.8,6.9,2026-02-05
ASY-001524,CPD-00970,MET,IC50,7.3,,2026-03-24
ASY-001525,CPD-00158,PI3K_alpha,IC50,32.6,14.0,2026-05-06
ASY-001526,CPD-00056,ALK,IC50,4.1,,2025-10-30
ASY-001527,CPD-00599,MET,IC50,96324.8,9.9,2025-09-23
ASY-001528,CPD-00579,EGFR,IC50,8.9,18.7,2026-03-03
ASY-001529,CPD-00200,KRAS_G12C,IC50,78.6,,2025-01-13
ASY-001530,CPD-00949,CDK4_6,IC50,32.9,,2025-11-27
ASY-001531,CPD-00024,BTK,IC50,11.9,18.2,2025-08-15
ASY-001532,CPD-00787,PI3K_alpha,IC50,0.0,,2025-05-12
ASY-001533,CPD-00125,EGFR,IC50,1491.8,,2025-08-24
ASY-001534,CPD-00131,MET,IC50,7.0,,2026-04-04
ASY-001535,CPD-00690,CDK4_6,IC50,3.1,,2025-05-11
ASY-001536,CPD-00469,CDK4_6,IC50,30.6,6.7,2025-06-25
ASY-001537,CPD-00405,CDK4_6,IC50,62.5,,2025-04-18
ASY-001538,CPD-00099,PI3K_alpha,IC50,34.7,,2025-11-08
ASY-001539,CPD-00278,BRAF_V600E,IC50,203.0,6.1,2025-07-10
ASY-001540,CPD-00261,BRAF_V600E,IC50,971.3,16.5,2025-01-11
ASY-001541,CPD-00582,KRAS_G12C,IC50,11.9,9.5,2025-02-16
ASY-001542,CPD-00551,BTK,IC50,437.2,8.4,2025-09-02
ASY-001543,CPD-00825,BRAF_V600E,IC50,32139.9,,2025-11-29
ASY-001544,CPD-00791,MET,IC50,3773.3,19.2,2025-10-14
ASY-001545,CPD-00046,BRAF_V600E,IC50,24.0,4.3,2025-02-21
ASY-001546,CPD-00100,EGFR,IC50,32.0,,2025-07-07
ASY-001547,CPD-00538,ALK,IC50,340.8,,2025-05-26
ASY-001548,CPD-00614,MET,IC50,16307.2,,2026-03-01
ASY-001549,CPD-00163,ALK,IC50,4594.5,,2025-01-04
ASY-001550,CPD-00086,BTK,IC50,3760.5,,2025-01-19
ASY-001551,CPD-00236,BTK,IC50,0.3,14.7,2025-01-18
ASY-001552,CPD-00785,KRAS_G12C,IC50,186.7,,2025-04-07
ASY-001553,CPD-00051,JAK2,IC50,61.4,6.1,2025-08-03
ASY-001554,CPD-00520,MET,IC50,182326.8,18.5,2026-01-08
ASY-001555,CPD-00460,ALK,IC50,382.4,,2025-08-30
ASY-001556,CPD-00222,PI3K_alpha,IC50,34.0,15.0,2025-09-04
ASY-001557,CPD-00869,EGFR,IC50,907.0,,2026-01-06
ASY-001558,CPD-00269,BRAF_V600E,IC50,27.0,,2025-01-11
ASY-001559,CPD-00771,BTK,IC50,250.7,10.6,2025-10-06
ASY-001560,CPD-00745,JAK2,IC50,28.4,,2026-01-22
ASY-001561,CPD-00583,MET,IC50,4686.2,20.4,2025-02-27
ASY-001562,CPD-00314,JAK2,IC50,16091.3,,2026-02-03
ASY-001563,CPD-00381,PI3K_alpha,IC50,11576.9,,2025-01-12
ASY-001564,CPD-00609,KRAS_G12C,IC50,63.2,4.9,2025-06-20
ASY-001565,CPD-00283,EGFR,IC50,513.5,4.1,2025-12-19
ASY-001566,CPD-00510,BTK,IC50,1.7,,2025-02-05
ASY-001567,CPD-00874,EGFR,IC50,2.1,,2025-09-05
ASY-001568,CPD-00413,EGFR,IC50,1.2,11.5,2025-10-30
ASY-001569,CPD-00468,ALK,IC50,2.3,16.1,2026-03-18
ASY-001570,CPD-00099,JAK2,IC50,114.3,18.2,2025-10-10
ASY-001571,CPD-00573,BTK,IC50,7523.9,,2025-03-27
ASY-001572,CPD-00614,EGFR,IC50,354.9,,2025-08-23
ASY-001573,CPD-00275,JAK2,IC50,579.8,-0.4,2025-02-06
ASY-001574,CPD-00823,EGFR,IC50,85.1,15.4,2025-06-11
ASY-001575,CPD-00333,JAK2,IC50,3640.0,14.1,2026-04-22
ASY-001576,CPD-00096,JAK2,IC50,20.4,11.4,2025-12-10
ASY-001577,CPD-00379,ALK,IC50,172.6,,2025-05-12
ASY-001578,CPD-00045,MET,IC50,7035.7,,2025-03-10
ASY-001579,CPD-00006,MET,IC50,1487.9,1.9,2025-02-09
ASY-001580,CPD-00617,ALK,IC50,2.3,9.9,2025-01-18
ASY-001581,CPD-00925,BTK,IC50,790.2,,2026-01-16
ASY-001582,CPD-00402,CDK4_6,IC50,30.0,,2026-05-15
ASY-001583,CPD-00241,KRAS_G12C,IC50,31458.3,9.3,2025-05-07
ASY-001584,CPD-00892,ALK,IC50,3.0,,2026-02-17
ASY-001585,CPD-00863,EGFR,IC50,76.1,,2026-04-25
ASY-001586,CPD-00557,KRAS_G12C,IC50,9.2,16.6,2026-03-16
ASY-001587,CPD-00321,EGFR,IC50,3.1,,2025-11-18
ASY-001588,CPD-00041,JAK2,IC50,70.8,9.5,2026-02-01
ASY-001589,CPD-00894,EGFR,IC50,21.7,,2025-02-04
ASY-001590,CPD-00763,CDK4_6,IC50,0.6,10.5,2025-04-29
ASY-001591,CPD-00357,ALK,IC50,556.5,8.3,2025-05-08
ASY-001592,CPD-00281,PI3K_alpha,IC50,2.1,,2026-04-10
ASY-001593,CPD-00306,BTK,IC50,234.3,,2025-12-26
ASY-001594,CPD-00634,ALK,IC50,5221.4,,2025-12-03
ASY-001595,CPD-00444,PI3K_alpha,IC50,0.8,,2026-05-09
ASY-001596,CPD-00999,EGFR,IC50,51.6,,2025-10-16
ASY-001597,CPD-00843,MET,IC50,136.8,11.7,2026-02-15
ASY-001598,CPD-00675,PI3K_alpha,IC50,491.8,,2025-06-25
ASY-001599,CPD-00772,PI3K_alpha,IC50,1006.8,3.9,2025-09-16
ASY-001600,CPD-00307,BRAF_V600E,IC50,5783.6,,2026-01-16
ASY-001601,CPD-00945,JAK2,IC50,18.8,,2025-07-16
ASY-001602,CPD-00128,KRAS_G12C,IC50,3.0,12.2,2025-06-17
ASY-001603,CPD-00964,JAK2,IC50,3.0,8.5,2025-09-27
ASY-001604,CPD-00526,PI3K_alpha,IC50,4.1,,2025-12-15
ASY-001605,CPD-00192,BTK,IC50,189.7,,2025-02-24
ASY-001606,CPD-00803,PI3K_alpha,IC50,0.0,,2025-04-28
ASY-001607,CPD-00214,EGFR,IC50,5.6,12.6,2026-04-26
ASY-001608,CPD-00214,CDK4_6,IC50,60.4,19.5,2026-04-23
ASY-001609,CPD-00501,JAK2,IC50,23.8,15.7,2026-05-12
ASY-001610,CPD-00028,EGFR,IC50,2.3,11.4,2025-04-13
ASY-001611,CPD-00153,CDK4_6,IC50,6974.6,,2025-03-08
ASY-001612,CPD-00712,BRAF_V600E,IC50,0.1,,2025-12-18
ASY-001613,CPD-00589,EGFR,IC50,0.2,22.0,2025-06-23
ASY-001614,CPD-00279,ALK,IC50,285.9,,2025-12-27
ASY-001615,CPD-00272,PI3K_alpha,IC50,481.3,8.3,2025-08-22
ASY-001616,CPD-00483,JAK2,IC50,681.0,10.6,2026-01-04
ASY-001617,CPD-00018,ALK,IC50,230.7,10.6,2025-07-29
ASY-001618,CPD-00748,ALK,IC50,44.2,,2025-11-26
ASY-001619,CPD-00022,CDK4_6,IC50,11.7,13.5,2025-06-17
ASY-001620,CPD-00652,EGFR,IC50,23.0,,2025-01-07
ASY-001621,CPD-00395,CDK4_6,IC50,9033.9,12.3,2025-05-04
ASY-001622,CPD-00173,JAK2,IC50,10929.3,,2025-05-19
ASY-001623,CPD-00706,BTK,IC50,2179.4,,2025-05-31
ASY-001624,CPD-00305,JAK2,IC50,87.6,,2025-06-15
ASY-001625,CPD-00824,EGFR,IC50,419.5,,2025-07-14
ASY-001626,CPD-00580,EGFR,IC50,2741.0,,2025-08-26
ASY-001627,CPD-00234,JAK2,IC50,132.4,,2025-10-02
ASY-001628,CPD-00623,BRAF_V600E,IC50,695.6,15.1,2025-08-06
ASY-001629,CPD-00778,EGFR,IC50,13.7,17.6,2025-05-16
ASY-001630,CPD-00061,BTK,IC50,30.7,,2026-02-10
ASY-001631,CPD-00530,CDK4_6,IC50,0.8,,2025-10-30
ASY-001632,CPD-00958,PI3K_alpha,IC50,11.6,,2025-11-28
ASY-001633,CPD-00997,BRAF_V600E,IC50,1637.8,11.5,2025-03-25
ASY-001634,CPD-00739,BRAF_V600E,IC50,7.3,,2025-08-30
ASY-001635,CPD-00172,MET,IC50,17.6,,2025-07-07
ASY-001636,CPD-00825,JAK2,IC50,39.2,6.1,2026-01-24
ASY-001637,CPD-00005,ALK,IC50,110.7,,2025-05-16
ASY-001638,CPD-00037,MET,IC50,2002.8,7.7,2025-02-06
ASY-001639,CPD-00637,EGFR,IC50,294.6,7.7,2026-01-19
ASY-001640,CPD-00770,KRAS_G12C,IC50,9.7,,2025-09-13
ASY-001641,CPD-00087,KRAS_G12C,IC50,315.8,5.2,2025-04-05
ASY-001642,CPD-00916,EGFR,IC50,5662.6,,2026-03-25
ASY-001643,CPD-00562,BRAF_V600E,IC50,161.9,8.7,2025-12-11
ASY-001644,CPD-00592,JAK2,IC50,25.8,9.1,2025-12-28
ASY-001645,CPD-00652,CDK4_6,IC50,5.6,,2026-02-06
ASY-001646,CPD-00631,JAK2,IC50,2173.5,16.6,2025-05-29
ASY-001647,CPD-00206,ALK,IC50,16396.3,,2025-09-06
ASY-001648,CPD-00865,BRAF_V600E,IC50,678.2,13.1,2025-09-01
ASY-001649,CPD-00359,JAK2,IC50,25857.5,17.3,2025-03-09
ASY-001650,CPD-00049,KRAS_G12C,IC50,44.5,,2025-03-20
ASY-001651,CPD-00610,ALK,IC50,1017.1,3.1,2025-06-14
ASY-001652,CPD-00413,KRAS_G12C,IC50,4253.9,,2026-03-31
ASY-001653,CPD-00581,JAK2,IC50,0.1,,2025-09-01
ASY-001654,CPD-00884,JAK2,IC50,90.4,,2026-04-24
ASY-001655,CPD-00089,KRAS_G12C,IC50,520.4,,2025-01-27
ASY-001656,CPD-00667,EGFR,IC50,23782.7,12.5,2025-07-13
ASY-001657,CPD-00293,JAK2,IC50,0.0,5.2,2025-11-26
ASY-001658,CPD-00994,BTK,IC50,3370.8,,2025-11-14
ASY-001659,CPD-00739,BTK,IC50,1237.7,,2025-06-09
ASY-001660,CPD-00711,EGFR,IC50,165080.2,6.1,2025-09-09
ASY-001661,CPD-00076,JAK2,IC50,1720.2,18.9,2025-02-28
ASY-001662,CPD-00772,ALK,IC50,36.3,,2025-01-01
ASY-001663,CPD-00056,BTK,IC50,1684.2,9.4,2026-05-02
ASY-001664,CPD-00011,BTK,IC50,2743.2,-6.1,2026-04-18
ASY-001665,CPD-00295,MET,IC50,11.6,,2026-03-20
ASY-001666,CPD-00383,ALK,IC50,14.7,6.3,2025-06-25
ASY-001667,CPD-00608,CDK4_6,IC50,79.1,4.2,2025-10-23
ASY-001668,CPD-00793,ALK,IC50,1.9,,2026-01-15
ASY-001669,CPD-00950,JAK2,IC50,337.6,11.0,2026-01-22
ASY-001670,CPD-00537,ALK,IC50,22.4,12.6,2026-05-11
ASY-001671,CPD-00589,CDK4_6,IC50,1664.6,9.2,2025-07-09
ASY-001672,CPD-00678,MET,IC50,840594.3,,2026-04-30
ASY-001673,CPD-00684,MET,IC50,170.3,11.2,2025-04-06
ASY-001674,CPD-00669,BTK,IC50,0.8,,2025-11-20
ASY-001675,CPD-00301,EGFR,IC50,286.2,9.0,2025-11-01
ASY-001676,CPD-00094,KRAS_G12C,IC50,114.0,14.8,2025-12-19
ASY-001677,CPD-00619,BTK,IC50,443.0,13.0,2025-07-25
ASY-001678,CPD-00724,EGFR,IC50,475.9,14.8,2025-12-01
ASY-001679,CPD-00322,BRAF_V600E,IC50,408.8,,2025-03-19
ASY-001680,CPD-00720,PI3K_alpha,IC50,2455.9,20.7,2025-02-24
ASY-001681,CPD-00712,BRAF_V600E,IC50,4.9,,2025-07-16
ASY-001682,CPD-00394,MET,IC50,1.7,8.4,2025-10-31
ASY-001683,CPD-00254,EGFR,IC50,284.2,7.5,2025-09-14
ASY-001684,CPD-00937,KRAS_G12C,IC50,15.7,,2026-04-18
ASY-001685,CPD-00916,JAK2,IC50,1.8,13.0,2025-08-28
ASY-001686,CPD-00275,JAK2,IC50,6.3,,2025-03-16
ASY-001687,CPD-00120,ALK,IC50,1508.7,,2025-08-20
ASY-001688,CPD-00816,CDK4_6,IC50,227.5,,2025-01-28
ASY-001689,CPD-00493,JAK2,IC50,20.9,1.6,2025-12-22
ASY-001690,CPD-00092,ALK,IC50,142654.3,9.5,2025-09-19
ASY-001691,CPD-00818,KRAS_G12C,IC50,451.3,,2025-06-09
ASY-001692,CPD-00099,BRAF_V600E,IC50,0.9,12.1,2025-01-24
ASY-001693,CPD-00018,ALK,IC50,18233.8,,2025-05-04
ASY-001694,CPD-00710,MET,IC50,85.5,10.6,2025-04-12
ASY-001695,CPD-00037,PI3K_alpha,IC50,27.3,,2025-09-19
ASY-001696,CPD-00605,BTK,IC50,6.2,,2025-06-10
ASY-001697,CPD-00578,JAK2,IC50,33.6,15.9,2025-06-27
ASY-001698,CPD-00808,ALK,IC50,0.2,,2025-10-05
ASY-001699,CPD-00132,MET,IC50,10.7,8.9,2025-07-10
ASY-001700,CPD-00684,BRAF_V600E,IC50,41541.0,,2026-01-24
ASY-001701,CPD-00465,PI3K_alpha,IC50,391.7,9.0,2026-01-31
ASY-001702,CPD-00170,BRAF_V600E,IC50,15.4,18.7,2025-01-01
ASY-001703,CPD-00870,JAK2,IC50,0.9,12.4,2026-01-22
ASY-001704,CPD-00116,BRAF_V600E,IC50,64.6,17.0,2025-10-23
ASY-001705,CPD-00465,BRAF_V600E,IC50,38.6,5.6,2025-01-03
ASY-001706,CPD-00994,BTK,IC50,159766.3,10.2,2025-05-07
ASY-001707,CPD-00814,PI3K_alpha,IC50,1.5,1.2,2025-04-01
ASY-001708,CPD-00209,EGFR,IC50,0.2,,2025-12-31
ASY-001709,CPD-00331,JAK2,IC50,810767.8,9.2,2026-05-16
ASY-001710,CPD-00604,BTK,IC50,1.8,,2025-01-31
ASY-001711,CPD-00976,EGFR,IC50,71001.0,11.2,2025-12-25
ASY-001712,CPD-00377,ALK,IC50,2.0,8.2,2025-05-09
ASY-001713,CPD-00579,MET,IC50,714.1,,2025-05-07
ASY-001714,CPD-00969,EGFR,IC50,1.8,17.9,2025-02-27
ASY-001715,CPD-00801,PI3K_alpha,IC50,164.2,9.0,2026-04-09
ASY-001716,CPD-00220,CDK4_6,IC50,5516.6,,2026-01-28
ASY-001717,CPD-00959,MET,IC50,11.2,6.2,2025-05-23
ASY-001718,CPD-00326,ALK,IC50,185.5,9.0,2025-01-08
ASY-001719,CPD-00252,MET,IC50,350.7,14.1,2026-03-30
ASY-001720,CPD-00871,MET,IC50,84.0,12.4,2025-12-06
ASY-001721,CPD-00276,MET,IC50,1033.5,,2025-08-30
ASY-001722,CPD-00374,BRAF_V600E,IC50,0.7,,2025-02-04
ASY-001723,CPD-00402,EGFR,IC50,29.3,,2026-01-19
ASY-001724,CPD-00473,BRAF_V600E,IC50,1.3,4.8,2025-05-27
ASY-001725,CPD-00520,KRAS_G12C,IC50,547.0,,2025-03-04
ASY-001726,CPD-00971,JAK2,IC50,1.7,,2025-11-22
ASY-001727,CPD-00070,BRAF_V600E,IC50,239.3,,2025-05-02
ASY-001728,CPD-00793,KRAS_G12C,IC50,690.8,,2025-01-27
ASY-001729,CPD-00829,BTK,IC50,3036.0,15.6,2026-04-17
ASY-001730,CPD-00613,CDK4_6,IC50,4.6,10.7,2025-09-25
ASY-001731,CPD-00769,ALK,IC50,1484.7,9.5,2025-07-21
ASY-001732,CPD-00673,CDK4_6,IC50,7046.9,6.8,2025-01-17
ASY-001733,CPD-00563,CDK4_6,IC50,3821.5,17.6,2026-01-10
ASY-001734,CPD-00571,BRAF_V600E,IC50,269.5,16.7,2026-03-20
ASY-001735,CPD-00238,MET,IC50,29.5,,2026-04-12
ASY-001736,CPD-00892,PI3K_alpha,IC50,13.5,,2025-05-05
ASY-001737,CPD-00926,BTK,IC50,822.6,-9.1,2025-02-16
ASY-001738,CPD-00454,CDK4_6,IC50,1.0,,2025-04-15
ASY-001739,CPD-00855,ALK,IC50,8.0,,2025-08-01
ASY-001740,CPD-00183,MET,IC50,175.6,,2026-03-16
ASY-001741,CPD-00788,JAK2,IC50,387.3,2.7,2025-07-09
ASY-001742,CPD-00828,PI3K_alpha,IC50,101.4,6.2,2025-01-21
ASY-001743,CPD-00288,EGFR,IC50,6.7,,2025-11-02
ASY-001744,CPD-00143,BTK,IC50,17.5,4.3,2025-09-22
ASY-001745,CPD-00043,MET,IC50,2.8,14.0,2025-01-12
ASY-001746,CPD-00337,KRAS_G12C,IC50,7.5,1.0,2025-04-21
ASY-001747,CPD-00313,ALK,IC50,1936.5,,2025-01-18
ASY-001748,CPD-00939,BTK,IC50,235.4,17.2,2025-01-27
ASY-001749,CPD-00308,MET,IC50,1226.2,,2026-04-03
ASY-001750,CPD-00982,EGFR,IC50,7964.8,,2026-02-15
ASY-001751,CPD-00285,EGFR,IC50,1.0,7.3,2025-11-29
ASY-001752,CPD-00333,MET,IC50,567.8,7.7,2025-02-13
ASY-001753,CPD-00302,CDK4_6,IC50,2.3,23.6,2025-03-12
ASY-001754,CPD-00448,JAK2,IC50,1017.9,,2025-06-08
ASY-001755,CPD-00833,KRAS_G12C,IC50,226.4,,2025-03-25
ASY-001756,CPD-00666,BRAF_V600E,IC50,32.6,,2026-03-21
ASY-001757,CPD-00998,EGFR,IC50,241.5,,2025-05-31
ASY-001758,CPD-00516,EGFR,IC50,86.5,4.7,2025-11-14
ASY-001759,CPD-00514,PI3K_alpha,IC50,49.6,18.5,2025-09-08
ASY-001760,CPD-00006,BTK,IC50,1459.4,14.4,2026-02-11
ASY-001761,CPD-00171,BTK,IC50,11652.8,8.1,2025-07-14
ASY-001762,CPD-00540,ALK,IC50,20.1,18.4,2025-06-09
ASY-001763,CPD-00818,EGFR,IC50,297.6,,2026-01-06
ASY-001764,CPD-00182,JAK2,IC50,112.0,,2026-03-25
ASY-001765,CPD-00774,MET,IC50,8.2,,2025-12-24
ASY-001766,CPD-00906,ALK,IC50,182.9,16.5,2025-11-12
ASY-001767,CPD-00561,EGFR,IC50,6.9,,2025-10-05
ASY-001768,CPD-00112,CDK4_6,IC50,127.8,18.8,2025-12-29
ASY-001769,CPD-00007,CDK4_6,IC50,1.4,,2025-08-15
ASY-001770,CPD-00201,CDK4_6,IC50,1972.8,,2025-11-30
ASY-001771,CPD-00282,BRAF_V600E,IC50,304.1,14.4,2025-09-13
ASY-001772,CPD-00666,KRAS_G12C,IC50,43203.2,,2025-07-04
ASY-001773,CPD-00854,BRAF_V600E,IC50,33.7,3.6,2025-01-15
ASY-001774,CPD-00111,CDK4_6,IC50,266.7,11.8,2026-03-24
ASY-001775,CPD-00074,CDK4_6,IC50,5.3,2.4,2026-01-19
ASY-001776,CPD-00610,KRAS_G12C,IC50,7.4,,2025-02-09
ASY-001777,CPD-00700,PI3K_alpha,IC50,1131.7,,2025-10-02
ASY-001778,CPD-00963,MET,IC50,390.7,,2025-06-17
ASY-001779,CPD-00551,ALK,IC50,560.3,,2025-11-30
ASY-001780,CPD-00678,BTK,IC50,1.4,,2025-02-23
ASY-001781,CPD-00458,BTK,IC50,10681.3,,2026-02-12
ASY-001782,CPD-00760,PI3K_alpha,IC50,465.6,14.4,2026-02-04
ASY-001783,CPD-00715,BRAF_V600E,IC50,9.9,6.3,2025-12-17
ASY-001784,CPD-00770,BRAF_V600E,IC50,12743.2,17.5,2025-06-27
ASY-001785,CPD-00284,ALK,IC50,39.4,,2026-03-26
ASY-001786,CPD-00441,BTK,IC50,8265.6,5.2,2026-03-29
ASY-001787,CPD-00517,ALK,IC50,45.7,7.6,2025-05-09
ASY-001788,CPD-00791,JAK2,IC50,1.0,5.6,2025-02-15
ASY-001789,CPD-00101,BRAF_V600E,IC50,0.1,3.8,2026-01-19
ASY-001790,CPD-00423,CDK4_6,IC50,302.3,,2026-01-04
ASY-001791,CPD-00461,PI3K_alpha,IC50,0.5,11.0,2025-10-11
ASY-001792,CPD-00429,EGFR,IC50,215.1,,2026-02-24
ASY-001793,CPD-00979,BTK,IC50,22614.2,13.3,2025-10-07
ASY-001794,CPD-00806,PI3K_alpha,IC50,24.0,,2026-05-08
ASY-001795,CPD-00176,KRAS_G12C,IC50,2.2,11.2,2026-01-10
ASY-001796,CPD-00803,KRAS_G12C,IC50,88.7,,2025-12-14
ASY-001797,CPD-00198,ALK,IC50,4676.9,15.3,2026-04-02
ASY-001798,CPD-00939,KRAS_G12C,IC50,677.5,12.1,2025-06-25
ASY-001799,CPD-00227,JAK2,IC50,10.5,7.9,2025-06-30
ASY-001800,CPD-00326,JAK2,IC50,948.3,,2025-04-07
ASY-001801,CPD-00234,EGFR,IC50,2059.8,13.5,2025-07-12
ASY-001802,CPD-00024,EGFR,IC50,2796.9,15.4,2025-01-13
ASY-001803,CPD-00256,CDK4_6,IC50,1783.4,,2026-01-13
ASY-001804,CPD-00582,ALK,IC50,167.7,13.4,2025-01-24
ASY-001805,CPD-00165,MET,IC50,20656.1,,2025-01-20
ASY-001806,CPD-00536,MET,IC50,0.0,,2025-10-08
ASY-001807,CPD-00314,BRAF_V600E,IC50,97.1,,2025-08-20
ASY-001808,CPD-00925,CDK4_6,IC50,1257.2,,2025-11-27
ASY-001809,CPD-00344,JAK2,IC50,0.2,2.3,2025-12-16
ASY-001810,CPD-00054,KRAS_G12C,IC50,1742.0,,2025-06-05
ASY-001811,CPD-00775,JAK2,IC50,56.0,11.1,2025-10-30
ASY-001812,CPD-00220,JAK2,IC50,1916.3,,2026-04-10
ASY-001813,CPD-00686,MET,IC50,11404.2,,2026-02-24
ASY-001814,CPD-00009,CDK4_6,IC50,109.2,,2026-02-19
ASY-001815,CPD-00814,CDK4_6,IC50,937.6,,2025-01-31
ASY-001816,CPD-00091,MET,IC50,5109.5,,2025-10-30
ASY-001817,CPD-00667,BRAF_V600E,IC50,983.1,,2025-03-21
ASY-001818,CPD-00793,BRAF_V600E,IC50,1.4,7.9,2025-10-28
ASY-001819,CPD-00702,PI3K_alpha,IC50,10.3,4.4,2025-03-08
ASY-001820,CPD-00876,EGFR,IC50,16097.5,,2026-04-25
ASY-001821,CPD-00053,EGFR,IC50,788.3,11.7,2025-01-31
ASY-001822,CPD-00763,MET,IC50,46.6,,2026-01-24
ASY-001823,CPD-00919,CDK4_6,IC50,79.8,11.9,2026-03-27
ASY-001824,CPD-00968,EGFR,IC50,26.4,,2025-07-18
ASY-001825,CPD-00120,ALK,IC50,22.1,15.1,2026-03-29
ASY-001826,CPD-00878,KRAS_G12C,IC50,9.5,,2025-09-01
ASY-001827,CPD-00853,MET,IC50,8.5,11.2,2025-06-29
ASY-001828,CPD-00932,JAK2,IC50,19.9,15.2,2025-06-29
ASY-001829,CPD-00302,BRAF_V600E,IC50,31.5,6.5,2026-03-01
ASY-001830,CPD-00539,JAK2,IC50,2.5,19.2,2025-01-26
ASY-001831,CPD-00890,KRAS_G12C,IC50,1.1,10.1,2025-01-13
ASY-001832,CPD-00527,PI3K_alpha,IC50,281.3,,2025-03-14
ASY-001833,CPD-00746,PI3K_alpha,IC50,53.5,6.5,2025-01-22
ASY-001834,CPD-00614,BRAF_V600E,IC50,129.4,,2025-07-10
ASY-001835,CPD-00552,MET,IC50,48.1,,2025-02-16
ASY-001836,CPD-00169,KRAS_G12C,IC50,244.9,,2025-03-05
ASY-001837,CPD-00673,EGFR,IC50,0.0,9.5,2025-03-06
ASY-001838,CPD-00872,EGFR,IC50,20.9,7.8,2025-02-28
ASY-001839,CPD-00276,PI3K_alpha,IC50,4.8,,2026-02-08
ASY-001840,CPD-00713,BTK,IC50,225.1,,2025-12-14
ASY-001841,CPD-00236,CDK4_6,IC50,289.9,13.2,2025-10-31
ASY-001842,CPD-00003,KRAS_G12C,IC50,1115.1,,2025-07-02
ASY-001843,CPD-00824,ALK,IC50,937.0,14.6,2025-02-10
ASY-001844,CPD-00249,BRAF_V600E,IC50,416.5,6.7,2025-02-24
ASY-001845,CPD-00307,BTK,IC50,0.8,,2025-01-29
ASY-001846,CPD-00721,JAK2,IC50,3.7,,2025-07-13
ASY-001847,CPD-00829,ALK,IC50,172.9,,2025-05-27
ASY-001848,CPD-00698,MET,IC50,28.0,,2025-07-07
ASY-001849,CPD-00437,ALK,IC50,62.8,,2025-11-19
ASY-001850,CPD-00366,KRAS_G12C,IC50,20.3,12.7,2025-07-09
ASY-001851,CPD-00279,EGFR,IC50,3.3,14.8,2025-07-13
ASY-001852,CPD-00194,MET,IC50,2.5,5.6,2026-02-28
ASY-001853,CPD-00764,CDK4_6,IC50,3.0,,2026-02-09
ASY-001854,CPD-00581,KRAS_G12C,IC50,46041.4,4.0,2026-04-01
ASY-001855,CPD-00454,CDK4_6,IC50,8.3,12.3,2025-02-05
ASY-001856,CPD-00444,MET,IC50,2.9,,2025-03-04
ASY-001857,CPD-00136,JAK2,IC50,333.8,2.4,2026-02-14
ASY-001858,CPD-00894,BRAF_V600E,IC50,36.3,,2025-02-13
ASY-001859,CPD-00223,CDK4_6,IC50,835770.9,12.4,2025-03-09
ASY-001860,CPD-00671,ALK,IC50,1.4,,2025-03-06
ASY-001861,CPD-00166,PI3K_alpha,IC50,0.6,,2025-11-12
ASY-001862,CPD-00720,ALK,IC50,0.7,,2025-08-19
ASY-001863,CPD-01000,CDK4_6,IC50,22489.6,1.1,2026-04-24
ASY-001864,CPD-00249,MET,IC50,1428.5,,2026-02-15
ASY-001865,CPD-00109,CDK4_6,IC50,2715.1,,2026-03-24
ASY-001866,CPD-00200,PI3K_alpha,IC50,940.3,14.3,2025-03-18
ASY-001867,CPD-00854,PI3K_alpha,IC50,2.8,,2025-02-01
ASY-001868,CPD-00986,CDK4_6,IC50,799.8,8.0,2025-07-02
ASY-001869,CPD-00126,BRAF_V600E,IC50,6.7,18.2,2025-03-06
ASY-001870,CPD-00697,KRAS_G12C,IC50,9.4,2.4,2026-05-11
ASY-001871,CPD-00353,JAK2,IC50,1219.7,,2025-01-18
ASY-001872,CPD-00080,CDK4_6,IC50,15.6,8.9,2026-02-20
ASY-001873,CPD-00845,KRAS_G12C,IC50,628.8,,2026-02-21
ASY-001874,CPD-00042,ALK,IC50,35.8,,2025-10-22
ASY-001875,CPD-00238,BRAF_V600E,IC50,262.3,,2026-03-11
ASY-001876,CPD-00988,JAK2,IC50,2.8,11.7,2025-01-07
ASY-001877,CPD-00200,CDK4_6,IC50,437.6,,2026-04-22
ASY-001878,CPD-00565,JAK2,IC50,2.0,5.2,2025-09-20
ASY-001879,CPD-00076,JAK2,IC50,5.8,,2025-11-27
ASY-001880,CPD-00886,ALK,IC50,15997.9,9.6,2025-02-01
ASY-001881,CPD-00401,EGFR,IC50,671.9,,2025-08-05
ASY-001882,CPD-00954,BTK,IC50,564.8,4.9,2025-10-08
ASY-001883,CPD-00408,KRAS_G12C,IC50,172.5,,2025-02-16
ASY-001884,CPD-00967,MET,IC50,4318.0,,2025-11-09
ASY-001885,CPD-00652,EGFR,IC50,8733.4,,2025-10-30
ASY-001886,CPD-00617,JAK2,IC50,0.0,16.3,2025-01-02
ASY-001887,CPD-00067,JAK2,IC50,35.1,,2025-02-15
ASY-001888,CPD-00173,ALK,IC50,68946.5,,2025-03-11
ASY-001889,CPD-00042,CDK4_6,IC50,5406.1,6.4,2025-11-04
ASY-001890,CPD-00914,ALK,IC50,49.9,,2025-06-24
ASY-001891,CPD-00969,BRAF_V600E,IC50,132.9,,2026-01-15
ASY-001892,CPD-00617,BRAF_V600E,IC50,8.4,7.9,2025-03-25
ASY-001893,CPD-00726,PI3K_alpha,IC50,0.7,,2025-07-15
ASY-001894,CPD-00510,JAK2,IC50,2607.3,,2026-03-18
ASY-001895,CPD-00533,BTK,IC50,2104.5,,2026-03-29
ASY-001896,CPD-00028,BRAF_V600E,IC50,0.1,,2025-03-24
ASY-001897,CPD-00398,JAK2,IC50,4137.9,4.4,2026-01-17
ASY-001898,CPD-00274,KRAS_G12C,IC50,4255.2,14.0,2025-02-15
ASY-001899,CPD-00665,BRAF_V600E,IC50,193426.7,16.0,2025-02-22
ASY-001900,CPD-00692,ALK,IC50,0.4,,2025-11-16
ASY-001901,CPD-00373,CDK4_6,IC50,105.1,8.4,2025-01-25
ASY-001902,CPD-00794,EGFR,IC50,1.6,,2025-04-10
ASY-001903,CPD-00552,CDK4_6,IC50,1.1,,2025-11-22
ASY-001904,CPD-00495,ALK,IC50,11.9,12.0,2025-01-17
ASY-001905,CPD-00246,MET,IC50,201.2,6.3,2025-03-29
ASY-001906,CPD-00261,CDK4_6,IC50,3725.2,8.0,2025-11-24
ASY-001907,CPD-00009,JAK2,IC50,13798.9,,2026-04-13
ASY-001908,CPD-00596,ALK,IC50,0.8,,2025-04-07
ASY-001909,CPD-00202,KRAS_G12C,IC50,3062.6,4.3,2025-08-10
ASY-001910,CPD-00597,BRAF_V600E,IC50,3.3,9.6,2025-06-27
ASY-001911,CPD-00637,MET,IC50,217.8,12.9,2026-04-26
ASY-001912,CPD-00807,EGFR,IC50,131.1,,2025-08-21
ASY-001913,CPD-00028,EGFR,IC50,53.6,12.9,2025-07-04
ASY-001914,CPD-00838,MET,IC50,0.1,,2025-04-29
ASY-001915,CPD-00079,EGFR,IC50,21.1,11.5,2025-01-24
ASY-001916,CPD-00047,PI3K_alpha,IC50,0.4,6.9,2025-03-07
ASY-001917,CPD-00438,JAK2,IC50,401.4,2.1,2025-06-15
ASY-001918,CPD-00005,EGFR,IC50,0.2,,2025-10-30
ASY-001919,CPD-00231,KRAS_G12C,IC50,1286.5,,2025-11-17
ASY-001920,CPD-00111,BTK,IC50,107.1,,2026-01-08
ASY-001921,CPD-00609,MET,IC50,168.8,,2025-08-23
ASY-001922,CPD-00379,CDK4_6,IC50,2370.2,,2025-09-22
ASY-001923,CPD-00282,KRAS_G12C,IC50,9.7,4.3,2025-04-11
ASY-001924,CPD-00247,KRAS_G12C,IC50,6321.0,,2025-05-29
ASY-001925,CPD-00663,ALK,IC50,333.6,10.4,2025-05-10
ASY-001926,CPD-00534,CDK4_6,IC50,0.6,,2025-07-13
ASY-001927,CPD-00329,MET,IC50,1257.8,,2025-11-05
ASY-001928,CPD-00394,EGFR,IC50,1205.9,3.7,2025-12-23
ASY-001929,CPD-00888,BTK,IC50,78.8,10.2,2025-07-30
ASY-001930,CPD-00864,MET,IC50,305.6,11.4,2025-03-08
ASY-001931,CPD-00189,KRAS_G12C,IC50,14.7,-5.2,2026-02-27
ASY-001932,CPD-00586,PI3K_alpha,IC50,1356.7,,2025-04-06
ASY-001933,CPD-00385,EGFR,IC50,0.3,,2026-02-20
ASY-001934,CPD-00877,JAK2,IC50,4.7,,2026-05-15
ASY-001935,CPD-00399,CDK4_6,IC50,52401.9,,2026-02-27
ASY-001936,CPD-00484,PI3K_alpha,IC50,166516.8,,2026-04-16
ASY-001937,CPD-00872,KRAS_G12C,IC50,11.4,,2025-12-15
ASY-001938,CPD-00591,PI3K_alpha,IC50,349.2,,2026-02-08
ASY-001939,CPD-00840,PI3K_alpha,IC50,38.2,3.7,2025-07-22
ASY-001940,CPD-00158,ALK,IC50,0.3,,2025-05-22
ASY-001941,CPD-00611,ALK,IC50,2169.8,,2026-02-25
ASY-001942,CPD-00747,ALK,IC50,90469.0,8.7,2026-01-16
ASY-001943,CPD-00838,CDK4_6,IC50,0.9,14.7,2025-10-08
ASY-001944,CPD-00657,CDK4_6,IC50,74.9,9.6,2025-01-05
ASY-001945,CPD-00897,EGFR,IC50,828.4,9.3,2026-01-27
ASY-001946,CPD-00502,MET,IC50,668.8,,2025-09-16
ASY-001947,CPD-00297,MET,IC50,0.8,16.6,2025-04-02
ASY-001948,CPD-00506,ALK,IC50,65.0,8.0,2025-01-25
ASY-001949,CPD-00333,JAK2,IC50,26.6,9.2,2025-12-04
ASY-001950,CPD-00069,BRAF_V600E,IC50,13.0,,2025-10-04
ASY-001951,CPD-00881,BTK,IC50,93.7,10.4,2025-03-07
ASY-001952,CPD-00379,ALK,IC50,14788.0,,2026-01-19
ASY-001953,CPD-00648,ALK,IC50,225.4,,2025-02-15
ASY-001954,CPD-00333,KRAS_G12C,IC50,3386.9,,2025-03-07
ASY-001955,CPD-00837,ALK,IC50,139.9,3.3,2025-05-14
ASY-001956,CPD-00522,KRAS_G12C,IC50,83.3,,2025-12-30
ASY-001957,CPD-00589,MET,IC50,247.6,8.3,2025-01-29
ASY-001958,CPD-00806,ALK,IC50,1454.2,,2026-03-15
ASY-001959,CPD-00769,PI3K_alpha,IC50,11989.6,,2025-03-24
ASY-001960,CPD-00384,BRAF_V600E,IC50,3.5,16.2,2025-12-22
ASY-001961,CPD-00306,KRAS_G12C,IC50,13.6,5.0,2026-02-16
ASY-001962,CPD-00319,KRAS_G12C,IC50,14.3,,2025-02-16
ASY-001963,CPD-00142,EGFR,IC50,248.8,,2026-01-22
ASY-001964,CPD-00967,PI3K_alpha,IC50,0.3,,2025-05-23
ASY-001965,CPD-00559,CDK4_6,IC50,1595.9,,2026-01-26
ASY-001966,CPD-00558,CDK4_6,IC50,741.8,7.7,2025-02-09
ASY-001967,CPD-00114,BRAF_V600E,IC50,1254.3,,2025-11-03
ASY-001968,CPD-00027,CDK4_6,IC50,0.8,13.5,2026-01-06
ASY-001969,CPD-00315,CDK4_6,IC50,2.1,,2026-03-15
ASY-001970,CPD-00800,JAK2,IC50,168.1,,2025-09-06
ASY-001971,CPD-00098,CDK4_6,IC50,80.5,,2025-12-11
ASY-001972,CPD-00686,EGFR,IC50,1252.8,,2025-03-27
ASY-001973,CPD-00498,EGFR,IC50,4.4,,2025-06-30
ASY-001974,CPD-00106,PI3K_alpha,IC50,3.1,4.9,2026-01-16
ASY-001975,CPD-00431,JAK2,IC50,10.2,,2025-09-05
ASY-001976,CPD-00007,BRAF_V600E,IC50,62.7,13.3,2026-01-15
ASY-001977,CPD-00935,BRAF_V600E,IC50,3.1,,2025-09-09
ASY-001978,CPD-00545,MET,IC50,0.5,,2026-03-12
ASY-001979,CPD-00373,KRAS_G12C,IC50,581.1,7.4,2025-03-05
ASY-001980,CPD-00533,BTK,IC50,137.7,14.9,2025-11-19
ASY-001981,CPD-00684,BRAF_V600E,IC50,314.3,14.9,2026-04-13
ASY-001982,CPD-00618,ALK,IC50,2627.9,,2025-12-21
ASY-001983,CPD-00948,MET,IC50,0.0,,2025-04-21
ASY-001984,CPD-00571,PI3K_alpha,IC50,19.2,,2026-01-19
ASY-001985,CPD-00067,EGFR,IC50,276.9,9.6,2025-04-23
ASY-001986,CPD-00266,BRAF_V600E,IC50,83.1,,2026-05-07
ASY-001987,CPD-00274,BRAF_V600E,IC50,220.3,,2026-03-28
ASY-001988,CPD-00683,EGFR,IC50,592.8,,2025-10-29
ASY-001989,CPD-00293,BRAF_V600E,IC50,6151.7,,2025-06-26
ASY-001990,CPD-00266,ALK,IC50,53.5,,2026-04-20
ASY-001991,CPD-00808,PI3K_alpha,IC50,4241.7,,2026-01-27
ASY-001992,CPD-00792,BRAF_V600E,IC50,26.4,5.4,2026-02-14
ASY-001993,CPD-00362,ALK,IC50,1229.5,14.9,2025-07-18
ASY-001994,CPD-00281,PI3K_alpha,IC50,8.4,13.9,2025-04-09
ASY-001995,CPD-00644,EGFR,IC50,4.2,15.8,2025-02-10
ASY-001996,CPD-00244,BRAF_V600E,IC50,0.4,,2025-01-26
ASY-001997,CPD-00323,MET,IC50,5.3,15.1,2025-02-20
ASY-001998,CPD-00658,PI3K_alpha,IC50,2182.2,,2026-04-24
ASY-001999,CPD-00260,ALK,IC50,1849.8,,2025-01-05
ASY-002000,CPD-00713,KRAS_G12C,IC50,11.0,,2025-11-27
ASY-002001,CPD-00894,EGFR,IC50,3511.2,,2025-06-20
ASY-002002,CPD-00850,JAK2,IC50,105.3,4.3,2025-08-03
ASY-002003,CPD-00711,PI3K_alpha,IC50,1787.3,10.3,2025-05-16
ASY-002004,CPD-00585,BTK,IC50,4693.0,8.9,2025-10-26
ASY-002005,CPD-00998,JAK2,IC50,0.1,,2025-10-31
ASY-002006,CPD-00599,PI3K_alpha,IC50,5.5,,2026-04-05
ASY-002007,CPD-00902,BRAF_V600E,IC50,6353.0,12.4,2026-03-27
ASY-002008,CPD-00518,BTK,IC50,31.8,12.9,2025-03-05
ASY-002009,CPD-00386,KRAS_G12C,IC50,1.0,,2025-01-13
ASY-002010,CPD-00738,MET,IC50,90.1,7.8,2026-01-17
ASY-002011,CPD-00853,PI3K_alpha,IC50,0.9,,2025-01-05
ASY-002012,CPD-00850,JAK2,IC50,7246.6,,2026-01-18
ASY-002013,CPD-00073,BRAF_V600E,IC50,0.0,17.5,2025-01-20
ASY-002014,CPD-00566,ALK,IC50,2913.7,,2025-08-16
ASY-002015,CPD-00939,CDK4_6,IC50,571.1,,2025-12-24
ASY-002016,CPD-00634,PI3K_alpha,IC50,43.0,5.3,2026-01-18
ASY-002017,CPD-00027,JAK2,IC50,4223.3,15.5,2026-02-24
ASY-002018,CPD-00426,PI3K_alpha,IC50,499.6,,2025-08-28
ASY-002019,CPD-00377,MET,IC50,38042.7,,2026-04-15
ASY-002020,CPD-00034,BTK,IC50,4289985.9,,2025-01-03
ASY-002021,CPD-00935,BTK,IC50,687.1,16.3,2025-01-11
ASY-002022,CPD-00693,KRAS_G12C,IC50,5783.2,10.8,2025-10-18
ASY-002023,CPD-00116,ALK,IC50,402.7,,2025-11-20
ASY-002024,CPD-00219,CDK4_6,IC50,65.6,5.7,2025-04-19
ASY-002025,CPD-00659,KRAS_G12C,IC50,20499.4,8.4,2025-01-25
ASY-002026,CPD-00004,JAK2,IC50,100.6,,2025-09-20
ASY-002027,CPD-00615,MET,IC50,1573.8,3.6,2025-12-05
ASY-002028,CPD-00412,BRAF_V600E,IC50,27546.8,9.4,2025-01-05
ASY-002029,CPD-00625,CDK4_6,IC50,136248.3,8.0,2025-11-04
ASY-002030,CPD-00664,JAK2,IC50,28.6,17.4,2025-07-05
ASY-002031,CPD-00879,BTK,IC50,74736.2,9.6,2026-02-17
ASY-002032,CPD-00292,BTK,IC50,92.8,3.5,2026-04-04
ASY-002033,CPD-00955,EGFR,IC50,139.4,8.6,2025-08-17
ASY-002034,CPD-00791,PI3K_alpha,IC50,20005.4,,2025-12-16
ASY-002035,CPD-00078,KRAS_G12C,IC50,0.3,,2025-06-08
ASY-002036,CPD-00353,EGFR,IC50,45284.0,17.2,2025-10-10
ASY-002037,CPD-00373,PI3K_alpha,IC50,118.7,,2026-01-14
ASY-002038,CPD-00521,JAK2,IC50,2211.4,12.4,2025-04-07
ASY-002039,CPD-00604,BTK,IC50,12285.5,3.0,2025-07-08
ASY-002040,CPD-00395,KRAS_G12C,IC50,3702.5,11.3,2026-03-09
ASY-002041,CPD-00676,JAK2,IC50,3.1,,2025-05-01
ASY-002042,CPD-00544,EGFR,IC50,14.7,6.3,2025-11-05
ASY-002043,CPD-00614,BRAF_V600E,IC50,58.6,,2026-02-25
ASY-002044,CPD-00918,JAK2,IC50,0.2,13.0,2025-08-15
ASY-002045,CPD-00735,BTK,IC50,642.5,,2026-04-25
ASY-002046,CPD-00975,JAK2,IC50,16.6,13.9,2025-02-07
ASY-002047,CPD-00979,BRAF_V600E,IC50,5.9,15.4,2025-11-26
ASY-002048,CPD-00877,PI3K_alpha,IC50,2.5,11.1,2025-03-16
ASY-002049,CPD-00748,PI3K_alpha,IC50,26.1,6.8,2025-08-04
ASY-002050,CPD-00664,PI3K_alpha,IC50,0.8,,2025-05-08
ASY-002051,CPD-00964,CDK4_6,IC50,0.5,11.9,2025-04-06
ASY-002052,CPD-00159,BTK,IC50,7.7,12.6,2025-12-03
ASY-002053,CPD-00547,CDK4_6,IC50,54.7,6.3,2025-03-06
ASY-002054,CPD-00335,CDK4_6,IC50,14.8,,2025-01-17
ASY-002055,CPD-00276,CDK4_6,IC50,395.3,15.3,2025-12-03
ASY-002056,CPD-00800,MET,IC50,3.7,,2026-02-18
ASY-002057,CPD-00859,KRAS_G12C,IC50,215.5,15.2,2026-01-10
ASY-002058,CPD-00538,PI3K_alpha,IC50,0.4,,2025-09-06
ASY-002059,CPD-00657,EGFR,IC50,17.4,4.9,2026-04-26
ASY-002060,CPD-00748,ALK,IC50,0.2,,2025-08-19
ASY-002061,CPD-00306,JAK2,IC50,3195.0,16.5,2025-06-06
ASY-002062,CPD-00811,EGFR,IC50,1081485.1,7.7,2025-05-30
ASY-002063,CPD-00547,BTK,IC50,450.8,13.0,2025-03-26
ASY-002064,CPD-00912,KRAS_G12C,IC50,39.3,,2025-10-10
ASY-002065,CPD-00004,PI3K_alpha,IC50,182.7,,2025-11-27
ASY-002066,CPD-00585,EGFR,IC50,2333.8,6.5,2025-02-22
ASY-002067,CPD-00658,BTK,IC50,2124.2,0.5,2026-01-04
ASY-002068,CPD-00970,EGFR,IC50,285.3,3.6,2026-03-06
ASY-002069,CPD-00284,BRAF_V600E,IC50,14.6,10.4,2025-01-03
ASY-002070,CPD-00110,JAK2,IC50,0.1,,2026-03-16
ASY-002071,CPD-00908,BRAF_V600E,IC50,39.1,6.5,2025-03-02
ASY-002072,CPD-00945,ALK,IC50,5112.8,,2025-06-30
ASY-002073,CPD-00950,MET,IC50,149.1,8.8,2025-08-11
ASY-002074,CPD-00655,ALK,IC50,249.7,,2025-07-22
ASY-002075,CPD-00930,BRAF_V600E,IC50,19.9,19.9,2025-01-11
ASY-002076,CPD-00610,CDK4_6,IC50,12.3,10.7,2025-03-07
ASY-002077,CPD-00304,ALK,IC50,5396.4,13.6,2025-09-24
ASY-002078,CPD-00104,ALK,IC50,13.6,14.5,2025-02-18
ASY-002079,CPD-00862,BTK,IC50,0.0,,2025-11-30
ASY-002080,CPD-00016,BRAF_V600E,IC50,273.0,0.0,2025-11-25
ASY-002081,CPD-00732,BRAF_V600E,IC50,65.4,10.1,2026-03-22
ASY-002082,CPD-00320,BRAF_V600E,IC50,41.8,,2025-12-03
ASY-002083,CPD-00884,MET,IC50,307.6,,2025-10-30
ASY-002084,CPD-00993,BTK,IC50,95.2,1.3,2025-02-24
ASY-002085,CPD-00076,ALK,IC50,9260.5,5.2,2026-04-20
ASY-002086,CPD-00855,BRAF_V600E,IC50,309.3,,2025-02-11
ASY-002087,CPD-00387,JAK2,IC50,49312.5,9.0,2025-05-05
ASY-002088,CPD-00286,KRAS_G12C,IC50,880.2,,2025-12-17
ASY-002089,CPD-00793,BRAF_V600E,IC50,54318.6,,2025-02-04
ASY-002090,CPD-00574,MET,IC50,7.5,10.3,2025-03-14
ASY-002091,CPD-00601,EGFR,IC50,163.9,11.9,2026-04-29
ASY-002092,CPD-00373,CDK4_6,IC50,17.4,,2025-06-11
ASY-002093,CPD-00548,JAK2,IC50,3907.6,6.0,2025-09-02
ASY-002094,CPD-00308,EGFR,IC50,181.6,11.1,2025-05-09
ASY-002095,CPD-00469,BRAF_V600E,IC50,22253.1,,2025-11-05
ASY-002096,CPD-00650,BRAF_V600E,IC50,61.1,,2025-10-28
ASY-002097,CPD-00690,BRAF_V600E,IC50,50.7,,2025-05-07
ASY-002098,CPD-00220,ALK,IC50,1400.2,,2025-09-06
ASY-002099,CPD-00722,CDK4_6,IC50,17.4,12.9,2025-11-22
ASY-002100,CPD-00770,JAK2,IC50,732.9,14.5,2026-04-30
ASY-002101,CPD-00581,BTK,IC50,36.4,8.1,2025-06-07
ASY-002102,CPD-00655,MET,IC50,4689.1,,2025-09-20
ASY-002103,CPD-00489,BRAF_V600E,IC50,367.8,19.0,2025-07-15
ASY-002104,CPD-00150,KRAS_G12C,IC50,2.4,5.3,2026-04-17
ASY-002105,CPD-00640,BRAF_V600E,IC50,3098.5,14.3,2026-01-12
ASY-002106,CPD-00583,BRAF_V600E,IC50,3.9,,2025-12-20
ASY-002107,CPD-00205,JAK2,IC50,2.1,1.4,2025-08-24
ASY-002108,CPD-00934,PI3K_alpha,IC50,44215.6,,2025-09-03
ASY-002109,CPD-00674,ALK,IC50,821.8,9.4,2025-03-27
ASY-002110,CPD-00020,PI3K_alpha,IC50,75.7,,2026-05-08
ASY-002111,CPD-00554,MET,IC50,42.2,,2025-10-30
ASY-002112,CPD-00021,PI3K_alpha,IC50,53.3,10.8,2025-06-08
ASY-002113,CPD-00982,ALK,IC50,400.6,10.1,2025-01-10
ASY-002114,CPD-00173,JAK2,IC50,9369.3,14.1,2025-08-17
ASY-002115,CPD-00126,KRAS_G12C,IC50,243.9,-0.2,2025-09-26
ASY-002116,CPD-00080,PI3K_alpha,IC50,198125.9,16.2,2025-02-23
ASY-002117,CPD-00440,BRAF_V600E,IC50,365.2,13.3,2026-04-14
ASY-002118,CPD-00988,PI3K_alpha,IC50,13.5,8.4,2025-12-23
ASY-002119,CPD-00092,MET,IC50,245.7,,2025-05-07
ASY-002120,CPD-00583,KRAS_G12C,IC50,6.6,,2026-01-16
ASY-002121,CPD-00918,CDK4_6,IC50,7.0,8.5,2025-10-09
ASY-002122,CPD-00542,MET,IC50,929.6,10.4,2025-08-25
ASY-002123,CPD-00667,EGFR,IC50,12.2,,2025-10-02
ASY-002124,CPD-00799,CDK4_6,IC50,0.5,16.8,2025-08-02
ASY-002125,CPD-00815,KRAS_G12C,IC50,1320.3,,2025-08-14
ASY-002126,CPD-00988,BRAF_V600E,IC50,20133.1,11.9,2025-11-15
ASY-002127,CPD-00730,KRAS_G12C,IC50,49.2,,2025-11-26
ASY-002128,CPD-00320,JAK2,IC50,0.0,,2025-09-18
ASY-002129,CPD-00104,BTK,IC50,129.5,,2025-05-26
ASY-002130,CPD-00834,JAK2,IC50,58.4,6.6,2025-11-13
ASY-002131,CPD-00345,JAK2,IC50,0.9,,2025-05-09
ASY-002132,CPD-00509,EGFR,IC50,102.4,,2025-02-22
ASY-002133,CPD-00160,PI3K_alpha,IC50,10.9,2.3,2026-03-17
ASY-002134,CPD-00776,KRAS_G12C,IC50,1593.0,,2025-12-29
ASY-002135,CPD-00542,PI3K_alpha,IC50,6.4,,2026-04-16
ASY-002136,CPD-00639,BTK,IC50,62.7,5.9,2025-07-16
ASY-002137,CPD-00427,PI3K_alpha,IC50,1.1,,2025-03-24
ASY-002138,CPD-00216,KRAS_G12C,IC50,16382.0,11.4,2026-02-14
ASY-002139,CPD-00455,BRAF_V600E,IC50,5251.8,11.8,2026-03-07
ASY-002140,CPD-00331,KRAS_G12C,IC50,0.6,1.7,2026-02-12
ASY-002141,CPD-00115,JAK2,IC50,11.1,13.0,2025-04-28
ASY-002142,CPD-00175,CDK4_6,IC50,80028.5,,2025-11-15
ASY-002143,CPD-00775,CDK4_6,IC50,461.7,3.7,2025-01-12
ASY-002144,CPD-00268,KRAS_G12C,IC50,0.5,,2025-03-16
ASY-002145,CPD-00435,ALK,IC50,11536.7,10.6,2025-03-24
ASY-002146,CPD-00359,EGFR,IC50,48.3,13.6,2025-04-28
ASY-002147,CPD-00404,CDK4_6,IC50,555.2,,2025-05-11
ASY-002148,CPD-00125,EGFR,IC50,513.1,18.6,2025-05-25
ASY-002149,CPD-00156,PI3K_alpha,IC50,252.7,11.5,2025-12-29
ASY-002150,CPD-00413,PI3K_alpha,IC50,405.8,,2026-03-06
ASY-002151,CPD-00539,KRAS_G12C,IC50,53.6,9.7,2025-05-14
ASY-002152,CPD-00605,CDK4_6,IC50,939.1,,2025-03-25
ASY-002153,CPD-00425,JAK2,IC50,29.6,,2025-04-15
ASY-002154,CPD-00402,BTK,IC50,745.6,10.3,2026-03-05
ASY-002155,CPD-00207,JAK2,IC50,87.8,17.0,2025-06-27
ASY-002156,CPD-00675,EGFR,IC50,8.6,,2025-02-17
ASY-002157,CPD-00118,JAK2,IC50,1.3,,2026-03-16
ASY-002158,CPD-00725,PI3K_alpha,IC50,172.8,11.8,2025-03-26
ASY-002159,CPD-00024,CDK4_6,IC50,6.2,4.7,2025-08-18
ASY-002160,CPD-00987,MET,IC50,16.3,,2025-05-29
ASY-002161,CPD-00251,EGFR,IC50,6.8,9.0,2025-07-23
ASY-002162,CPD-00799,KRAS_G12C,IC50,181.8,17.2,2025-09-18
ASY-002163,CPD-00969,PI3K_alpha,IC50,2181.6,,2025-10-20
ASY-002164,CPD-00255,EGFR,IC50,119.1,9.4,2025-09-16
ASY-002165,CPD-00358,CDK4_6,IC50,0.1,,2025-03-11
ASY-002166,CPD-00428,EGFR,IC50,50564.4,6.1,2025-07-28
ASY-002167,CPD-00330,MET,IC50,149.2,13.4,2025-02-20
ASY-002168,CPD-00409,EGFR,IC50,0.0,,2026-05-11
ASY-002169,CPD-00503,MET,IC50,409.2,,2025-12-05
ASY-002170,CPD-00661,BRAF_V600E,IC50,2.3,14.1,2025-06-26
ASY-002171,CPD-00513,MET,IC50,29.4,3.8,2026-05-06
ASY-002172,CPD-00004,ALK,IC50,27.6,,2025-08-30
ASY-002173,CPD-00946,JAK2,IC50,34.6,,2025-12-01
ASY-002174,CPD-00086,ALK,IC50,1079.8,,2026-05-13
ASY-002175,CPD-00051,BTK,IC50,36102.0,,2025-04-12
ASY-002176,CPD-00917,CDK4_6,IC50,825.7,,2026-01-09
ASY-002177,CPD-00548,BRAF_V600E,IC50,389.5,6.5,2025-10-18
ASY-002178,CPD-00787,PI3K_alpha,IC50,123.5,,2025-10-08
ASY-002179,CPD-00145,MET,IC50,221.7,4.8,2026-05-04
ASY-002180,CPD-00677,MET,IC50,1066.9,14.9,2025-01-04
ASY-002181,CPD-00096,BRAF_V600E,IC50,141151.3,,2025-01-24
ASY-002182,CPD-00338,BTK,IC50,272.8,10.0,2025-10-17
ASY-002183,CPD-00486,ALK,IC50,495.3,,2025-09-15
ASY-002184,CPD-00873,ALK,IC50,21814.9,5.1,2025-10-25
ASY-002185,CPD-00885,KRAS_G12C,IC50,7.2,10.1,2026-01-30
ASY-002186,CPD-00089,KRAS_G12C,IC50,7.3,,2025-06-24
ASY-002187,CPD-00579,PI3K_alpha,IC50,18.6,,2025-07-16
ASY-002188,CPD-00183,BRAF_V600E,IC50,23.3,14.4,2026-02-24
ASY-002189,CPD-00752,JAK2,IC50,905.9,2.0,2025-01-29
ASY-002190,CPD-00241,MET,IC50,196531.0,,2026-01-01
ASY-002191,CPD-00892,ALK,IC50,21884.6,12.5,2026-01-07
ASY-002192,CPD-00236,EGFR,IC50,264.6,20.7,2025-10-25
ASY-002193,CPD-00995,KRAS_G12C,IC50,49.1,,2025-01-09
ASY-002194,CPD-00707,CDK4_6,IC50,15.7,11.0,2026-04-15
ASY-002195,CPD-00907,JAK2,IC50,2362.3,11.0,2026-04-01
ASY-002196,CPD-00523,BRAF_V600E,IC50,0.2,12.2,2025-11-15
ASY-002197,CPD-00697,EGFR,IC50,7.8,,2026-04-05
ASY-002198,CPD-00217,PI3K_alpha,IC50,99.3,11.8,2025-04-10
ASY-002199,CPD-00184,ALK,IC50,74082.7,,2025-10-31
ASY-002200,CPD-00444,BTK,IC50,9.4,,2026-04-24
ASY-002201,CPD-00920,KRAS_G12C,IC50,236.2,,2025-01-08
ASY-002202,CPD-00494,CDK4_6,IC50,39246.0,,2025-03-29
ASY-002203,CPD-00040,JAK2,IC50,137.7,,2025-09-06
ASY-002204,CPD-00163,EGFR,IC50,5.1,,2025-10-26
ASY-002205,CPD-00093,BRAF_V600E,IC50,64.2,9.3,2025-01-01
ASY-002206,CPD-00058,MET,IC50,98.0,9.8,2025-09-04
ASY-002207,CPD-00876,MET,IC50,0.2,,2025-09-29
ASY-002208,CPD-00424,EGFR,IC50,31.3,11.0,2025-09-18
ASY-002209,CPD-00929,ALK,IC50,3141.6,,2025-06-21
ASY-002210,CPD-00513,JAK2,IC50,2.0,10.9,2025-09-16
ASY-002211,CPD-00025,EGFR,IC50,7.0,1.7,2025-07-26
ASY-002212,CPD-00008,KRAS_G12C,IC50,60.9,11.0,2025-05-27
ASY-002213,CPD-00071,JAK2,IC50,19451.5,,2025-06-04
ASY-002214,CPD-00924,MET,IC50,2.5,13.6,2025-08-30
ASY-002215,CPD-00972,MET,IC50,29.7,,2025-02-08
ASY-002216,CPD-00772,CDK4_6,IC50,623.0,22.6,2025-01-14
ASY-002217,CPD-00438,EGFR,IC50,314.1,5.6,2025-04-09
ASY-002218,CPD-00590,CDK4_6,IC50,89.6,13.3,2025-10-07
ASY-002219,CPD-00970,EGFR,IC50,1287.5,11.1,2025-12-03
ASY-002220,CPD-00726,BRAF_V600E,IC50,1044.0,10.6,2025-10-09
ASY-002221,CPD-00546,ALK,IC50,1113.4,0.2,2025-10-10
ASY-002222,CPD-00233,MET,IC50,307.2,,2025-07-02
ASY-002223,CPD-00772,JAK2,IC50,0.1,,2025-01-16
ASY-002224,CPD-00957,BTK,IC50,376.5,,2026-05-04
ASY-002225,CPD-00677,JAK2,IC50,8.3,8.8,2025-10-09
ASY-002226,CPD-00133,JAK2,IC50,1723.7,,2025-01-08
ASY-002227,CPD-00600,BRAF_V600E,IC50,761817.0,,2026-04-26
ASY-002228,CPD-00103,CDK4_6,IC50,109.2,7.3,2025-11-17
ASY-002229,CPD-00243,BTK,IC50,21.0,,2025-03-31
ASY-002230,CPD-00060,JAK2,IC50,477.7,,2025-04-07
ASY-002231,CPD-00877,JAK2,IC50,49.2,2.8,2025-03-11
ASY-002232,CPD-00518,KRAS_G12C,IC50,153.1,,2026-01-23
ASY-002233,CPD-00198,MET,IC50,13.9,6.8,2025-07-19
ASY-002234,CPD-00677,CDK4_6,IC50,35.9,,2026-05-07
ASY-002235,CPD-00879,PI3K_alpha,IC50,0.2,,2025-09-07
ASY-002236,CPD-00595,MET,IC50,42.3,,2025-10-01
ASY-002237,CPD-00197,CDK4_6,IC50,2809.9,10.8,2026-01-28
ASY-002238,CPD-00835,EGFR,IC50,125.0,,2025-05-27
ASY-002239,CPD-00432,BRAF_V600E,IC50,56.6,,2025-05-30
ASY-002240,CPD-00145,PI3K_alpha,IC50,53.4,,2025-02-07
ASY-002241,CPD-00703,KRAS_G12C,IC50,2.1,11.5,2025-03-20
ASY-002242,CPD-00758,ALK,IC50,6711.8,,2025-03-13
ASY-002243,CPD-00389,MET,IC50,2.4,9.7,2025-01-22
ASY-002244,CPD-00356,ALK,IC50,47.2,15.3,2025-03-07
ASY-002245,CPD-00007,PI3K_alpha,IC50,4705.2,16.7,2025-10-29
ASY-002246,CPD-00664,ALK,IC50,179.6,,2025-09-24
ASY-002247,CPD-00685,JAK2,IC50,2.4,,2025-07-07
ASY-002248,CPD-00452,ALK,IC50,113.5,4.5,2025-10-20
ASY-002249,CPD-00593,PI3K_alpha,IC50,129.9,20.5,2026-03-26
ASY-002250,CPD-00457,ALK,IC50,47.5,,2025-07-11
ASY-002251,CPD-00134,BTK,IC50,18.8,,2025-10-05
ASY-002252,CPD-00375,PI3K_alpha,IC50,1734.8,17.4,2025-09-02
ASY-002253,CPD-00059,KRAS_G12C,IC50,808.2,7.5,2025-07-04
ASY-002254,CPD-00296,MET,IC50,55.7,,2026-03-29
ASY-002255,CPD-00046,BTK,IC50,65.0,7.2,2025-08-20
ASY-002256,CPD-00790,BRAF_V600E,IC50,89.3,,2025-06-22
ASY-002257,CPD-00547,PI3K_alpha,IC50,2.2,11.2,2026-04-19
ASY-002258,CPD-00662,BTK,IC50,470.1,,2025-09-30
ASY-002259,CPD-00471,EGFR,IC50,83483.8,11.9,2026-03-12
ASY-002260,CPD-00042,MET,IC50,774.9,,2026-03-30
ASY-002261,CPD-00054,MET,IC50,18.0,7.5,2025-01-06
ASY-002262,CPD-00216,KRAS_G12C,IC50,4.7,5.2,2025-04-07
ASY-002263,CPD-00269,EGFR,IC50,3.0,0.3,2025-10-17
ASY-002264,CPD-00116,CDK4_6,IC50,18.4,2.8,2026-03-27
ASY-002265,CPD-00817,ALK,IC50,17.9,7.9,2025-03-04
ASY-002266,CPD-00369,PI3K_alpha,IC50,1404.9,3.5,2025-08-07
ASY-002267,CPD-00729,MET,IC50,74.0,,2026-03-06
ASY-002268,CPD-00869,MET,IC50,16980.2,,2025-10-07
ASY-002269,CPD-00812,ALK,IC50,0.1,13.4,2025-09-11
ASY-002270,CPD-00458,MET,IC50,142.0,,2025-05-01
ASY-002271,CPD-00386,EGFR,IC50,51088.0,,2026-05-03
ASY-002272,CPD-00566,JAK2,IC50,1.0,,2025-04-16
ASY-002273,CPD-00346,JAK2,IC50,213.0,,2025-01-25
ASY-002274,CPD-00194,ALK,IC50,24.6,,2025-01-02
ASY-002275,CPD-00965,CDK4_6,IC50,2.0,3.7,2025-04-29
ASY-002276,CPD-00494,EGFR,IC50,4.1,,2025-06-17
ASY-002277,CPD-00400,BRAF_V600E,IC50,3935.3,,2025-04-17
ASY-002278,CPD-00432,PI3K_alpha,IC50,806.4,,2026-05-07
ASY-002279,CPD-00318,JAK2,IC50,11.9,,2026-04-01
ASY-002280,CPD-00012,ALK,IC50,0.2,11.3,2025-01-26
ASY-002281,CPD-00134,KRAS_G12C,IC50,69.5,11.1,2025-02-15
ASY-002282,CPD-00638,MET,IC50,141.0,-2.0,2026-04-12
ASY-002283,CPD-00671,KRAS_G12C,IC50,0.1,10.6,2025-06-26
ASY-002284,CPD-00853,CDK4_6,IC50,57.8,1.3,2026-03-01
ASY-002285,CPD-00650,BRAF_V600E,IC50,38.1,6.1,2025-03-13
ASY-002286,CPD-00523,MET,IC50,908.7,4.0,2025-02-10
ASY-002287,CPD-00577,PI3K_alpha,IC50,81.5,,2025-09-28
ASY-002288,CPD-00878,BRAF_V600E,IC50,36.0,,2025-06-29
ASY-002289,CPD-00485,KRAS_G12C,IC50,1.4,,2025-07-29
ASY-002290,CPD-00862,PI3K_alpha,IC50,19704.4,5.4,2025-03-05
ASY-002291,CPD-00646,BRAF_V600E,IC50,1455.9,,2025-05-20
ASY-002292,CPD-00183,BTK,IC50,22.7,8.1,2025-02-17
ASY-002293,CPD-00297,PI3K_alpha,IC50,396.0,13.5,2026-01-03
ASY-002294,CPD-00505,PI3K_alpha,IC50,82390.0,,2025-09-28
ASY-002295,CPD-00386,EGFR,IC50,400.2,,2026-01-18
ASY-002296,CPD-00609,ALK,IC50,6.4,18.3,2025-02-26
ASY-002297,CPD-00584,PI3K_alpha,IC50,271686.1,,2026-01-09
ASY-002298,CPD-00584,PI3K_alpha,IC50,45.0,,2026-04-11
ASY-002299,CPD-00495,JAK2,IC50,11062.5,11.3,2025-11-08
ASY-002300,CPD-00779,EGFR,IC50,84.0,,2025-06-21
ASY-002301,CPD-00373,CDK4_6,IC50,4066.6,,2026-03-17
ASY-002302,CPD-00329,MET,IC50,410.6,12.6,2026-04-27
ASY-002303,CPD-00545,EGFR,IC50,6.3,,2026-02-07
ASY-002304,CPD-00078,CDK4_6,IC50,8.7,22.2,2026-01-21
ASY-002305,CPD-00365,CDK4_6,IC50,285559.1,,2025-08-10
ASY-002306,CPD-00659,BTK,IC50,39.4,14.7,2026-04-30
ASY-002307,CPD-00148,PI3K_alpha,IC50,222.0,15.1,2026-04-18
ASY-002308,CPD-00133,BRAF_V600E,IC50,62.3,17.5,2025-07-28
ASY-002309,CPD-00173,KRAS_G12C,IC50,75460.4,,2025-05-17
ASY-002310,CPD-00370,MET,IC50,1.3,8.2,2025-04-17
ASY-002311,CPD-00242,CDK4_6,IC50,69693.9,10.1,2025-10-14
ASY-002312,CPD-00765,ALK,IC50,16.7,,2025-05-30
ASY-002313,CPD-00926,JAK2,IC50,85.2,8.3,2025-12-12
ASY-002314,CPD-00358,EGFR,IC50,764.2,,2025-05-22
ASY-002315,CPD-00822,ALK,IC50,3.2,,2025-04-14
ASY-002316,CPD-00353,BTK,IC50,21.7,5.9,2025-06-03
ASY-002317,CPD-00318,BRAF_V600E,IC50,123.1,7.8,2025-07-15
ASY-002318,CPD-00443,EGFR,IC50,9.1,4.6,2025-08-01
ASY-002319,CPD-00381,MET,IC50,1684.1,6.5,2025-12-13
ASY-002320,CPD-00953,BTK,IC50,8.4,14.0,2026-04-28
ASY-002321,CPD-00751,BRAF_V600E,IC50,111.0,19.1,2026-05-06
ASY-002322,CPD-00639,BTK,IC50,129.2,14.2,2025-10-19
ASY-002323,CPD-00455,JAK2,IC50,1876.1,,2025-04-23
ASY-002324,CPD-00636,BRAF_V600E,IC50,14.6,13.9,2025-12-25
ASY-002325,CPD-00601,MET,IC50,3.1,,2026-04-09
ASY-002326,CPD-00129,MET,IC50,2043.6,,2025-07-21
ASY-002327,CPD-00577,BTK,IC50,1240.2,,2026-03-22
ASY-002328,CPD-00423,CDK4_6,IC50,251.7,,2025-05-17
ASY-002329,CPD-00100,BRAF_V600E,IC50,183.3,,2026-05-01
ASY-002330,CPD-00821,BTK,IC50,2270.1,16.0,2025-12-06
ASY-002331,CPD-00329,CDK4_6,IC50,3650.3,10.2,2025-10-11
ASY-002332,CPD-00854,ALK,IC50,0.5,,2025-08-28
ASY-002333,CPD-00408,CDK4_6,IC50,0.3,14.9,2025-09-04
ASY-002334,CPD-00178,JAK2,IC50,4.4,,2026-03-09
ASY-002335,CPD-00675,KRAS_G12C,IC50,4.7,,2026-02-26
ASY-002336,CPD-00627,BTK,IC50,3.0,0.3,2026-04-06
ASY-002337,CPD-00377,KRAS_G12C,IC50,129.3,4.1,2026-01-04
ASY-002338,CPD-00331,EGFR,IC50,2.4,,2025-10-24
ASY-002339,CPD-00269,EGFR,IC50,1.5,12.7,2025-04-08
ASY-002340,CPD-00796,CDK4_6,IC50,0.4,,2026-04-19
ASY-002341,CPD-00266,MET,IC50,31.1,17.7,2025-05-07
ASY-002342,CPD-00395,PI3K_alpha,IC50,10.1,,2026-01-01
ASY-002343,CPD-00181,JAK2,IC50,20663.5,7.4,2025-01-21
ASY-002344,CPD-00512,BRAF_V600E,IC50,13.0,6.5,2025-08-18
ASY-002345,CPD-00228,ALK,IC50,0.9,7.8,2026-01-14
ASY-002346,CPD-00837,CDK4_6,IC50,412369.3,,2025-11-19
ASY-002347,CPD-00281,MET,IC50,199.2,,2025-05-03
ASY-002348,CPD-00880,KRAS_G12C,IC50,1.0,11.2,2025-08-12
ASY-002349,CPD-00059,KRAS_G12C,IC50,469.7,5.2,2026-05-06
ASY-002350,CPD-00640,MET,IC50,774.4,7.3,2026-04-13
ASY-002351,CPD-00691,JAK2,IC50,81.4,,2026-01-29
ASY-002352,CPD-00668,MET,IC50,45.4,7.8,2025-01-31
ASY-002353,CPD-00020,ALK,IC50,15.0,,2025-01-17
ASY-002354,CPD-00647,JAK2,IC50,1.8,8.7,2025-01-20
ASY-002355,CPD-00253,PI3K_alpha,IC50,1.8,,2025-04-18
ASY-002356,CPD-00185,ALK,IC50,1.5,,2025-10-07
ASY-002357,CPD-00674,BRAF_V600E,IC50,9.1,,2026-04-04
ASY-002358,CPD-00987,EGFR,IC50,109.1,-0.7,2025-05-03
ASY-002359,CPD-00070,MET,IC50,2138.2,10.8,2026-05-16
ASY-002360,CPD-00750,CDK4_6,IC50,945.4,8.9,2025-05-01
ASY-002361,CPD-00610,KRAS_G12C,IC50,7321.0,,2025-10-05
ASY-002362,CPD-00883,MET,IC50,18.8,,2025-08-02
ASY-002363,CPD-00506,EGFR,IC50,32.4,0.9,2026-03-10
ASY-002364,CPD-00857,MET,IC50,15.4,15.2,2025-02-01
ASY-002365,CPD-00274,BTK,IC50,4342.9,10.1,2025-08-16
ASY-002366,CPD-00914,BTK,IC50,13103.0,12.0,2025-08-17
ASY-002367,CPD-00506,MET,IC50,37.0,,2025-01-07
ASY-002368,CPD-00729,PI3K_alpha,IC50,493.9,-2.3,2025-08-30
ASY-002369,CPD-00115,KRAS_G12C,IC50,24.3,1.6,2025-11-18
ASY-002370,CPD-00791,ALK,IC50,26.3,,2025-02-28
ASY-002371,CPD-00318,JAK2,IC50,42.6,,2025-09-24
ASY-002372,CPD-00890,JAK2,IC50,899.2,24.0,2025-08-19
ASY-002373,CPD-00821,BTK,IC50,508.9,,2026-03-04
ASY-002374,CPD-00311,ALK,IC50,42675.2,6.9,2025-05-10
ASY-002375,CPD-00953,JAK2,IC50,15720.2,5.4,2025-11-23
ASY-002376,CPD-00498,MET,IC50,0.0,13.2,2026-02-21
ASY-002377,CPD-00160,MET,IC50,1712.9,,2025-07-03
ASY-002378,CPD-00049,MET,IC50,0.8,5.7,2025-06-28
ASY-002379,CPD-00665,CDK4_6,IC50,586.2,,2025-01-19
ASY-002380,CPD-00362,KRAS_G12C,IC50,0.0,10.8,2025-01-11
ASY-002381,CPD-00147,JAK2,IC50,92.4,10.2,2025-07-20
ASY-002382,CPD-00960,KRAS_G12C,IC50,2181.3,,2025-02-06
ASY-002383,CPD-00306,BRAF_V600E,IC50,217.4,6.8,2025-05-05
ASY-002384,CPD-00809,ALK,IC50,425.9,7.5,2025-10-02
ASY-002385,CPD-00727,BTK,IC50,2.7,,2025-11-09
ASY-002386,CPD-00067,KRAS_G12C,IC50,14.8,13.2,2025-12-07
ASY-002387,CPD-00362,PI3K_alpha,IC50,69.4,,2025-10-05
ASY-002388,CPD-00006,PI3K_alpha,IC50,0.0,-2.8,2025-07-30
ASY-002389,CPD-00842,BRAF_V600E,IC50,3113.6,,2025-06-15
ASY-002390,CPD-00237,MET,IC50,66.4,,2025-10-19
ASY-002391,CPD-00991,PI3K_alpha,IC50,1282.4,,2025-03-18
ASY-002392,CPD-00606,BTK,IC50,11.1,,2026-03-08
ASY-002393,CPD-00433,CDK4_6,IC50,88121.1,12.6,2025-09-25
ASY-002394,CPD-00219,ALK,IC50,53.9,,2025-09-25
ASY-002395,CPD-00242,KRAS_G12C,IC50,81.3,,2025-01-26
ASY-002396,CPD-00232,MET,IC50,46.3,13.2,2025-07-31
ASY-002397,CPD-00853,BRAF_V600E,IC50,0.9,13.5,2025-09-25
ASY-002398,CPD-00626,JAK2,IC50,93.9,7.7,2025-09-23
ASY-002399,CPD-00332,PI3K_alpha,IC50,10.1,,2025-04-23
ASY-002400,CPD-00350,JAK2,IC50,32.5,,2025-10-10
ASY-002401,CPD-00716,KRAS_G12C,IC50,10.1,,2025-03-29
ASY-002402,CPD-00578,KRAS_G12C,IC50,642.6,16.5,2025-12-01
ASY-002403,CPD-00213,ALK,IC50,127.1,,2025-12-19
ASY-002404,CPD-00194,ALK,IC50,2.0,19.0,2025-10-03
ASY-002405,CPD-00618,CDK4_6,IC50,24.2,7.1,2025-12-22
ASY-002406,CPD-00224,BTK,IC50,25.7,6.7,2025-09-14
ASY-002407,CPD-00913,EGFR,IC50,5598.9,0.0,2026-05-15
ASY-002408,CPD-00376,PI3K_alpha,IC50,1812.3,18.2,2025-03-23
ASY-002409,CPD-00487,CDK4_6,IC50,42.7,,2025-01-16
ASY-002410,CPD-00903,KRAS_G12C,IC50,5193.9,,2025-07-07
ASY-002411,CPD-00195,MET,IC50,1098.5,,2025-07-16
ASY-002412,CPD-00676,KRAS_G12C,IC50,34.9,,2025-12-14
ASY-002413,CPD-00852,JAK2,IC50,4.1,,2025-09-18
ASY-002414,CPD-00802,EGFR,IC50,480.6,,2025-01-13
ASY-002415,CPD-00837,JAK2,IC50,10.3,14.8,2025-12-05
ASY-002416,CPD-00931,BTK,IC50,0.5,,2025-06-11
ASY-002417,CPD-00971,EGFR,IC50,0.0,6.9,2025-03-26
ASY-002418,CPD-00195,JAK2,IC50,29.1,13.1,2025-05-02
ASY-002419,CPD-00771,CDK4_6,IC50,8513.2,6.8,2025-04-10
ASY-002420,CPD-00778,BRAF_V600E,IC50,18.7,5.8,2025-05-23
ASY-002421,CPD-00516,JAK2,IC50,1.2,7.1,2025-07-14
ASY-002422,CPD-00728,CDK4_6,IC50,9.0,,2025-06-11
ASY-002423,CPD-00557,ALK,IC50,15651.1,,2025-09-29
ASY-002424,CPD-00603,BTK,IC50,5178.3,11.1,2025-03-04
ASY-002425,CPD-00943,BRAF_V600E,IC50,31.7,15.1,2025-09-20
ASY-002426,CPD-00135,ALK,IC50,1437.2,,2026-02-19
ASY-002427,CPD-00747,CDK4_6,IC50,56156.4,16.9,2025-12-13
ASY-002428,CPD-00759,EGFR,IC50,3068.9,,2025-02-04
ASY-002429,CPD-00652,CDK4_6,IC50,91.0,,2025-06-16
ASY-002430,CPD-00179,KRAS_G12C,IC50,215.8,,2025-08-09
ASY-002431,CPD-00492,BRAF_V600E,IC50,13.9,7.7,2025-03-10
ASY-002432,CPD-00901,ALK,IC50,41.6,,2025-04-10
ASY-002433,CPD-00709,EGFR,IC50,1.4,7.0,2025-07-01
ASY-002434,CPD-00627,PI3K_alpha,IC50,14.3,4.3,2025-01-17
ASY-002435,CPD-00391,BTK,IC50,1.1,11.3,2025-11-22
ASY-002436,CPD-00435,JAK2,IC50,3126.4,8.9,2026-04-27
ASY-002437,CPD-00608,BTK,IC50,210.0,9.0,2025-10-01
ASY-002438,CPD-00129,JAK2,IC50,6564.9,,2025-12-21
ASY-002439,CPD-00448,JAK2,IC50,286.2,,2025-12-19
ASY-002440,CPD-00386,BTK,IC50,36.7,6.2,2025-09-11
ASY-002441,CPD-00113,EGFR,IC50,2.7,,2026-01-13
ASY-002442,CPD-00879,ALK,IC50,276209.5,,2025-03-11
ASY-002443,CPD-00385,JAK2,IC50,1.9,9.5,2025-08-05
ASY-002444,CPD-00893,MET,IC50,2127.0,11.5,2025-04-24
ASY-002445,CPD-00020,CDK4_6,IC50,75884.2,,2026-01-27
ASY-002446,CPD-00821,PI3K_alpha,IC50,2801.2,17.3,2025-01-14
ASY-002447,CPD-00328,CDK4_6,IC50,8077.5,12.8,2025-01-01
ASY-002448,CPD-00310,CDK4_6,IC50,153.1,12.4,2026-01-25
ASY-002449,CPD-00605,ALK,IC50,24.3,,2026-05-13
ASY-002450,CPD-00154,BTK,IC50,26.0,11.3,2025-06-13
ASY-002451,CPD-00482,KRAS_G12C,IC50,846.8,,2025-03-29
ASY-002452,CPD-00592,PI3K_alpha,IC50,881.2,8.3,2025-08-18
ASY-002453,CPD-00415,CDK4_6,IC50,2.7,6.9,2025-06-24
ASY-002454,CPD-00191,BTK,IC50,484.6,,2025-03-30
ASY-002455,CPD-00040,BTK,IC50,12.4,9.9,2025-09-03
ASY-002456,CPD-00191,MET,IC50,35.4,,2025-06-01
ASY-002457,CPD-00831,BTK,IC50,55.8,,2025-01-18
ASY-002458,CPD-00579,JAK2,IC50,7.3,,2025-01-06
ASY-002459,CPD-00021,BTK,IC50,1.0,8.0,2025-01-11
ASY-002460,CPD-00190,MET,IC50,22.5,,2026-05-16
ASY-002461,CPD-00213,KRAS_G12C,IC50,45.2,7.3,2025-03-17
ASY-002462,CPD-00652,MET,IC50,6.5,,2025-06-24
ASY-002463,CPD-00762,BRAF_V600E,IC50,17243.4,,2025-11-16
ASY-002464,CPD-00901,BRAF_V600E,IC50,2857.5,7.2,2025-02-20
ASY-002465,CPD-00491,BRAF_V600E,IC50,44719.3,9.2,2025-09-04
ASY-002466,CPD-00195,ALK,IC50,498.0,,2025-10-30
ASY-002467,CPD-00739,EGFR,IC50,107.6,16.9,2025-11-30
ASY-002468,CPD-00029,MET,IC50,842.5,15.7,2025-05-03
ASY-002469,CPD-00282,KRAS_G12C,IC50,4.4,11.9,2025-12-23
ASY-002470,CPD-00873,JAK2,IC50,180.6,,2025-12-18
ASY-002471,CPD-00086,CDK4_6,IC50,2.8,,2025-03-04
ASY-002472,CPD-00595,KRAS_G12C,IC50,1169.5,10.2,2026-04-10
ASY-002473,CPD-00915,MET,IC50,61.9,3.6,2025-12-28
ASY-002474,CPD-00002,BTK,IC50,19478.8,11.3,2025-10-26
ASY-002475,CPD-00704,MET,IC50,3251.4,0.4,2026-01-18
ASY-002476,CPD-00263,CDK4_6,IC50,87.4,3.3,2026-02-02
ASY-002477,CPD-00658,JAK2,IC50,12.3,,2025-11-04
ASY-002478,CPD-00434,MET,IC50,1340.1,,2026-02-16
ASY-002479,CPD-00349,JAK2,IC50,1.6,,2025-05-19
ASY-002480,CPD-00134,BTK,IC50,141.3,5.4,2026-04-23
ASY-002481,CPD-00356,ALK,IC50,19.4,7.7,2026-03-17
ASY-002482,CPD-00106,BRAF_V600E,IC50,1150.4,,2025-03-11
ASY-002483,CPD-00429,BTK,IC50,1298.1,,2025-11-09
ASY-002484,CPD-00960,EGFR,IC50,23.3,,2025-02-16
ASY-002485,CPD-00246,JAK2,IC50,25122.0,8.0,2025-08-23
ASY-002486,CPD-00119,ALK,IC50,24646.3,7.2,2025-07-30
ASY-002487,CPD-00090,MET,IC50,1.6,,2026-02-15
ASY-002488,CPD-00146,JAK2,IC50,28.6,,2025-12-12
ASY-002489,CPD-00871,BTK,IC50,91.5,,2025-10-03
ASY-002490,CPD-00526,ALK,IC50,3801.6,15.0,2025-06-02
ASY-002491,CPD-00039,BTK,IC50,2506.4,16.4,2025-02-24
ASY-002492,CPD-00638,BTK,IC50,1090.2,,2025-01-05
ASY-002493,CPD-00764,BRAF_V600E,IC50,183.9,,2025-12-29
ASY-002494,CPD-00484,JAK2,IC50,178818.3,7.5,2026-05-09
ASY-002495,CPD-00452,JAK2,IC50,134.1,,2025-05-12
ASY-002496,CPD-00311,PI3K_alpha,IC50,36.2,11.9,2025-07-02
ASY-002497,CPD-00811,BRAF_V600E,IC50,122.4,,2025-03-10
ASY-002498,CPD-00228,CDK4_6,IC50,2.6,,2025-07-15
ASY-002499,CPD-00703,JAK2,IC50,91.6,,2025-05-08
ASY-002500,CPD-00937,ALK,IC50,2179.6,12.0,2026-01-09
ASY-002501,CPD-00393,ALK,IC50,60.9,,2025-10-12
ASY-002502,CPD-00834,JAK2,IC50,2.7,,2025-08-20
ASY-002503,CPD-00987,BRAF_V600E,IC50,0.4,,2025-02-11
ASY-002504,CPD-00729,KRAS_G12C,IC50,27.6,14.9,2026-02-10
ASY-002505,CPD-00289,PI3K_alpha,IC50,2225.1,11.4,2026-03-15
ASY-002506,CPD-00588,BRAF_V600E,IC50,3135.7,23.0,2026-01-09
ASY-002507,CPD-00878,EGFR,IC50,9263.2,19.7,2025-02-18
ASY-002508,CPD-00501,MET,IC50,364.0,,2026-04-23
ASY-002509,CPD-00648,BTK,IC50,64.1,,2025-08-23
ASY-002510,CPD-00093,MET,IC50,8.0,17.0,2026-04-30
ASY-002511,CPD-00590,BRAF_V600E,IC50,4674.3,,2025-12-11
ASY-002512,CPD-00471,CDK4_6,IC50,80.5,13.4,2025-07-13
ASY-002513,CPD-00400,EGFR,IC50,2.2,4.9,2026-03-30
ASY-002514,CPD-00658,MET,IC50,143.3,,2025-11-21
ASY-002515,CPD-00788,PI3K_alpha,IC50,973.4,,2026-05-04
ASY-002516,CPD-00191,KRAS_G12C,IC50,8632.0,,2025-08-25
ASY-002517,CPD-00706,BRAF_V600E,IC50,0.0,,2025-03-18
ASY-002518,CPD-00767,PI3K_alpha,IC50,289.3,6.7,2026-02-04
ASY-002519,CPD-00998,BTK,IC50,274.8,,2026-04-19
ASY-002520,CPD-00667,BRAF_V600E,IC50,27.8,6.0,2025-12-23
ASY-002521,CPD-00275,PI3K_alpha,IC50,1868.9,11.3,2026-04-09
ASY-002522,CPD-00748,BRAF_V600E,IC50,2.0,,2026-01-18
ASY-002523,CPD-00686,ALK,IC50,1.0,15.8,2025-03-02
ASY-002524,CPD-00664,BRAF_V600E,IC50,1129.5,,2025-11-04
ASY-002525,CPD-00151,JAK2,IC50,5473.3,8.9,2025-02-16
ASY-002526,CPD-00752,BRAF_V600E,IC50,187.6,,2025-08-19
ASY-002527,CPD-00819,CDK4_6,IC50,275.8,,2025-11-15
ASY-002528,CPD-00839,PI3K_alpha,IC50,10.0,,2025-04-08
ASY-002529,CPD-00969,BTK,IC50,0.0,9.3,2025-06-24
ASY-002530,CPD-00313,JAK2,IC50,149.6,,2026-03-14
ASY-002531,CPD-00309,ALK,IC50,0.3,,2025-08-14
ASY-002532,CPD-00582,CDK4_6,IC50,11.1,,2026-03-28
ASY-002533,CPD-00960,EGFR,IC50,14.3,14.3,2025-03-08
ASY-002534,CPD-00943,CDK4_6,IC50,48415.0,18.8,2025-04-12
ASY-002535,CPD-00872,KRAS_G12C,IC50,9.3,,2025-04-02
ASY-002536,CPD-00490,BRAF_V600E,IC50,804.9,15.4,2026-02-26
ASY-002537,CPD-00329,ALK,IC50,0.4,9.0,2025-05-18
ASY-002538,CPD-00269,ALK,IC50,127.9,,2025-07-24
ASY-002539,CPD-00606,KRAS_G12C,IC50,126.5,11.3,2026-04-22
ASY-002540,CPD-00259,ALK,IC50,142.4,,2025-06-06
ASY-002541,CPD-00310,BTK,IC50,2244.7,17.2,2025-04-17
ASY-002542,CPD-00747,BTK,IC50,7026.5,,2025-06-25
ASY-002543,CPD-00187,EGFR,IC50,4.0,15.2,2025-04-08
ASY-002544,CPD-00729,ALK,IC50,4.2,19.9,2026-03-24
ASY-002545,CPD-00385,JAK2,IC50,6.9,13.0,2026-02-17
ASY-002546,CPD-00620,BRAF_V600E,IC50,0.0,,2026-01-04
ASY-002547,CPD-00094,BTK,IC50,25.6,,2026-01-03
ASY-002548,CPD-00787,BRAF_V600E,IC50,0.0,12.8,2025-10-30
ASY-002549,CPD-00523,EGFR,IC50,6.4,6.9,2025-04-15
ASY-002550,CPD-00838,ALK,IC50,4.8,12.5,2025-09-03
ASY-002551,CPD-00182,CDK4_6,IC50,5982.6,,2026-03-12
ASY-002552,CPD-00282,JAK2,IC50,1.8,11.2,2026-02-09
ASY-002553,CPD-00033,MET,IC50,159.2,,2026-03-13
ASY-002554,CPD-00123,PI3K_alpha,IC50,229.2,11.0,2025-09-22
ASY-002555,CPD-00737,ALK,IC50,1494.1,6.4,2026-03-22
ASY-002556,CPD-00878,CDK4_6,IC50,2980.5,,2025-12-22
ASY-002557,CPD-00223,BTK,IC50,2.4,,2026-04-05
ASY-002558,CPD-00229,MET,IC50,15052.9,,2025-02-01
ASY-002559,CPD-00061,CDK4_6,IC50,0.0,,2025-06-25
ASY-002560,CPD-00956,EGFR,IC50,900.2,,2026-04-08
ASY-002561,CPD-00058,PI3K_alpha,IC50,1731.6,7.7,2025-05-28
ASY-002562,CPD-00069,EGFR,IC50,24817.2,14.1,2025-05-07
ASY-002563,CPD-00189,CDK4_6,IC50,1.8,9.0,2025-06-28
ASY-002564,CPD-00189,MET,IC50,602.0,,2025-10-22
ASY-002565,CPD-00689,CDK4_6,IC50,11.9,5.9,2026-01-07
ASY-002566,CPD-00666,EGFR,IC50,1277.2,5.5,2025-11-10
ASY-002567,CPD-00853,KRAS_G12C,IC50,3.4,,2026-04-19
ASY-002568,CPD-00171,ALK,IC50,784.3,8.8,2025-10-27
ASY-002569,CPD-00020,JAK2,IC50,14.0,12.9,2025-12-29
ASY-002570,CPD-00598,BRAF_V600E,IC50,5.1,,2025-06-23
ASY-002571,CPD-00629,PI3K_alpha,IC50,3710.6,8.4,2026-03-24
ASY-002572,CPD-00916,EGFR,IC50,671.4,,2025-07-13
ASY-002573,CPD-00136,BRAF_V600E,IC50,6921.9,7.0,2026-01-31
ASY-002574,CPD-00771,BRAF_V600E,IC50,3266.9,,2025-02-18
ASY-002575,CPD-00844,EGFR,IC50,1301.6,,2026-01-05
ASY-002576,CPD-00045,KRAS_G12C,IC50,2.9,9.4,2025-02-02
ASY-002577,CPD-00542,BRAF_V600E,IC50,122.4,,2025-10-22
ASY-002578,CPD-00194,BTK,IC50,277.7,15.5,2025-04-14
ASY-002579,CPD-00020,CDK4_6,IC50,647.6,18.0,2026-05-16
ASY-002580,CPD-00092,CDK4_6,IC50,854.1,16.1,2025-04-06
ASY-002581,CPD-00099,EGFR,IC50,0.0,4.4,2025-01-31
ASY-002582,CPD-00092,KRAS_G12C,IC50,638.9,4.8,2025-09-14
ASY-002583,CPD-00969,ALK,IC50,14322.2,,2026-01-01
ASY-002584,CPD-00257,MET,IC50,341.9,6.7,2026-02-25
ASY-002585,CPD-00662,PI3K_alpha,IC50,47.9,,2026-04-06
ASY-002586,CPD-00247,JAK2,IC50,25.4,,2025-08-11
ASY-002587,CPD-00138,EGFR,IC50,97185.7,18.1,2025-05-03
ASY-002588,CPD-00440,CDK4_6,IC50,4.9,2.6,2025-04-04
ASY-002589,CPD-00693,BTK,IC50,2447.1,6.7,2026-02-23
ASY-002590,CPD-00403,EGFR,IC50,2991.1,,2026-03-15
ASY-002591,CPD-00696,JAK2,IC50,101.3,14.9,2025-03-19
ASY-002592,CPD-00359,CDK4_6,IC50,1045.3,4.0,2025-04-06
ASY-002593,CPD-00666,MET,IC50,871.3,1.8,2026-01-06
ASY-002594,CPD-00036,EGFR,IC50,86.2,,2025-03-19
ASY-002595,CPD-00852,KRAS_G12C,IC50,2048.7,,2026-05-13
ASY-002596,CPD-00508,EGFR,IC50,252.6,,2025-10-24
ASY-002597,CPD-00919,BRAF_V600E,IC50,55.5,4.6,2026-04-11
ASY-002598,CPD-00031,BRAF_V600E,IC50,85641.0,13.5,2025-11-10
ASY-002599,CPD-00694,BTK,IC50,2.5,,2026-01-07
ASY-002600,CPD-00750,EGFR,IC50,31.9,,2025-03-09
ASY-002601,CPD-00954,JAK2,IC50,289.9,11.7,2025-07-31
ASY-002602,CPD-00218,MET,IC50,202164.4,18.6,2025-03-06
ASY-002603,CPD-00347,MET,IC50,18.3,11.2,2026-02-24
ASY-002604,CPD-00749,BRAF_V600E,IC50,1486.4,8.6,2025-11-02
ASY-002605,CPD-00762,ALK,IC50,0.8,7.4,2026-03-22
ASY-002606,CPD-00908,CDK4_6,IC50,3.3,11.6,2025-01-24
ASY-002607,CPD-00697,BTK,IC50,100.9,8.6,2025-09-01
ASY-002608,CPD-00720,BTK,IC50,3280.7,9.0,2026-05-08
ASY-002609,CPD-00960,CDK4_6,IC50,6.9,13.5,2025-04-04
ASY-002610,CPD-00462,KRAS_G12C,IC50,1.9,12.3,2025-12-06
ASY-002611,CPD-00344,MET,IC50,4303.8,9.5,2025-12-30
ASY-002612,CPD-00814,PI3K_alpha,IC50,58.4,8.9,2025-08-11
ASY-002613,CPD-00938,ALK,IC50,2.3,,2026-02-27
ASY-002614,CPD-00943,MET,IC50,2.4,,2025-08-17
ASY-002615,CPD-00050,KRAS_G12C,IC50,3.4,,2025-01-26
ASY-002616,CPD-00284,JAK2,IC50,9.9,2.7,2026-02-22
ASY-002617,CPD-00589,BTK,IC50,1645.8,,2025-11-21
ASY-002618,CPD-00134,KRAS_G12C,IC50,21.6,,2025-11-19
ASY-002619,CPD-00436,JAK2,IC50,6.0,7.3,2025-12-27
ASY-002620,CPD-00537,EGFR,IC50,3488.6,,2026-04-01
ASY-002621,CPD-00147,BRAF_V600E,IC50,7816.8,-2.0,2025-08-13
ASY-002622,CPD-00809,BRAF_V600E,IC50,0.4,,2025-02-11
ASY-002623,CPD-00687,CDK4_6,IC50,1438.7,11.7,2025-06-08
ASY-002624,CPD-00079,JAK2,IC50,2.3,,2025-11-28
ASY-002625,CPD-00136,BRAF_V600E,IC50,299.0,,2025-04-08
ASY-002626,CPD-00383,ALK,IC50,338.1,,2026-01-31
ASY-002627,CPD-00063,KRAS_G12C,IC50,112.0,4.2,2026-02-09
ASY-002628,CPD-00586,BRAF_V600E,IC50,137.8,11.0,2026-02-18
ASY-002629,CPD-00953,CDK4_6,IC50,191.9,13.0,2025-09-18
ASY-002630,CPD-00053,JAK2,IC50,3.6,,2025-05-23
ASY-002631,CPD-00055,PI3K_alpha,IC50,77071.8,,2025-09-07
ASY-002632,CPD-00811,CDK4_6,IC50,29740.8,,2025-08-20
ASY-002633,CPD-00813,JAK2,IC50,7288.4,1.3,2026-05-12
ASY-002634,CPD-00768,BRAF_V600E,IC50,50204.7,7.1,2025-01-06
ASY-002635,CPD-00740,KRAS_G12C,IC50,36.3,,2025-01-22
ASY-002636,CPD-00460,ALK,IC50,1837.4,13.2,2025-12-26
ASY-002637,CPD-00703,ALK,IC50,137.6,,2025-05-19
ASY-002638,CPD-00735,PI3K_alpha,IC50,16.2,3.5,2025-04-16
ASY-002639,CPD-00911,EGFR,IC50,429.3,1.4,2026-01-18
ASY-002640,CPD-00875,BRAF_V600E,IC50,2327.4,18.7,2026-04-27
ASY-002641,CPD-00145,PI3K_alpha,IC50,995.8,,2025-04-18
ASY-002642,CPD-00300,KRAS_G12C,IC50,7466.2,9.4,2025-10-14
ASY-002643,CPD-00674,MET,IC50,7059.1,,2025-10-04
ASY-002644,CPD-00323,JAK2,IC50,0.8,9.9,2025-10-20
ASY-002645,CPD-00826,BRAF_V600E,IC50,48.4,10.3,2026-05-01
ASY-002646,CPD-00697,PI3K_alpha,IC50,284.5,5.4,2025-07-03
ASY-002647,CPD-00790,MET,IC50,53644.2,,2025-02-17
ASY-002648,CPD-00556,CDK4_6,IC50,125.7,3.5,2025-11-28
ASY-002649,CPD-00656,EGFR,IC50,0.6,7.8,2025-07-10
ASY-002650,CPD-00389,MET,IC50,481.1,,2025-10-27
ASY-002651,CPD-00337,ALK,IC50,0.5,,2025-04-02
ASY-002652,CPD-00185,BRAF_V600E,IC50,1518.6,6.0,2026-01-24
ASY-002653,CPD-00587,KRAS_G12C,IC50,49.1,6.1,2025-12-13
ASY-002654,CPD-00081,BRAF_V600E,IC50,377.8,,2025-06-16
ASY-002655,CPD-00418,PI3K_alpha,IC50,209.6,,2026-05-11
ASY-002656,CPD-00996,KRAS_G12C,IC50,145.6,,2025-08-25
ASY-002657,CPD-00941,CDK4_6,IC50,178.3,,2025-06-28
ASY-002658,CPD-00926,EGFR,IC50,82.8,,2025-11-26
ASY-002659,CPD-00338,PI3K_alpha,IC50,677.1,12.0,2025-12-31
ASY-002660,CPD-00695,BRAF_V600E,IC50,3.6,13.9,2025-05-03
ASY-002661,CPD-00941,ALK,IC50,3927.8,,2025-07-06
ASY-002662,CPD-00303,ALK,IC50,0.1,,2025-09-13
ASY-002663,CPD-00590,ALK,IC50,1985.3,4.8,2025-10-22
ASY-002664,CPD-00477,KRAS_G12C,IC50,12.1,16.7,2025-08-14
ASY-002665,CPD-00522,EGFR,IC50,4.5,23.8,2025-12-07
ASY-002666,CPD-00438,BRAF_V600E,IC50,0.1,,2026-01-25
ASY-002667,CPD-00032,MET,IC50,1.5,12.4,2025-03-11
ASY-002668,CPD-00478,ALK,IC50,6.7,5.9,2026-03-25
ASY-002669,CPD-00141,BRAF_V600E,IC50,4.3,8.2,2025-09-27
ASY-002670,CPD-00626,JAK2,IC50,28519.4,11.2,2025-01-14
ASY-002671,CPD-00155,BRAF_V600E,IC50,3247.4,9.7,2025-08-09
ASY-002672,CPD-00261,CDK4_6,IC50,0.3,11.6,2025-01-01
ASY-002673,CPD-00967,MET,IC50,51.4,4.8,2025-03-30
ASY-002674,CPD-00597,ALK,IC50,9788.0,,2026-01-08
ASY-002675,CPD-00486,CDK4_6,IC50,0.2,,2025-06-28
ASY-002676,CPD-00496,BRAF_V600E,IC50,10328.9,6.6,2025-12-08
ASY-002677,CPD-00238,BRAF_V600E,IC50,84.6,,2026-04-21
ASY-002678,CPD-00074,ALK,IC50,196.7,,2026-01-18
ASY-002679,CPD-00325,JAK2,IC50,0.4,,2025-12-20
ASY-002680,CPD-00090,PI3K_alpha,IC50,7878.1,,2026-03-30
ASY-002681,CPD-00506,MET,IC50,67.6,12.5,2026-05-07
ASY-002682,CPD-00748,MET,IC50,8.4,7.6,2025-07-15
ASY-002683,CPD-00098,PI3K_alpha,IC50,16.6,,2025-07-16
ASY-002684,CPD-00913,BRAF_V600E,IC50,13.0,,2025-12-24
ASY-002685,CPD-00296,KRAS_G12C,IC50,7.2,,2026-05-11
ASY-002686,CPD-00294,KRAS_G12C,IC50,3540.6,,2026-05-11
ASY-002687,CPD-00018,BRAF_V600E,IC50,3769134.6,,2025-08-25
ASY-002688,CPD-00178,CDK4_6,IC50,19327.2,13.7,2025-09-07
ASY-002689,CPD-00458,CDK4_6,IC50,68.7,,2025-09-30
ASY-002690,CPD-00414,CDK4_6,IC50,109.5,,2025-05-20
ASY-002691,CPD-00789,JAK2,IC50,4.0,4.2,2026-04-23
ASY-002692,CPD-00133,KRAS_G12C,IC50,42.2,9.3,2025-08-12
ASY-002693,CPD-00127,BTK,IC50,5.0,,2026-01-10
ASY-002694,CPD-00165,BRAF_V600E,IC50,0.2,,2025-01-14
ASY-002695,CPD-00959,MET,IC50,2.8,2.3,2025-06-28
ASY-002696,CPD-00926,CDK4_6,IC50,9.8,7.5,2026-01-12
ASY-002697,CPD-00854,PI3K_alpha,IC50,37.0,8.4,2026-02-09
ASY-002698,CPD-00064,EGFR,IC50,5.9,10.1,2026-01-03
ASY-002699,CPD-00107,JAK2,IC50,42.5,,2025-05-20
ASY-002700,CPD-00065,ALK,IC50,13.9,11.7,2026-01-28
ASY-002701,CPD-00414,MET,IC50,1.5,,2025-12-06
ASY-002702,CPD-00270,EGFR,IC50,1079.4,,2025-09-27
ASY-002703,CPD-00646,ALK,IC50,573.1,,2025-02-26
ASY-002704,CPD-00296,PI3K_alpha,IC50,28.2,,2025-03-27
ASY-002705,CPD-00604,MET,IC50,1.1,,2025-04-02
ASY-002706,CPD-00383,KRAS_G12C,IC50,2.1,5.5,2025-07-28
ASY-002707,CPD-00844,BTK,IC50,112.3,14.1,2025-04-06
ASY-002708,CPD-00001,CDK4_6,IC50,0.6,2.2,2025-11-14
ASY-002709,CPD-00581,EGFR,IC50,1268.6,7.6,2025-04-15
ASY-002710,CPD-00272,EGFR,IC50,5607.4,,2026-03-30
ASY-002711,CPD-00669,MET,IC50,270.3,10.8,2025-01-14
ASY-002712,CPD-00398,KRAS_G12C,IC50,13.6,7.6,2025-06-13
ASY-002713,CPD-00869,ALK,IC50,19.3,,2025-02-19
ASY-002714,CPD-00234,KRAS_G12C,IC50,118.9,13.1,2025-09-08
ASY-002715,CPD-00685,BTK,IC50,267.0,18.7,2026-02-25
ASY-002716,CPD-00017,JAK2,IC50,25.9,,2026-03-22
ASY-002717,CPD-00054,EGFR,IC50,527.2,,2025-10-02
ASY-002718,CPD-00357,MET,IC50,4.9,12.7,2025-03-16
ASY-002719,CPD-00245,JAK2,IC50,0.6,11.4,2026-01-28
ASY-002720,CPD-00448,EGFR,IC50,555.5,8.4,2025-08-03
ASY-002721,CPD-00370,JAK2,IC50,649.7,,2026-01-13
ASY-002722,CPD-00689,PI3K_alpha,IC50,407.1,9.0,2025-04-25
ASY-002723,CPD-00022,EGFR,IC50,2105.3,13.0,2025-10-24
ASY-002724,CPD-00199,EGFR,IC50,4.7,,2025-07-22
ASY-002725,CPD-00538,PI3K_alpha,IC50,869.9,,2025-09-21
ASY-002726,CPD-00819,MET,IC50,909.2,18.1,2025-05-13
ASY-002727,CPD-00684,MET,IC50,407.5,,2025-07-22
ASY-002728,CPD-00791,KRAS_G12C,IC50,142956.4,19.2,2025-01-17
ASY-002729,CPD-00235,BTK,IC50,273.6,,2025-02-02
ASY-002730,CPD-00404,EGFR,IC50,0.2,14.4,2025-04-07
ASY-002731,CPD-00302,ALK,IC50,12.8,6.9,2025-01-21
ASY-002732,CPD-00415,ALK,IC50,481.6,,2025-01-23
ASY-002733,CPD-00688,JAK2,IC50,9811.0,4.0,2025-01-22
ASY-002734,CPD-00440,ALK,IC50,23.3,,2025-08-08
ASY-002735,CPD-00484,EGFR,IC50,143.1,,2026-01-28
ASY-002736,CPD-00561,EGFR,IC50,33.6,11.2,2025-11-05
ASY-002737,CPD-00286,BRAF_V600E,IC50,266.9,,2025-11-16
ASY-002738,CPD-00668,MET,IC50,10.9,2.0,2025-03-30
ASY-002739,CPD-00785,KRAS_G12C,IC50,31.2,,2025-12-26
ASY-002740,CPD-00398,CDK4_6,IC50,692.6,,2026-05-04
ASY-002741,CPD-00263,JAK2,IC50,9.8,,2026-01-23
ASY-002742,CPD-00550,BRAF_V600E,IC50,3099.9,,2025-03-07
ASY-002743,CPD-00771,JAK2,IC50,66.0,,2025-09-26
ASY-002744,CPD-00652,CDK4_6,IC50,146.4,,2025-06-20
ASY-002745,CPD-00101,BTK,IC50,15.5,,2026-01-20
ASY-002746,CPD-00252,BRAF_V600E,IC50,166.1,9.2,2026-01-26
ASY-002747,CPD-00923,JAK2,IC50,32687.9,4.8,2025-08-04
ASY-002748,CPD-00139,CDK4_6,IC50,128.5,,2025-08-10
ASY-002749,CPD-00064,JAK2,IC50,234238.8,,2025-11-20
ASY-002750,CPD-00829,PI3K_alpha,IC50,858069.8,,2025-09-13
ASY-002751,CPD-00812,BRAF_V600E,IC50,205.9,8.9,2025-03-07
ASY-002752,CPD-00832,PI3K_alpha,IC50,82.5,8.1,2025-09-14
ASY-002753,CPD-00090,ALK,IC50,870.8,,2025-12-03
ASY-002754,CPD-00551,EGFR,IC50,208.3,,2025-07-17
ASY-002755,CPD-00152,KRAS_G12C,IC50,1377.8,17.0,2025-10-30
ASY-002756,CPD-00087,JAK2,IC50,9.9,6.1,2025-10-06
ASY-002757,CPD-00828,KRAS_G12C,IC50,4045.9,6.9,2026-02-07
ASY-002758,CPD-00618,KRAS_G12C,IC50,58.2,,2025-01-22
ASY-002759,CPD-00021,EGFR,IC50,40.6,,2026-03-06
ASY-002760,CPD-00828,CDK4_6,IC50,0.3,,2025-01-10
ASY-002761,CPD-00716,KRAS_G12C,IC50,18.9,,2025-01-03
ASY-002762,CPD-00602,KRAS_G12C,IC50,0.5,,2026-01-07
ASY-002763,CPD-00099,JAK2,IC50,3.7,,2025-12-14
ASY-002764,CPD-00059,KRAS_G12C,IC50,815.0,,2025-03-09
ASY-002765,CPD-00210,KRAS_G12C,IC50,0.4,18.5,2025-08-12
ASY-002766,CPD-00065,KRAS_G12C,IC50,2624.5,15.5,2025-12-26
ASY-002767,CPD-00743,JAK2,IC50,2.5,,2025-02-25
ASY-002768,CPD-00548,BRAF_V600E,IC50,13.0,,2026-05-14
ASY-002769,CPD-00405,MET,IC50,353.9,9.6,2026-03-20
ASY-002770,CPD-00193,EGFR,IC50,30.4,5.0,2025-06-14
ASY-002771,CPD-00990,MET,IC50,1983504.8,,2025-05-05
ASY-002772,CPD-00125,CDK4_6,IC50,1639.0,,2025-09-09
ASY-002773,CPD-00397,KRAS_G12C,IC50,109270.3,,2025-01-03
ASY-002774,CPD-00080,CDK4_6,IC50,124.2,12.1,2025-10-01
ASY-002775,CPD-00095,MET,IC50,3905.5,6.3,2025-03-24
ASY-002776,CPD-00632,MET,IC50,344.2,19.2,2025-06-06
ASY-002777,CPD-00688,EGFR,IC50,110.6,5.4,2026-01-12
ASY-002778,CPD-00060,KRAS_G12C,IC50,0.2,,2025-08-28
ASY-002779,CPD-00535,PI3K_alpha,IC50,5.5,3.1,2026-01-06
ASY-002780,CPD-00106,CDK4_6,IC50,19972.9,,2025-12-27
ASY-002781,CPD-00557,EGFR,IC50,0.1,,2025-02-27
ASY-002782,CPD-00887,PI3K_alpha,IC50,415.0,13.9,2025-09-25
ASY-002783,CPD-00424,KRAS_G12C,IC50,2231.3,,2026-02-22
ASY-002784,CPD-00818,JAK2,IC50,9.9,,2025-08-16
ASY-002785,CPD-00699,MET,IC50,767.9,17.6,2025-06-05
ASY-002786,CPD-00668,MET,IC50,116658.3,,2025-02-12
ASY-002787,CPD-00045,BRAF_V600E,IC50,45.1,,2025-02-15
ASY-002788,CPD-00122,BRAF_V600E,IC50,2630.3,,2026-04-23
ASY-002789,CPD-00039,BRAF_V600E,IC50,875.5,,2025-02-09
ASY-002790,CPD-00014,ALK,IC50,4987.8,,2025-01-04
ASY-002791,CPD-00720,KRAS_G12C,IC50,15.5,7.9,2026-05-15
ASY-002792,CPD-00199,JAK2,IC50,561.4,,2025-05-26
ASY-002793,CPD-00886,BTK,IC50,0.1,,2025-05-19
ASY-002794,CPD-00866,BRAF_V600E,IC50,6.6,9.4,2025-02-03
ASY-002795,CPD-00940,PI3K_alpha,IC50,396.9,,2025-01-02
ASY-002796,CPD-00010,PI3K_alpha,IC50,758.3,19.9,2025-06-04
ASY-002797,CPD-00719,EGFR,IC50,40979.9,,2025-05-06
ASY-002798,CPD-00970,PI3K_alpha,IC50,37.8,,2026-01-29
ASY-002799,CPD-00466,MET,IC50,24.4,,2025-08-19
ASY-002800,CPD-00878,EGFR,IC50,764.4,,2026-03-03
ASY-002801,CPD-00854,PI3K_alpha,IC50,486.3,,2025-08-12
ASY-002802,CPD-00463,PI3K_alpha,IC50,158.4,,2025-05-20
ASY-002803,CPD-00596,KRAS_G12C,IC50,112521.2,,2025-05-28
ASY-002804,CPD-00194,ALK,IC50,44.1,,2025-10-03
ASY-002805,CPD-00445,CDK4_6,IC50,2595.4,9.0,2025-12-17
ASY-002806,CPD-00222,BRAF_V600E,IC50,1092885.2,14.9,2026-05-07
ASY-002807,CPD-00257,EGFR,IC50,73.0,,2025-10-27
ASY-002808,CPD-00570,EGFR,IC50,576.4,,2025-06-14
ASY-002809,CPD-00281,CDK4_6,IC50,419.9,13.1,2025-06-25
ASY-002810,CPD-00441,PI3K_alpha,IC50,0.2,,2025-10-03
ASY-002811,CPD-00263,CDK4_6,IC50,195909.5,,2025-03-16
ASY-002812,CPD-00675,CDK4_6,IC50,18.3,,2025-10-09
ASY-002813,CPD-00653,MET,IC50,0.0,13.1,2025-10-19
ASY-002814,CPD-00925,EGFR,IC50,0.9,,2026-02-09
ASY-002815,CPD-00318,BRAF_V600E,IC50,0.6,8.8,2025-01-02
ASY-002816,CPD-00977,JAK2,IC50,0.6,,2026-02-09
ASY-002817,CPD-00043,KRAS_G12C,IC50,872.3,7.8,2025-03-08
ASY-002818,CPD-00314,JAK2,IC50,68.7,13.3,2026-05-12
ASY-002819,CPD-00834,BTK,IC50,4.1,12.6,2025-04-06
ASY-002820,CPD-00248,KRAS_G12C,IC50,4525.8,,2025-09-23
ASY-002821,CPD-00432,CDK4_6,IC50,1.2,,2025-08-16
ASY-002822,CPD-00438,EGFR,IC50,546.7,18.4,2025-08-08
ASY-002823,CPD-00608,ALK,IC50,0.0,6.6,2025-01-29
ASY-002824,CPD-00886,KRAS_G12C,IC50,30.8,,2026-03-16
ASY-002825,CPD-00325,ALK,IC50,88.5,8.8,2026-03-10
ASY-002826,CPD-00748,EGFR,IC50,4.6,,2025-11-29
ASY-002827,CPD-00855,KRAS_G12C,IC50,791.8,3.4,2025-05-12
ASY-002828,CPD-00375,PI3K_alpha,IC50,53911.6,11.1,2026-03-25
ASY-002829,CPD-00085,JAK2,IC50,78.0,9.0,2025-02-24
ASY-002830,CPD-00582,ALK,IC50,9833.5,-2.0,2025-08-28
ASY-002831,CPD-00226,BRAF_V600E,IC50,19.6,5.4,2025-06-05
ASY-002832,CPD-00596,BRAF_V600E,IC50,12.7,10.1,2025-10-27
ASY-002833,CPD-00168,BRAF_V600E,IC50,247219.6,10.0,2025-10-17
ASY-002834,CPD-00768,BRAF_V600E,IC50,105.3,,2025-08-28
ASY-002835,CPD-00684,BRAF_V600E,IC50,10965.7,14.7,2025-11-19
ASY-002836,CPD-00466,EGFR,IC50,1550.3,,2025-03-10
ASY-002837,CPD-00206,JAK2,IC50,2557.7,,2025-01-27
ASY-002838,CPD-00582,KRAS_G12C,IC50,477.6,15.2,2026-03-17
ASY-002839,CPD-00182,PI3K_alpha,IC50,182.4,7.3,2025-02-05
ASY-002840,CPD-00920,JAK2,IC50,2460.8,18.7,2025-09-26
ASY-002841,CPD-00978,ALK,IC50,112.6,,2026-04-18
ASY-002842,CPD-00121,ALK,IC50,342.0,0.5,2025-07-26
ASY-002843,CPD-00730,MET,IC50,522.2,,2025-02-20
ASY-002844,CPD-00003,CDK4_6,IC50,253.8,2.5,2025-09-12
ASY-002845,CPD-00374,CDK4_6,IC50,7718.2,,2026-02-13
ASY-002846,CPD-00383,MET,IC50,59.3,13.4,2025-08-05
ASY-002847,CPD-00197,BRAF_V600E,IC50,176.1,,2025-02-26
ASY-002848,CPD-00658,KRAS_G12C,IC50,1329.2,10.8,2026-03-13
ASY-002849,CPD-00690,KRAS_G12C,IC50,12092.8,7.6,2026-03-03
ASY-002850,CPD-00623,MET,IC50,8124.6,,2025-05-20
ASY-002851,CPD-00116,JAK2,IC50,532972.5,,2025-11-27
ASY-002852,CPD-00264,BTK,IC50,1.7,11.4,2025-07-29
ASY-002853,CPD-00766,CDK4_6,IC50,64.1,,2025-07-08
ASY-002854,CPD-00905,CDK4_6,IC50,798.6,,2025-04-05
ASY-002855,CPD-00501,KRAS_G12C,IC50,888.7,,2026-04-16
ASY-002856,CPD-00157,BTK,IC50,43.0,,2025-02-02
ASY-002857,CPD-00065,ALK,IC50,14.4,6.2,2026-05-12
ASY-002858,CPD-00660,CDK4_6,IC50,1353.1,4.5,2025-08-09
ASY-002859,CPD-00321,ALK,IC50,167.7,,2025-11-24
ASY-002860,CPD-00179,BTK,IC50,182394.1,12.9,2025-09-21
ASY-002861,CPD-00693,MET,IC50,62.8,5.7,2025-10-24
ASY-002862,CPD-00473,KRAS_G12C,IC50,61553.8,12.1,2025-12-09
ASY-002863,CPD-00772,ALK,IC50,95.9,,2026-02-14
ASY-002864,CPD-00621,JAK2,IC50,301.3,13.0,2025-08-09
ASY-002865,CPD-00346,BTK,IC50,780.1,,2025-02-09
ASY-002866,CPD-00367,PI3K_alpha,IC50,10.1,,2025-10-20
ASY-002867,CPD-00137,MET,IC50,1908.7,,2026-03-10
ASY-002868,CPD-00795,CDK4_6,IC50,486.4,,2025-09-17
ASY-002869,CPD-00462,ALK,IC50,120737.5,,2025-10-08
ASY-002870,CPD-00521,PI3K_alpha,IC50,837.5,,2025-07-19
ASY-002871,CPD-00629,PI3K_alpha,IC50,38.6,15.0,2026-04-04
ASY-002872,CPD-00437,KRAS_G12C,IC50,10.9,13.7,2026-04-23
ASY-002873,CPD-00870,ALK,IC50,188.5,,2026-04-03
ASY-002874,CPD-00574,EGFR,IC50,243.5,8.2,2026-03-18
ASY-002875,CPD-00287,JAK2,IC50,2863.0,,2025-06-25
ASY-002876,CPD-00054,BRAF_V600E,IC50,2045.8,,2026-03-22
ASY-002877,CPD-00805,BRAF_V600E,IC50,3420.6,18.3,2025-01-24
ASY-002878,CPD-00230,EGFR,IC50,105.2,,2025-07-23
ASY-002879,CPD-00925,EGFR,IC50,3.7,,2025-09-16
ASY-002880,CPD-00333,BRAF_V600E,IC50,433.5,18.3,2025-11-02
ASY-002881,CPD-00880,EGFR,IC50,1.2,,2025-12-09
ASY-002882,CPD-00346,KRAS_G12C,IC50,514.7,13.8,2026-05-16
ASY-002883,CPD-00606,PI3K_alpha,IC50,75.1,10.8,2026-01-20
ASY-002884,CPD-00290,EGFR,IC50,134.8,3.9,2025-08-23
ASY-002885,CPD-00412,ALK,IC50,99.0,6.8,2026-04-23
ASY-002886,CPD-00410,MET,IC50,1567.3,,2025-07-19
ASY-002887,CPD-00763,ALK,IC50,43.1,5.8,2025-05-02
ASY-002888,CPD-00517,BRAF_V600E,IC50,0.0,1.6,2025-05-18
ASY-002889,CPD-00368,BTK,IC50,0.2,14.8,2025-01-01
ASY-002890,CPD-00620,KRAS_G12C,IC50,3318.4,,2025-08-25
ASY-002891,CPD-00232,BTK,IC50,872.6,3.9,2026-02-25
ASY-002892,CPD-00956,BTK,IC50,1225.2,12.9,2026-03-09
ASY-002893,CPD-00100,CDK4_6,IC50,6.1,4.0,2025-11-29
ASY-002894,CPD-00938,BTK,IC50,0.5,,2025-06-07
ASY-002895,CPD-00402,PI3K_alpha,IC50,3430.3,8.6,2025-05-17
ASY-002896,CPD-00653,KRAS_G12C,IC50,18.8,17.9,2025-10-31
ASY-002897,CPD-00982,PI3K_alpha,IC50,4.2,10.7,2025-11-26
ASY-002898,CPD-00130,EGFR,IC50,1010.9,,2026-04-05
ASY-002899,CPD-00875,BTK,IC50,58017.7,7.2,2025-05-28
ASY-002900,CPD-00482,ALK,IC50,471.2,,2025-11-15
ASY-002901,CPD-00275,BTK,IC50,0.2,15.1,2025-01-13
ASY-002902,CPD-00128,JAK2,IC50,3.5,,2025-11-08
ASY-002903,CPD-00716,BTK,IC50,17.9,9.8,2026-03-01
ASY-002904,CPD-00380,CDK4_6,IC50,516693.6,10.2,2025-12-25
ASY-002905,CPD-00227,CDK4_6,IC50,659.7,,2025-03-29
ASY-002906,CPD-00110,BTK,IC50,462.0,11.2,2025-08-22
ASY-002907,CPD-00312,MET,IC50,59.6,,2025-09-21
ASY-002908,CPD-00740,EGFR,IC50,1.9,,2025-04-23
ASY-002909,CPD-00141,CDK4_6,IC50,0.3,8.9,2025-07-18
ASY-002910,CPD-00741,PI3K_alpha,IC50,183.9,,2025-09-03
ASY-002911,CPD-00939,KRAS_G12C,IC50,2.0,13.6,2025-08-19
ASY-002912,CPD-00904,BRAF_V600E,IC50,5663.0,,2026-05-06
ASY-002913,CPD-00063,MET,IC50,7.7,7.9,2025-02-06
ASY-002914,CPD-00496,ALK,IC50,148.0,12.0,2025-04-18
ASY-002915,CPD-00846,MET,IC50,2.4,8.3,2026-03-07
ASY-002916,CPD-00632,BTK,IC50,272.7,,2025-02-25
ASY-002917,CPD-00064,BRAF_V600E,IC50,477.6,4.8,2025-03-13
ASY-002918,CPD-00142,KRAS_G12C,IC50,21.7,7.4,2025-08-11
ASY-002919,CPD-00689,PI3K_alpha,IC50,1668.2,12.8,2025-06-08
ASY-002920,CPD-00472,CDK4_6,IC50,2574.5,8.8,2025-11-21
ASY-002921,CPD-00614,KRAS_G12C,IC50,102.6,,2025-10-20
ASY-002922,CPD-00953,ALK,IC50,12.1,,2026-03-25
ASY-002923,CPD-00257,EGFR,IC50,1.3,,2025-03-30
ASY-002924,CPD-00119,EGFR,IC50,0.9,,2025-05-02
ASY-002925,CPD-00088,MET,IC50,133.0,,2026-01-03
ASY-002926,CPD-00892,MET,IC50,77.9,,2025-04-13
ASY-002927,CPD-00082,KRAS_G12C,IC50,194.1,,2025-03-21
ASY-002928,CPD-00513,JAK2,IC50,0.6,,2025-11-07
ASY-002929,CPD-00748,CDK4_6,IC50,157.7,,2025-10-03
ASY-002930,CPD-00780,CDK4_6,IC50,4.8,,2025-11-28
ASY-002931,CPD-00582,PI3K_alpha,IC50,6684.4,10.4,2025-03-01
ASY-002932,CPD-00960,PI3K_alpha,IC50,2088.9,,2025-07-11
ASY-002933,CPD-00012,CDK4_6,IC50,2304.5,14.1,2025-05-22
ASY-002934,CPD-00697,BTK,IC50,20.4,11.0,2026-05-14
ASY-002935,CPD-00540,BTK,IC50,287.7,,2025-08-14
ASY-002936,CPD-00478,JAK2,IC50,7.8,,2025-05-28
ASY-002937,CPD-00555,JAK2,IC50,3589.5,,2026-01-05
ASY-002938,CPD-00626,ALK,IC50,603.5,,2026-05-16
ASY-002939,CPD-00499,BRAF_V600E,IC50,0.7,,2025-09-02
ASY-002940,CPD-00825,JAK2,IC50,55.3,8.7,2026-02-11
ASY-002941,CPD-00048,CDK4_6,IC50,269.3,10.0,2025-06-18
ASY-002942,CPD-00001,KRAS_G12C,IC50,5682.0,3.0,2025-05-11
ASY-002943,CPD-00186,EGFR,IC50,1.0,,2025-06-10
ASY-002944,CPD-00261,JAK2,IC50,0.2,11.5,2025-06-05
ASY-002945,CPD-00562,BRAF_V600E,IC50,2221.8,14.9,2026-01-21
ASY-002946,CPD-00145,EGFR,IC50,108.6,5.3,2025-12-06
ASY-002947,CPD-00261,CDK4_6,IC50,7065.9,,2025-02-01
ASY-002948,CPD-00064,BRAF_V600E,IC50,10.2,,2025-10-26
ASY-002949,CPD-00293,JAK2,IC50,43.9,,2026-03-29
ASY-002950,CPD-00588,CDK4_6,IC50,311.1,,2025-11-14
ASY-002951,CPD-00387,PI3K_alpha,IC50,87.8,1.8,2026-01-10
ASY-002952,CPD-00149,CDK4_6,IC50,230.8,17.3,2025-03-24
ASY-002953,CPD-00674,CDK4_6,IC50,0.8,13.2,2025-11-30
ASY-002954,CPD-00436,CDK4_6,IC50,259.1,,2025-05-09
ASY-002955,CPD-00628,MET,IC50,44.3,,2025-01-11
ASY-002956,CPD-00141,PI3K_alpha,IC50,3387.2,,2025-08-14
ASY-002957,CPD-00659,MET,IC50,188966.8,,2025-10-12
ASY-002958,CPD-00646,KRAS_G12C,IC50,2.3,,2025-02-05
ASY-002959,CPD-00882,BRAF_V600E,IC50,144.1,12.2,2025-08-28
ASY-002960,CPD-00194,BTK,IC50,1341.1,,2025-10-11
ASY-002961,CPD-00868,BTK,IC50,455.3,,2025-03-01
ASY-002962,CPD-00832,MET,IC50,531.5,9.0,2026-01-27
ASY-002963,CPD-00301,JAK2,IC50,14547.2,,2026-02-12
ASY-002964,CPD-00299,CDK4_6,IC50,10.4,,2025-02-02
ASY-002965,CPD-00853,KRAS_G12C,IC50,6313.3,,2025-09-23
ASY-002966,CPD-00741,KRAS_G12C,IC50,20147.8,,2025-05-01
ASY-002967,CPD-00181,BTK,IC50,4.6,,2026-02-06
ASY-002968,CPD-00051,ALK,IC50,191.2,,2025-03-14
ASY-002969,CPD-00736,ALK,IC50,120.3,,2025-07-15
ASY-002970,CPD-00408,KRAS_G12C,IC50,87.1,,2026-04-15
ASY-002971,CPD-00846,KRAS_G12C,IC50,311.9,,2025-09-26
ASY-002972,CPD-00683,ALK,IC50,0.2,10.9,2026-04-15
ASY-002973,CPD-00889,BRAF_V600E,IC50,26.4,,2026-03-29
ASY-002974,CPD-00967,ALK,IC50,9167.3,17.8,2026-03-27
ASY-002975,CPD-00322,EGFR,IC50,0.5,17.8,2025-09-28
ASY-002976,CPD-00106,BTK,IC50,13121.7,7.8,2025-11-08
ASY-002977,CPD-00804,PI3K_alpha,IC50,20.6,,2025-05-07
ASY-002978,CPD-00464,EGFR,IC50,149.2,,2025-04-09
ASY-002979,CPD-00266,BTK,IC50,955.2,,2025-03-17
ASY-002980,CPD-00015,KRAS_G12C,IC50,21.1,-0.8,2026-03-28
ASY-002981,CPD-00963,ALK,IC50,73.8,-0.9,2025-07-15
ASY-002982,CPD-00667,ALK,IC50,59.6,,2026-03-25
ASY-002983,CPD-00827,MET,IC50,1115.9,7.7,2025-01-27
ASY-002984,CPD-00573,PI3K_alpha,IC50,442.4,6.9,2025-07-17
ASY-002985,CPD-00599,BRAF_V600E,IC50,37.4,6.4,2025-09-05
ASY-002986,CPD-00315,ALK,IC50,40.4,,2026-02-22
ASY-002987,CPD-00638,PI3K_alpha,IC50,2.6,5.0,2025-03-06
ASY-002988,CPD-00603,MET,IC50,2.7,,2025-12-14
ASY-002989,CPD-00402,EGFR,IC50,42.5,,2026-02-21
ASY-002990,CPD-00612,ALK,IC50,1.2,11.4,2025-10-10
ASY-002991,CPD-00087,EGFR,IC50,23291.5,10.2,2026-02-25
ASY-002992,CPD-00490,BTK,IC50,6.8,,2026-02-18
ASY-002993,CPD-00914,BTK,IC50,57.4,,2026-02-18
ASY-002994,CPD-00667,BRAF_V600E,IC50,4.5,23.0,2025-05-31
ASY-002995,CPD-00042,CDK4_6,IC50,66.1,6.3,2025-09-15
ASY-002996,CPD-00472,BRAF_V600E,IC50,30526.4,,2026-04-03
ASY-002997,CPD-00851,JAK2,IC50,61693.9,11.5,2026-02-17
ASY-002998,CPD-00111,JAK2,IC50,3.3,10.0,2025-03-07
ASY-002999,CPD-00306,KRAS_G12C,IC50,76.6,,2025-04-11
ASY-003000,CPD-00222,ALK,IC50,1.8,16.5,2025-06-09
ASY-003001,CPD-00029,EGFR,IC50,10.1,,2026-04-15
ASY-003002,CPD-00620,MET,IC50,147728.4,,2025-08-08
ASY-003003,CPD-00483,ALK,IC50,300.0,,2025-11-29
ASY-003004,CPD-00359,ALK,IC50,41.6,20.1,2026-03-03
ASY-003005,CPD-00634,CDK4_6,IC50,40.0,,2025-10-04
ASY-003006,CPD-00834,CDK4_6,IC50,0.9,,2025-04-20
ASY-003007,CPD-00950,BTK,IC50,743.6,12.4,2025-11-01
ASY-003008,CPD-00704,MET,IC50,15863.3,4.0,2025-12-15
ASY-003009,CPD-00509,JAK2,IC50,158.3,,2026-01-03
ASY-003010,CPD-00632,JAK2,IC50,0.3,,2025-09-23
ASY-003011,CPD-00200,BTK,IC50,7.2,,2025-08-24
ASY-003012,CPD-00585,PI3K_alpha,IC50,10038.9,,2026-04-05
ASY-003013,CPD-00979,CDK4_6,IC50,62.8,,2026-04-11
ASY-003014,CPD-00456,CDK4_6,IC50,1215.4,7.6,2025-12-03
ASY-003015,CPD-00317,BTK,IC50,503.3,9.9,2025-10-26
ASY-003016,CPD-00239,BTK,IC50,9229.6,,2026-03-10
ASY-003017,CPD-00507,JAK2,IC50,141.2,8.4,2025-05-14
ASY-003018,CPD-00287,BTK,IC50,315.2,15.2,2025-09-14
ASY-003019,CPD-00876,BTK,IC50,1.4,8.3,2026-05-10
ASY-003020,CPD-00651,BRAF_V600E,IC50,25.9,,2025-06-18
ASY-003021,CPD-00753,BRAF_V600E,IC50,770.4,,2025-04-22
ASY-003022,CPD-00870,BTK,IC50,11.9,12.7,2025-12-30
ASY-003023,CPD-00265,EGFR,IC50,62.9,,2025-01-12
ASY-003024,CPD-00945,ALK,IC50,78.0,,2025-05-08
ASY-003025,CPD-00011,BTK,IC50,40.4,10.6,2025-08-20
ASY-003026,CPD-00951,KRAS_G12C,IC50,54.9,,2025-10-10
ASY-003027,CPD-00926,PI3K_alpha,IC50,47.4,15.3,2025-01-29
ASY-003028,CPD-00977,ALK,IC50,7598.7,11.0,2025-04-27
ASY-003029,CPD-00473,BRAF_V600E,IC50,4.4,,2025-04-26
ASY-003030,CPD-00412,JAK2,IC50,46127.8,12.6,2025-02-25
ASY-003031,CPD-00312,JAK2,IC50,127.9,,2025-09-25
ASY-003032,CPD-00667,ALK,IC50,3478.5,0.8,2026-02-26
ASY-003033,CPD-00093,BTK,IC50,0.3,,2025-07-26
ASY-003034,CPD-00133,ALK,IC50,201.9,4.6,2026-04-09
ASY-003035,CPD-00058,PI3K_alpha,IC50,2.0,14.8,2025-09-09
ASY-003036,CPD-00028,CDK4_6,IC50,2.3,5.4,2025-12-26
ASY-003037,CPD-00935,CDK4_6,IC50,97.1,14.8,2025-02-07
ASY-003038,CPD-00240,BRAF_V600E,IC50,10410.7,,2025-10-14
ASY-003039,CPD-00206,ALK,IC50,125.3,,2025-12-27
ASY-003040,CPD-00533,KRAS_G12C,IC50,163.6,,2026-05-15
ASY-003041,CPD-00562,MET,IC50,9.4,,2025-05-21
ASY-003042,CPD-00126,JAK2,IC50,1373.3,,2025-11-02
ASY-003043,CPD-00959,EGFR,IC50,2013.7,7.4,2026-04-13
ASY-003044,CPD-00085,JAK2,IC50,2.2,,2025-06-29
ASY-003045,CPD-00602,JAK2,IC50,44177.2,10.7,2025-11-14
ASY-003046,CPD-00161,KRAS_G12C,IC50,35060.3,,2025-07-02
ASY-003047,CPD-00646,MET,IC50,34.1,,2025-11-10
ASY-003048,CPD-00293,ALK,IC50,103.5,4.5,2025-04-12
ASY-003049,CPD-00392,CDK4_6,IC50,169.2,,2025-01-11
ASY-003050,CPD-00117,EGFR,IC50,31.9,13.3,2026-02-09
ASY-003051,CPD-00546,MET,IC50,12.7,,2025-02-01
ASY-003052,CPD-00059,MET,IC50,203.1,,2026-03-02
ASY-003053,CPD-00687,ALK,IC50,0.9,,2026-02-26
ASY-003054,CPD-00135,EGFR,IC50,4433.0,,2025-07-09
ASY-003055,CPD-00824,ALK,IC50,5.9,,2025-01-07
ASY-003056,CPD-00758,BRAF_V600E,IC50,0.6,,2026-02-23
ASY-003057,CPD-00367,BRAF_V600E,IC50,1.1,5.0,2025-05-31
ASY-003058,CPD-00615,ALK,IC50,13659.7,,2025-05-30
ASY-003059,CPD-00695,MET,IC50,4913.2,6.1,2025-09-05
ASY-003060,CPD-00407,ALK,IC50,10135.4,,2026-03-27
ASY-003061,CPD-00399,KRAS_G12C,IC50,68.8,8.1,2026-03-12
ASY-003062,CPD-00609,PI3K_alpha,IC50,1369.0,,2025-05-21
ASY-003063,CPD-00463,EGFR,IC50,9.5,10.6,2025-11-08
ASY-003064,CPD-00597,PI3K_alpha,IC50,102.5,,2025-01-22
ASY-003065,CPD-00694,PI3K_alpha,IC50,3.9,,2025-06-30
ASY-003066,CPD-00422,KRAS_G12C,IC50,1.2,,2026-03-13
ASY-003067,CPD-00718,BRAF_V600E,IC50,989.6,2.4,2025-03-10
ASY-003068,CPD-00374,JAK2,IC50,24.6,7.6,2025-10-21
ASY-003069,CPD-00463,MET,IC50,5.4,7.2,2025-11-16
ASY-003070,CPD-00333,ALK,IC50,3.9,13.6,2025-11-18
ASY-003071,CPD-00530,JAK2,IC50,5.6,,2026-01-31
ASY-003072,CPD-00531,EGFR,IC50,0.1,,2025-07-24
ASY-003073,CPD-00527,PI3K_alpha,IC50,55.2,12.4,2025-01-27
ASY-003074,CPD-00285,KRAS_G12C,IC50,28.1,,2025-04-28
ASY-003075,CPD-00251,BRAF_V600E,IC50,1794.6,,2025-04-28
ASY-003076,CPD-00623,MET,IC50,25.8,25.2,2026-02-12
ASY-003077,CPD-00167,EGFR,IC50,312.6,16.3,2025-04-05
ASY-003078,CPD-00769,BRAF_V600E,IC50,7.1,10.8,2025-02-21
ASY-003079,CPD-00651,PI3K_alpha,IC50,0.9,,2025-08-07
ASY-003080,CPD-00199,CDK4_6,IC50,142.6,11.5,2025-06-15
ASY-003081,CPD-00203,BTK,IC50,132.9,12.4,2026-05-09
ASY-003082,CPD-00922,MET,IC50,19.8,1.9,2025-12-07
ASY-003083,CPD-00863,KRAS_G12C,IC50,0.8,,2025-07-01
ASY-003084,CPD-00837,MET,IC50,143.3,,2026-04-23
ASY-003085,CPD-00630,EGFR,IC50,4.2,14.2,2025-07-11
ASY-003086,CPD-00174,BTK,IC50,2.1,10.0,2025-07-05
ASY-003087,CPD-00715,EGFR,IC50,2986.6,,2025-04-10
ASY-003088,CPD-00427,ALK,IC50,2.7,,2025-02-28
ASY-003089,CPD-00711,PI3K_alpha,IC50,270.0,13.5,2025-12-28
ASY-003090,CPD-00700,ALK,IC50,543.3,4.3,2025-07-20
ASY-003091,CPD-00579,BTK,IC50,2.4,,2025-02-25
ASY-003092,CPD-00047,MET,IC50,148.9,7.1,2025-02-01
ASY-003093,CPD-00801,MET,IC50,3.2,14.7,2026-05-09
ASY-003094,CPD-00232,BTK,IC50,803.1,,2026-05-08
ASY-003095,CPD-00647,PI3K_alpha,IC50,4.9,14.4,2025-12-23
ASY-003096,CPD-00574,EGFR,IC50,479.5,15.1,2025-10-10
ASY-003097,CPD-00087,ALK,IC50,16.6,,2025-04-29
ASY-003098,CPD-00733,JAK2,IC50,18.5,,2025-07-15
ASY-003099,CPD-00247,EGFR,IC50,36.8,,2025-12-03
ASY-003100,CPD-00927,MET,IC50,10.1,,2025-11-01
ASY-003101,CPD-00626,PI3K_alpha,IC50,17.9,12.3,2025-09-20
ASY-003102,CPD-00512,MET,IC50,19929.9,,2025-03-25
ASY-003103,CPD-00367,MET,IC50,625.8,5.3,2026-01-19
ASY-003104,CPD-00827,BTK,IC50,23.0,,2025-04-20
ASY-003105,CPD-00353,PI3K_alpha,IC50,3.4,5.7,2025-08-11
ASY-003106,CPD-00534,ALK,IC50,14.2,,2025-07-30
ASY-003107,CPD-00633,KRAS_G12C,IC50,6.2,5.6,2025-03-23
ASY-003108,CPD-00628,BTK,IC50,4.9,8.6,2026-02-21
ASY-003109,CPD-00122,BTK,IC50,625.6,1.5,2025-05-21
ASY-003110,CPD-00717,EGFR,IC50,80661.4,,2025-08-23
ASY-003111,CPD-00311,KRAS_G12C,IC50,2.0,,2025-04-03
ASY-003112,CPD-00503,PI3K_alpha,IC50,164.6,,2025-01-28
ASY-003113,CPD-00429,KRAS_G12C,IC50,0.3,,2026-01-19
ASY-003114,CPD-00932,ALK,IC50,115.6,,2025-05-31
ASY-003115,CPD-00892,BRAF_V600E,IC50,2299.3,13.9,2026-01-01
ASY-003116,CPD-00958,CDK4_6,IC50,3.7,,2025-11-05
ASY-003117,CPD-00814,PI3K_alpha,IC50,3304.3,8.4,2025-06-18
ASY-003118,CPD-00978,PI3K_alpha,IC50,17.9,8.3,2025-07-03
ASY-003119,CPD-00375,ALK,IC50,8128.5,,2025-10-25
ASY-003120,CPD-00919,ALK,IC50,545.3,,2025-05-24
ASY-003121,CPD-00389,CDK4_6,IC50,19089.8,0.8,2025-02-18
ASY-003122,CPD-00999,PI3K_alpha,IC50,1244.9,,2025-03-19
ASY-003123,CPD-00300,EGFR,IC50,1.4,9.8,2026-01-11
ASY-003124,CPD-00478,PI3K_alpha,IC50,0.5,,2025-04-20
ASY-003125,CPD-00680,CDK4_6,IC50,7.7,,2025-04-03
ASY-003126,CPD-00552,CDK4_6,IC50,699.7,,2026-02-25
ASY-003127,CPD-00268,CDK4_6,IC50,9.4,,2025-06-18
ASY-003128,CPD-00241,CDK4_6,IC50,5.8,,2026-03-02
ASY-003129,CPD-00317,PI3K_alpha,IC50,291.3,23.0,2025-03-09
ASY-003130,CPD-00810,EGFR,IC50,1296.5,,2025-12-29
ASY-003131,CPD-00269,EGFR,IC50,3.1,12.8,2026-03-17
ASY-003132,CPD-00081,BTK,IC50,120.1,3.9,2025-03-06
ASY-003133,CPD-00377,ALK,IC50,130.9,,2025-11-22
ASY-003134,CPD-00643,EGFR,IC50,16.2,15.3,2026-01-03
ASY-003135,CPD-00268,BRAF_V600E,IC50,608998.0,0.3,2026-05-16
ASY-003136,CPD-00051,ALK,IC50,207.5,,2026-03-29
ASY-003137,CPD-00383,ALK,IC50,1183.6,10.1,2026-01-13
ASY-003138,CPD-00070,CDK4_6,IC50,41.0,15.2,2025-01-09
ASY-003139,CPD-00882,KRAS_G12C,IC50,0.1,,2025-09-28
ASY-003140,CPD-00024,BRAF_V600E,IC50,1.4,11.3,2025-08-04
ASY-003141,CPD-00147,ALK,IC50,45455.9,-0.2,2026-05-08
ASY-003142,CPD-00199,EGFR,IC50,131.8,15.4,2025-06-03
ASY-003143,CPD-00100,ALK,IC50,5.1,8.2,2025-12-14
ASY-003144,CPD-00590,CDK4_6,IC50,2837.7,16.1,2025-01-30
ASY-003145,CPD-00790,EGFR,IC50,233.1,,2026-05-11
ASY-003146,CPD-00495,JAK2,IC50,86.9,,2025-04-22
ASY-003147,CPD-00753,KRAS_G12C,IC50,221.5,4.4,2026-05-15
ASY-003148,CPD-00279,KRAS_G12C,IC50,41.5,,2026-04-18
ASY-003149,CPD-00241,ALK,IC50,0.0,,2025-01-20
ASY-003150,CPD-00659,PI3K_alpha,IC50,8.3,,2026-04-14
ASY-003151,CPD-00537,MET,IC50,1593.5,,2025-03-20
ASY-003152,CPD-00171,ALK,IC50,3124.2,13.5,2025-12-25
ASY-003153,CPD-00436,MET,IC50,162.5,,2025-04-12
ASY-003154,CPD-00783,JAK2,IC50,4783.8,2.1,2025-09-06
ASY-003155,CPD-00319,KRAS_G12C,IC50,37525.4,,2026-03-06
ASY-003156,CPD-00207,MET,IC50,74.7,17.4,2025-02-11
ASY-003157,CPD-00566,CDK4_6,IC50,0.1,,2026-01-20
ASY-003158,CPD-00043,CDK4_6,IC50,9870.1,,2025-12-06
ASY-003159,CPD-00799,CDK4_6,IC50,937.6,11.3,2025-06-24
ASY-003160,CPD-00544,JAK2,IC50,3.0,,2025-08-31
ASY-003161,CPD-00106,KRAS_G12C,IC50,12139.1,,2025-05-25
ASY-003162,CPD-00726,MET,IC50,20.0,,2025-04-27
ASY-003163,CPD-00616,BTK,IC50,1.4,,2025-04-04
ASY-003164,CPD-00496,BTK,IC50,383.5,,2025-10-10
ASY-003165,CPD-00634,CDK4_6,IC50,199210.7,,2025-02-15
ASY-003166,CPD-00606,EGFR,IC50,104.7,,2025-05-13
ASY-003167,CPD-00427,EGFR,IC50,665.3,14.2,2025-12-08
ASY-003168,CPD-00539,MET,IC50,34806.8,14.1,2026-01-07
ASY-003169,CPD-00632,MET,IC50,45.0,,2025-06-18
ASY-003170,CPD-00017,ALK,IC50,84.5,,2026-03-13
ASY-003171,CPD-00680,BTK,IC50,75.3,,2025-07-15
ASY-003172,CPD-00785,KRAS_G12C,IC50,1.0,22.9,2025-12-29
ASY-003173,CPD-00220,BRAF_V600E,IC50,12392.1,,2025-12-17
ASY-003174,CPD-00858,MET,IC50,229.9,7.9,2025-05-27
ASY-003175,CPD-00483,KRAS_G12C,IC50,0.9,7.2,2025-09-15
ASY-003176,CPD-00237,PI3K_alpha,IC50,6751.9,,2025-07-24
ASY-003177,CPD-00891,JAK2,IC50,7.8,,2025-05-03
ASY-003178,CPD-00362,BRAF_V600E,IC50,0.4,7.2,2025-08-25
ASY-003179,CPD-00606,JAK2,IC50,11.6,,2025-12-17
ASY-003180,CPD-00482,CDK4_6,IC50,0.5,7.3,2025-11-28
ASY-003181,CPD-00301,EGFR,IC50,877.2,10.2,2026-05-09
ASY-003182,CPD-00667,JAK2,IC50,112.5,,2025-01-23
ASY-003183,CPD-00272,KRAS_G12C,IC50,14.0,,2025-11-24
ASY-003184,CPD-00257,KRAS_G12C,IC50,848.1,12.0,2025-11-17
ASY-003185,CPD-00828,BRAF_V600E,IC50,91.9,,2025-03-13
ASY-003186,CPD-00214,BRAF_V600E,IC50,567.2,5.0,2025-10-10
ASY-003187,CPD-00675,EGFR,IC50,10.4,,2025-11-14
ASY-003188,CPD-00519,EGFR,IC50,0.7,14.4,2025-10-05
ASY-003189,CPD-00605,CDK4_6,IC50,19.8,,2026-01-09
ASY-003190,CPD-00140,CDK4_6,IC50,362.3,,2025-07-02
ASY-003191,CPD-00482,KRAS_G12C,IC50,1267.9,,2026-01-14
ASY-003192,CPD-00044,CDK4_6,IC50,22539.9,,2026-04-27
ASY-003193,CPD-00403,KRAS_G12C,IC50,430.3,9.0,2025-01-26
ASY-003194,CPD-00986,MET,IC50,1.6,11.0,2025-06-16
ASY-003195,CPD-00356,MET,IC50,3.0,12.7,2026-05-14
ASY-003196,CPD-00188,BRAF_V600E,IC50,0.8,,2025-07-09
ASY-003197,CPD-00010,ALK,IC50,102.9,,2025-05-13
ASY-003198,CPD-00263,PI3K_alpha,IC50,174.3,15.6,2025-07-31
ASY-003199,CPD-00095,MET,IC50,1496.3,,2026-01-18
ASY-003200,CPD-00515,BTK,IC50,6377.1,,2026-02-07
ASY-003201,CPD-00970,BTK,IC50,62.3,13.0,2025-03-16
ASY-003202,CPD-00836,KRAS_G12C,IC50,14.1,,2025-09-24
ASY-003203,CPD-00652,ALK,IC50,11738.4,,2025-07-15
ASY-003204,CPD-00846,KRAS_G12C,IC50,4.7,14.9,2026-03-12
ASY-003205,CPD-00840,CDK4_6,IC50,2.4,,2026-03-10
ASY-003206,CPD-00069,EGFR,IC50,3.5,11.1,2025-11-12
ASY-003207,CPD-00921,PI3K_alpha,IC50,102.9,,2026-01-07
ASY-003208,CPD-00900,MET,IC50,7958.2,15.9,2025-01-10
ASY-003209,CPD-00049,EGFR,IC50,847.9,7.4,2025-10-23
ASY-003210,CPD-00920,BTK,IC50,2.9,8.0,2026-03-27
ASY-003211,CPD-00787,PI3K_alpha,IC50,2.3,-0.1,2025-05-09
ASY-003212,CPD-00270,BTK,IC50,0.1,,2026-04-30
ASY-003213,CPD-00428,BTK,IC50,204373.7,13.8,2026-01-15
ASY-003214,CPD-00482,EGFR,IC50,4.2,11.4,2025-07-04
ASY-003215,CPD-00045,BTK,IC50,0.2,,2026-02-28
ASY-003216,CPD-00730,CDK4_6,IC50,3.9,11.2,2026-02-07
ASY-003217,CPD-00659,BTK,IC50,5.1,,2026-01-16
ASY-003218,CPD-00163,EGFR,IC50,303.0,12.3,2026-01-18
ASY-003219,CPD-00229,ALK,IC50,15.9,9.4,2025-09-17
ASY-003220,CPD-00132,MET,IC50,6.8,21.2,2025-09-05
ASY-003221,CPD-00785,MET,IC50,9.5,,2025-06-11
ASY-003222,CPD-00303,BTK,IC50,196.2,3.6,2026-02-16
ASY-003223,CPD-00136,KRAS_G12C,IC50,0.8,,2025-10-14
ASY-003224,CPD-00364,BTK,IC50,3.3,,2025-05-26
ASY-003225,CPD-00227,EGFR,IC50,8.3,,2026-01-07
ASY-003226,CPD-00364,ALK,IC50,183.1,2.8,2025-04-17
ASY-003227,CPD-00077,BRAF_V600E,IC50,352.9,,2025-04-28
ASY-003228,CPD-00283,PI3K_alpha,IC50,162.0,,2025-05-28
ASY-003229,CPD-00573,BTK,IC50,16.2,15.8,2025-09-11
ASY-003230,CPD-00339,ALK,IC50,0.6,-5.6,2025-04-14
ASY-003231,CPD-00878,BRAF_V600E,IC50,50.3,11.5,2026-04-17
ASY-003232,CPD-00420,PI3K_alpha,IC50,80.9,,2025-02-03
ASY-003233,CPD-00999,KRAS_G12C,IC50,22.9,,2025-09-20
ASY-003234,CPD-00420,KRAS_G12C,IC50,1359.9,,2026-04-22
ASY-003235,CPD-00711,BRAF_V600E,IC50,0.5,,2025-02-08
ASY-003236,CPD-00762,MET,IC50,49.4,,2025-04-21
ASY-003237,CPD-00893,CDK4_6,IC50,99.3,,2025-08-27
ASY-003238,CPD-00190,KRAS_G12C,IC50,1520.7,1.0,2026-02-06
ASY-003239,CPD-00862,KRAS_G12C,IC50,132.8,8.9,2026-05-01
ASY-003240,CPD-00962,JAK2,IC50,390.4,9.9,2026-01-27
ASY-003241,CPD-00252,BTK,IC50,60620.5,9.0,2025-09-05
ASY-003242,CPD-00213,MET,IC50,347.9,15.9,2026-03-20
ASY-003243,CPD-00780,MET,IC50,57.5,,2025-11-08
ASY-003244,CPD-00309,BTK,IC50,2231.6,11.0,2025-02-14
ASY-003245,CPD-00237,MET,IC50,0.9,5.8,2026-01-18
ASY-003246,CPD-00664,BRAF_V600E,IC50,3064.1,11.5,2026-05-12
ASY-003247,CPD-00180,KRAS_G12C,IC50,1079.0,,2025-11-07
ASY-003248,CPD-00052,BTK,IC50,52.3,,2025-08-07
ASY-003249,CPD-00424,CDK4_6,IC50,1.6,,2026-03-27
ASY-003250,CPD-00400,MET,IC50,42.1,13.1,2025-09-04
ASY-003251,CPD-00167,BTK,IC50,47.8,5.8,2025-02-01
ASY-003252,CPD-00095,EGFR,IC50,3.1,7.7,2026-04-04
ASY-003253,CPD-00379,KRAS_G12C,IC50,0.8,,2025-07-23
ASY-003254,CPD-00912,ALK,IC50,154.3,,2026-01-23
ASY-003255,CPD-00803,EGFR,IC50,98104.2,11.2,2025-07-18
ASY-003256,CPD-00873,ALK,IC50,0.2,10.9,2025-04-23
ASY-003257,CPD-00447,PI3K_alpha,IC50,313.6,11.0,2025-05-15
ASY-003258,CPD-00213,CDK4_6,IC50,1076.6,,2026-02-01
ASY-003259,CPD-00363,BTK,IC50,10.3,8.4,2025-11-11
ASY-003260,CPD-00346,MET,IC50,8.9,,2026-05-11
ASY-003261,CPD-00414,JAK2,IC50,95.9,,2025-08-06
ASY-003262,CPD-00885,EGFR,IC50,0.1,,2025-12-11
ASY-003263,CPD-00429,MET,IC50,0.7,,2025-03-29
ASY-003264,CPD-00715,PI3K_alpha,IC50,184.8,8.1,2026-01-25
ASY-003265,CPD-00283,MET,IC50,0.3,9.6,2026-04-14
ASY-003266,CPD-00605,ALK,IC50,8406.3,4.1,2025-07-29
ASY-003267,CPD-00579,BTK,IC50,686.5,13.6,2025-09-26
ASY-003268,CPD-00898,CDK4_6,IC50,170.6,6.9,2025-10-18
ASY-003269,CPD-00450,PI3K_alpha,IC50,25.8,,2026-03-26
ASY-003270,CPD-00115,BRAF_V600E,IC50,13.8,13.8,2025-10-05
ASY-003271,CPD-00735,BRAF_V600E,IC50,1068.2,,2025-10-17
ASY-003272,CPD-00424,BRAF_V600E,IC50,259.8,,2025-04-11
ASY-003273,CPD-00786,PI3K_alpha,IC50,1872.7,6.5,2025-03-14
ASY-003274,CPD-00362,CDK4_6,IC50,2648.7,9.5,2025-07-11
ASY-003275,CPD-00443,PI3K_alpha,IC50,4.6,11.2,2025-08-03
ASY-003276,CPD-00320,JAK2,IC50,344.4,,2025-05-09
ASY-003277,CPD-00017,BTK,IC50,1321.2,9.9,2025-01-28
ASY-003278,CPD-00585,KRAS_G12C,IC50,156.1,9.4,2026-05-13
ASY-003279,CPD-00543,KRAS_G12C,IC50,994.8,,2025-03-02
ASY-003280,CPD-00773,EGFR,IC50,68.3,12.7,2025-09-15
ASY-003281,CPD-00815,ALK,IC50,15.6,,2025-08-23
ASY-003282,CPD-00316,BRAF_V600E,IC50,18.8,10.7,2025-08-16
ASY-003283,CPD-00750,CDK4_6,IC50,78.2,9.9,2025-06-09
ASY-003284,CPD-00794,BRAF_V600E,IC50,7.8,11.8,2025-03-18
ASY-003285,CPD-00888,KRAS_G12C,IC50,599.5,6.4,2026-01-13
ASY-003286,CPD-00779,KRAS_G12C,IC50,1906.0,14.5,2025-01-10
ASY-003287,CPD-00326,CDK4_6,IC50,281.1,,2025-06-14
ASY-003288,CPD-00781,BTK,IC50,0.5,,2025-09-24
ASY-003289,CPD-00992,MET,IC50,27.0,3.5,2025-10-17
ASY-003290,CPD-00740,JAK2,IC50,0.1,,2026-05-11
ASY-003291,CPD-00692,JAK2,IC50,0.0,,2025-01-09
ASY-003292,CPD-00233,CDK4_6,IC50,1089.4,11.2,2025-12-26
ASY-003293,CPD-00661,EGFR,IC50,111327.5,4.7,2026-01-02
ASY-003294,CPD-00966,JAK2,IC50,4.6,9.4,2026-01-08
ASY-003295,CPD-00893,EGFR,IC50,1496.9,5.5,2025-08-25
ASY-003296,CPD-00716,PI3K_alpha,IC50,498.1,,2025-06-20
ASY-003297,CPD-00774,CDK4_6,IC50,8.5,6.3,2025-11-02
ASY-003298,CPD-00339,BRAF_V600E,IC50,188.1,,2025-01-27
ASY-003299,CPD-00206,EGFR,IC50,5581.4,9.2,2025-09-21
ASY-003300,CPD-00508,BRAF_V600E,IC50,0.0,0.2,2026-04-23
ASY-003301,CPD-00432,BRAF_V600E,IC50,0.3,11.7,2025-02-06
ASY-003302,CPD-00864,KRAS_G12C,IC50,3927.6,4.6,2025-01-30
ASY-003303,CPD-00876,PI3K_alpha,IC50,663.4,,2025-12-14
ASY-003304,CPD-00588,ALK,IC50,109.2,19.7,2026-02-14
ASY-003305,CPD-00894,JAK2,IC50,7243.0,15.5,2025-07-27
ASY-003306,CPD-00375,BTK,IC50,112.7,,2026-04-06
ASY-003307,CPD-00643,CDK4_6,IC50,2457.6,13.3,2025-02-03
ASY-003308,CPD-00837,EGFR,IC50,23.1,,2026-04-08
ASY-003309,CPD-00064,BTK,IC50,1227.7,-3.6,2025-04-24
ASY-003310,CPD-00558,KRAS_G12C,IC50,657.5,,2026-04-26
ASY-003311,CPD-00503,BTK,IC50,224.4,,2026-02-22
ASY-003312,CPD-00709,EGFR,IC50,1065.4,6.3,2026-01-01
ASY-003313,CPD-00938,JAK2,IC50,3.1,14.3,2026-03-21
ASY-003314,CPD-00037,EGFR,IC50,2.6,,2025-04-07
ASY-003315,CPD-00759,CDK4_6,IC50,9.9,6.3,2026-01-06
ASY-003316,CPD-00634,MET,IC50,1442.8,,2025-11-11
ASY-003317,CPD-00161,BTK,IC50,11.8,,2025-12-23
ASY-003318,CPD-00874,EGFR,IC50,103.5,,2025-12-12
ASY-003319,CPD-00479,MET,IC50,99.7,11.6,2025-10-05
ASY-003320,CPD-00410,BRAF_V600E,IC50,758.0,,2026-04-30
ASY-003321,CPD-00707,EGFR,IC50,4.2,19.5,2025-09-05
ASY-003322,CPD-00016,JAK2,IC50,5691.6,,2026-03-31
ASY-003323,CPD-00364,PI3K_alpha,IC50,2221.5,11.4,2025-10-09
ASY-003324,CPD-00551,CDK4_6,IC50,230.4,18.3,2026-03-21
ASY-003325,CPD-00906,BTK,IC50,0.0,7.5,2025-02-27
ASY-003326,CPD-00963,KRAS_G12C,IC50,0.8,,2025-10-10
ASY-003327,CPD-00275,BRAF_V600E,IC50,740.8,,2025-11-10
ASY-003328,CPD-00140,JAK2,IC50,5.9,8.7,2025-12-22
ASY-003329,CPD-00472,JAK2,IC50,3.5,,2025-08-07
ASY-003330,CPD-00391,KRAS_G12C,IC50,45874.8,16.6,2026-04-07
ASY-003331,CPD-00568,ALK,IC50,2530.2,8.9,2025-02-01
ASY-003332,CPD-00916,BTK,IC50,10.6,6.4,2025-03-15
ASY-003333,CPD-00827,BTK,IC50,0.1,,2025-08-14
ASY-003334,CPD-00203,MET,IC50,7028.5,8.3,2025-10-20
ASY-003335,CPD-00230,KRAS_G12C,IC50,511.0,7.1,2026-02-14
ASY-003336,CPD-00325,CDK4_6,IC50,680.2,20.4,2026-01-12
ASY-003337,CPD-00510,MET,IC50,0.1,9.2,2026-03-30
ASY-003338,CPD-00533,BTK,IC50,61.3,14.5,2026-01-19
ASY-003339,CPD-00998,EGFR,IC50,2.4,4.2,2025-04-01
ASY-003340,CPD-00584,KRAS_G12C,IC50,7.9,,2025-05-20
ASY-003341,CPD-00003,MET,IC50,2.2,,2025-06-15
ASY-003342,CPD-00264,BTK,IC50,14.9,,2025-08-09
ASY-003343,CPD-00497,PI3K_alpha,IC50,2.8,5.0,2025-08-25
ASY-003344,CPD-00887,CDK4_6,IC50,15936.2,9.2,2026-03-09
ASY-003345,CPD-00292,KRAS_G12C,IC50,0.1,,2026-02-24
ASY-003346,CPD-00838,MET,IC50,1.7,0.4,2026-01-25
ASY-003347,CPD-00916,KRAS_G12C,IC50,48.6,15.0,2025-08-14
ASY-003348,CPD-00049,ALK,IC50,96.1,,2026-04-07
ASY-003349,CPD-00147,PI3K_alpha,IC50,180.4,13.2,2026-03-12
ASY-003350,CPD-00190,BRAF_V600E,IC50,15.6,0.7,2025-12-06
ASY-003351,CPD-00305,ALK,IC50,3.2,15.5,2025-07-05
ASY-003352,CPD-00977,ALK,IC50,371.7,5.5,2025-03-24
ASY-003353,CPD-00224,PI3K_alpha,IC50,4.5,,2025-01-04
ASY-003354,CPD-00683,KRAS_G12C,IC50,35.5,5.3,2025-07-07
ASY-003355,CPD-00645,PI3K_alpha,IC50,2.2,9.7,2025-12-14
ASY-003356,CPD-00485,BRAF_V600E,IC50,273.8,11.9,2025-11-22
ASY-003357,CPD-00606,PI3K_alpha,IC50,1.2,16.0,2025-07-06
ASY-003358,CPD-00207,MET,IC50,222.2,,2025-01-12
ASY-003359,CPD-00795,CDK4_6,IC50,1657.1,8.4,2026-03-06
ASY-003360,CPD-00842,CDK4_6,IC50,25.2,,2026-03-24
ASY-003361,CPD-00510,EGFR,IC50,73.3,,2025-07-29
ASY-003362,CPD-00849,BRAF_V600E,IC50,201.0,,2025-05-04
ASY-003363,CPD-00523,CDK4_6,IC50,3142.9,11.6,2025-10-15
ASY-003364,CPD-00914,ALK,IC50,3.2,,2026-02-12
ASY-003365,CPD-00462,PI3K_alpha,IC50,2291.6,,2025-11-08
ASY-003366,CPD-00275,CDK4_6,IC50,11203.7,19.7,2025-06-10
ASY-003367,CPD-00837,BRAF_V600E,IC50,8677.9,,2026-01-17
ASY-003368,CPD-00363,CDK4_6,IC50,11.0,14.0,2025-11-19
ASY-003369,CPD-00463,PI3K_alpha,IC50,117.7,,2025-09-24
ASY-003370,CPD-00497,JAK2,IC50,13.0,,2026-04-22
ASY-003371,CPD-00454,ALK,IC50,1595.5,7.2,2025-12-29
ASY-003372,CPD-00300,BTK,IC50,156.7,,2025-10-29
ASY-003373,CPD-00980,CDK4_6,IC50,14236.3,12.0,2026-01-31
ASY-003374,CPD-00100,EGFR,IC50,634.0,,2025-10-24
ASY-003375,CPD-00541,CDK4_6,IC50,1037.7,,2025-04-13
ASY-003376,CPD-00338,BRAF_V600E,IC50,34.2,,2025-05-14
ASY-003377,CPD-00143,BTK,IC50,39255.0,,2026-02-28
ASY-003378,CPD-00955,JAK2,IC50,2088.0,12.1,2026-01-20
ASY-003379,CPD-00986,PI3K_alpha,IC50,1.3,,2025-11-22
ASY-003380,CPD-00471,JAK2,IC50,344.6,,2026-01-06
ASY-003381,CPD-00121,JAK2,IC50,7902.1,,2026-05-16
ASY-003382,CPD-00661,BRAF_V600E,IC50,23.9,,2026-05-01
ASY-003383,CPD-00852,ALK,IC50,226.6,,2025-11-19
ASY-003384,CPD-00010,BTK,IC50,100.8,10.6,2025-11-01
ASY-003385,CPD-00361,KRAS_G12C,IC50,1.6,14.2,2025-05-21
ASY-003386,CPD-00493,JAK2,IC50,149.6,,2025-10-16
ASY-003387,CPD-00325,BRAF_V600E,IC50,1435.3,9.4,2025-05-01
ASY-003388,CPD-00511,BRAF_V600E,IC50,4672.8,7.6,2025-10-17
ASY-003389,CPD-00184,ALK,IC50,3215.7,18.2,2026-02-24
ASY-003390,CPD-00718,ALK,IC50,124.3,8.3,2025-09-04
ASY-003391,CPD-00297,KRAS_G12C,IC50,944.8,,2025-07-01
ASY-003392,CPD-00283,MET,IC50,3388.1,,2025-10-29
ASY-003393,CPD-00257,KRAS_G12C,IC50,121.4,,2025-03-29
ASY-003394,CPD-00408,KRAS_G12C,IC50,0.1,,2026-04-13
ASY-003395,CPD-00266,CDK4_6,IC50,44.2,11.6,2025-06-25
ASY-003396,CPD-00219,ALK,IC50,787987.8,,2025-09-08
ASY-003397,CPD-00008,EGFR,IC50,58.6,,2025-02-02
ASY-003398,CPD-00741,EGFR,IC50,0.5,8.9,2025-01-29
ASY-003399,CPD-00353,ALK,IC50,133.6,,2025-12-07
ASY-003400,CPD-00337,EGFR,IC50,322.6,,2025-02-19
ASY-003401,CPD-00231,MET,IC50,290.8,,2025-08-22
ASY-003402,CPD-00320,BTK,IC50,42.6,10.1,2026-02-05
ASY-003403,CPD-00317,PI3K_alpha,IC50,8.0,9.1,2026-05-01
ASY-003404,CPD-00306,KRAS_G12C,IC50,1512.5,,2025-06-27
ASY-003405,CPD-00959,JAK2,IC50,55.7,2.9,2025-08-21
ASY-003406,CPD-00250,ALK,IC50,533.2,,2025-11-05
ASY-003407,CPD-00983,EGFR,IC50,453.7,,2025-04-07
ASY-003408,CPD-00255,BRAF_V600E,IC50,1742.9,,2025-04-04
ASY-003409,CPD-00064,JAK2,IC50,1240.0,5.5,2025-12-16
ASY-003410,CPD-00477,JAK2,IC50,4115.3,,2025-05-28
ASY-003411,CPD-00461,EGFR,IC50,7527.9,,2026-02-02
ASY-003412,CPD-00302,ALK,IC50,37.3,,2025-11-06
ASY-003413,CPD-00550,MET,IC50,0.3,,2025-09-23
ASY-003414,CPD-00485,KRAS_G12C,IC50,3979.9,,2025-08-02
ASY-003415,CPD-00035,BRAF_V600E,IC50,1977.3,,2025-11-10
ASY-003416,CPD-00002,ALK,IC50,13.7,,2025-08-18
ASY-003417,CPD-00659,CDK4_6,IC50,4.4,,2025-11-29
ASY-003418,CPD-00302,BRAF_V600E,IC50,197.4,11.9,2025-09-17
ASY-003419,CPD-00104,BTK,IC50,120.3,8.5,2026-02-24
ASY-003420,CPD-00997,BRAF_V600E,IC50,28498.7,4.2,2025-01-26
ASY-003421,CPD-00222,EGFR,IC50,11535.1,19.2,2025-06-08
ASY-003422,CPD-00431,BTK,IC50,167.3,7.9,2025-07-30
ASY-003423,CPD-00759,PI3K_alpha,IC50,12.7,,2025-05-01
ASY-003424,CPD-00019,CDK4_6,IC50,30.6,13.5,2025-07-10
ASY-003425,CPD-00487,JAK2,IC50,454.3,,2025-06-05
ASY-003426,CPD-00891,PI3K_alpha,IC50,29751.3,8.5,2026-02-16
ASY-003427,CPD-00327,BTK,IC50,1.0,19.1,2025-12-08
ASY-003428,CPD-00689,PI3K_alpha,IC50,2472.8,,2025-10-10
ASY-003429,CPD-00505,KRAS_G12C,IC50,5.0,,2026-02-10
ASY-003430,CPD-00567,EGFR,IC50,397.4,,2025-11-18
ASY-003431,CPD-00431,BTK,IC50,98.3,3.7,2025-06-18
ASY-003432,CPD-00031,EGFR,IC50,1.5,8.6,2025-04-29
ASY-003433,CPD-00163,EGFR,IC50,112.2,,2025-03-19
ASY-003434,CPD-00986,ALK,IC50,353.1,,2025-01-21
ASY-003435,CPD-00008,CDK4_6,IC50,1292.7,,2025-08-13
ASY-003436,CPD-00960,BRAF_V600E,IC50,34013.1,7.4,2025-04-13
ASY-003437,CPD-00872,CDK4_6,IC50,0.8,,2025-07-12
ASY-003438,CPD-00729,ALK,IC50,8077.7,,2026-03-22
ASY-003439,CPD-00741,BRAF_V600E,IC50,1.1,,2025-07-27
ASY-003440,CPD-00796,ALK,IC50,0.6,,2025-06-26
ASY-003441,CPD-00104,CDK4_6,IC50,0.7,10.1,2025-04-21
ASY-003442,CPD-00051,ALK,IC50,281301.5,,2025-08-09
ASY-003443,CPD-00897,ALK,IC50,0.8,,2025-06-20
ASY-003444,CPD-00376,MET,IC50,151.2,,2025-06-01
ASY-003445,CPD-00411,JAK2,IC50,2062.7,,2025-03-23
ASY-003446,CPD-00059,ALK,IC50,82.2,13.5,2026-05-03
ASY-003447,CPD-00233,KRAS_G12C,IC50,605.8,,2025-08-05
ASY-003448,CPD-00019,ALK,IC50,0.2,11.6,2026-04-13
ASY-003449,CPD-00033,KRAS_G12C,IC50,10.0,,2025-05-24
ASY-003450,CPD-00814,MET,IC50,0.1,,2025-03-29
ASY-003451,CPD-00454,BRAF_V600E,IC50,12.2,14.2,2025-01-04
ASY-003452,CPD-00251,MET,IC50,8714.6,,2025-12-30
ASY-003453,CPD-00310,BRAF_V600E,IC50,26.7,,2025-04-05
ASY-003454,CPD-00158,BTK,IC50,20.7,,2025-04-13
ASY-003455,CPD-00291,BTK,IC50,382.0,,2026-01-29
ASY-003456,CPD-00816,JAK2,IC50,0.9,19.4,2025-03-23
ASY-003457,CPD-00336,BTK,IC50,24.9,7.4,2026-03-19
ASY-003458,CPD-00256,CDK4_6,IC50,8.6,6.1,2026-03-29
ASY-003459,CPD-00374,PI3K_alpha,IC50,691.0,,2025-01-23
ASY-003460,CPD-00571,JAK2,IC50,5215.7,10.1,2025-02-18
ASY-003461,CPD-00363,MET,IC50,0.1,2.2,2026-04-05
ASY-003462,CPD-00136,KRAS_G12C,IC50,4.5,11.8,2025-08-01
ASY-003463,CPD-00870,MET,IC50,2.4,,2025-05-24
ASY-003464,CPD-00062,JAK2,IC50,5.0,1.8,2025-06-26
ASY-003465,CPD-00733,MET,IC50,41.3,,2025-11-24
ASY-003466,CPD-00006,CDK4_6,IC50,67.1,,2025-07-30
ASY-003467,CPD-00932,ALK,IC50,2172.8,8.8,2025-12-03
ASY-003468,CPD-00468,CDK4_6,IC50,0.0,,2026-04-04
ASY-003469,CPD-00858,JAK2,IC50,5032.7,,2025-05-26
ASY-003470,CPD-00054,PI3K_alpha,IC50,14802.7,,2025-05-28
ASY-003471,CPD-00712,ALK,IC50,4.3,11.1,2025-07-22
ASY-003472,CPD-00750,ALK,IC50,2179.9,,2026-02-11
ASY-003473,CPD-00638,BTK,IC50,5585.4,,2025-03-30
ASY-003474,CPD-00136,JAK2,IC50,27.3,12.4,2025-02-07
ASY-003475,CPD-00949,CDK4_6,IC50,537.0,,2026-04-12
ASY-003476,CPD-00583,PI3K_alpha,IC50,7.1,5.6,2025-03-22
ASY-003477,CPD-00618,PI3K_alpha,IC50,553.6,12.6,2025-05-26
ASY-003478,CPD-00259,KRAS_G12C,IC50,133.3,,2025-06-14
ASY-003479,CPD-00971,ALK,IC50,73.9,,2025-06-30
ASY-003480,CPD-00248,EGFR,IC50,551.8,,2026-02-19
ASY-003481,CPD-00433,BRAF_V600E,IC50,126.9,,2025-11-13
ASY-003482,CPD-00473,PI3K_alpha,IC50,97.3,11.9,2025-02-07
ASY-003483,CPD-00972,BTK,IC50,1035.1,8.5,2025-05-08
ASY-003484,CPD-00139,JAK2,IC50,38517.2,,2026-03-04
ASY-003485,CPD-00117,PI3K_alpha,IC50,1.9,,2026-03-12
ASY-003486,CPD-00782,BTK,IC50,9.4,11.5,2026-04-14
ASY-003487,CPD-00641,BTK,IC50,3.9,,2025-11-11
ASY-003488,CPD-00563,BRAF_V600E,IC50,142.6,,2025-03-25
ASY-003489,CPD-00613,BTK,IC50,7.4,,2026-04-06
ASY-003490,CPD-00390,MET,IC50,1879.9,,2025-04-06
ASY-003491,CPD-00216,JAK2,IC50,24.9,,2025-01-25
ASY-003492,CPD-00184,PI3K_alpha,IC50,1.5,,2025-10-23
ASY-003493,CPD-00289,PI3K_alpha,IC50,113.9,8.9,2025-03-02
ASY-003494,CPD-00567,BRAF_V600E,IC50,4.3,,2025-06-04
ASY-003495,CPD-00883,MET,IC50,4.4,15.0,2025-07-13
ASY-003496,CPD-00386,JAK2,IC50,17.2,11.4,2025-06-12
ASY-003497,CPD-00095,JAK2,IC50,12186.2,2.9,2025-07-02
ASY-003498,CPD-00793,PI3K_alpha,IC50,20.7,10.2,2026-02-18
ASY-003499,CPD-00326,BTK,IC50,9.0,2.6,2025-01-27
ASY-003500,CPD-00172,PI3K_alpha,IC50,25.0,,2025-08-18
ASY-003501,CPD-00122,BRAF_V600E,IC50,0.8,6.3,2025-10-28
ASY-003502,CPD-00096,MET,IC50,0.7,9.7,2025-11-14
ASY-003503,CPD-00403,MET,IC50,79.4,,2025-01-09
ASY-003504,CPD-00363,KRAS_G12C,IC50,9.7,,2025-12-13
ASY-003505,CPD-00096,KRAS_G12C,IC50,45.3,,2025-10-09
ASY-003506,CPD-00826,KRAS_G12C,IC50,44.1,,2025-10-30
ASY-003507,CPD-00568,MET,IC50,0.2,,2025-04-18
ASY-003508,CPD-00543,CDK4_6,IC50,2.7,,2025-12-19
ASY-003509,CPD-00557,BTK,IC50,685.2,15.1,2025-11-21
ASY-003510,CPD-00552,ALK,IC50,92.2,8.5,2025-03-03
ASY-003511,CPD-00483,PI3K_alpha,IC50,123.7,14.7,2025-08-21
ASY-003512,CPD-00927,KRAS_G12C,IC50,5162.5,23.6,2026-03-28
ASY-003513,CPD-00563,JAK2,IC50,856.0,,2025-05-14
ASY-003514,CPD-00846,MET,IC50,0.2,8.7,2026-02-18
ASY-003515,CPD-00953,MET,IC50,175.1,,2026-05-02
ASY-003516,CPD-00931,JAK2,IC50,237.3,12.4,2025-05-19
ASY-003517,CPD-00452,CDK4_6,IC50,300.4,,2025-05-30
ASY-003518,CPD-00010,CDK4_6,IC50,62.6,10.9,2025-03-31
ASY-003519,CPD-00569,JAK2,IC50,303.0,,2025-05-19
ASY-003520,CPD-00567,CDK4_6,IC50,166684.8,12.0,2025-03-11
ASY-003521,CPD-00944,KRAS_G12C,IC50,8.8,,2026-02-19
ASY-003522,CPD-00599,JAK2,IC50,8351.3,,2025-05-04
ASY-003523,CPD-00256,BTK,IC50,3.7,2.0,2025-08-31
ASY-003524,CPD-00136,BRAF_V600E,IC50,1108.9,4.1,2025-05-14
ASY-003525,CPD-00213,MET,IC50,1.0,,2025-06-12
ASY-003526,CPD-00243,CDK4_6,IC50,40.9,,2025-09-29
ASY-003527,CPD-00429,CDK4_6,IC50,143.8,2.0,2025-12-11
ASY-003528,CPD-00698,BTK,IC50,0.0,16.8,2025-10-20
ASY-003529,CPD-00822,EGFR,IC50,89.1,9.0,2025-03-11
ASY-003530,CPD-00577,ALK,IC50,10542.5,,2026-02-19
ASY-003531,CPD-00515,ALK,IC50,386.0,8.4,2025-04-24
ASY-003532,CPD-00103,PI3K_alpha,IC50,576.3,,2025-12-20
ASY-003533,CPD-00847,KRAS_G12C,IC50,161.3,3.4,2026-01-08
ASY-003534,CPD-00811,CDK4_6,IC50,5529.2,14.4,2026-01-09
ASY-003535,CPD-00634,MET,IC50,155933.0,8.3,2026-02-24
ASY-003536,CPD-00450,PI3K_alpha,IC50,2.4,10.8,2026-01-05
ASY-003537,CPD-00914,ALK,IC50,12.6,14.2,2026-04-06
ASY-003538,CPD-00431,PI3K_alpha,IC50,2.3,9.4,2025-03-27
ASY-003539,CPD-00125,BRAF_V600E,IC50,4.3,11.3,2025-06-19
ASY-003540,CPD-00240,EGFR,IC50,6.2,5.4,2025-03-20
ASY-003541,CPD-00817,EGFR,IC50,0.7,11.2,2026-01-19
ASY-003542,CPD-00164,JAK2,IC50,0.2,11.6,2025-07-05
ASY-003543,CPD-00182,ALK,IC50,2933.9,14.2,2025-01-28
ASY-003544,CPD-00252,ALK,IC50,7993.2,13.8,2025-03-10
ASY-003545,CPD-00235,JAK2,IC50,1.7,12.4,2025-05-23
ASY-003546,CPD-00711,PI3K_alpha,IC50,0.0,,2025-10-19
ASY-003547,CPD-00290,EGFR,IC50,1979.7,,2026-04-05
ASY-003548,CPD-00062,BRAF_V600E,IC50,183.0,,2026-04-03
ASY-003549,CPD-00658,BRAF_V600E,IC50,308.6,,2026-01-03
ASY-003550,CPD-00999,PI3K_alpha,IC50,7.1,,2026-03-14
ASY-003551,CPD-00451,MET,IC50,0.5,,2025-01-15
ASY-003552,CPD-00343,MET,IC50,3.5,5.8,2025-12-05
ASY-003553,CPD-00486,BTK,IC50,9808.1,,2025-01-21
ASY-003554,CPD-00945,KRAS_G12C,IC50,574.5,,2026-04-09
ASY-003555,CPD-00345,KRAS_G12C,IC50,259.8,6.6,2025-09-20
ASY-003556,CPD-00832,EGFR,IC50,5.9,3.7,2025-08-31
ASY-003557,CPD-00759,JAK2,IC50,0.5,,2025-12-15
ASY-003558,CPD-00216,BTK,IC50,238.5,,2026-02-18
ASY-003559,CPD-00877,EGFR,IC50,1.7,15.7,2026-05-12
ASY-003560,CPD-00157,JAK2,IC50,8465.3,14.5,2025-06-27
ASY-003561,CPD-00098,MET,IC50,321.2,9.2,2025-10-22
ASY-003562,CPD-00425,BTK,IC50,951305.9,8.0,2026-01-29
ASY-003563,CPD-00682,BRAF_V600E,IC50,382.5,,2026-04-20
ASY-003564,CPD-00196,KRAS_G12C,IC50,0.0,,2025-01-28
ASY-003565,CPD-00497,BRAF_V600E,IC50,2744.6,,2025-07-03
ASY-003566,CPD-00737,BTK,IC50,60948.8,8.3,2025-12-21
ASY-003567,CPD-00988,EGFR,IC50,6.7,9.9,2025-12-06
ASY-003568,CPD-00079,PI3K_alpha,IC50,3742.2,9.1,2025-11-03
ASY-003569,CPD-00067,PI3K_alpha,IC50,11.1,,2025-06-02
ASY-003570,CPD-00937,PI3K_alpha,IC50,30.6,8.2,2026-02-01
ASY-003571,CPD-00370,JAK2,IC50,10.7,,2025-04-01
ASY-003572,CPD-00559,PI3K_alpha,IC50,1478.8,10.1,2025-03-23
ASY-003573,CPD-00124,BRAF_V600E,IC50,0.3,,2025-01-25
ASY-003574,CPD-00954,BTK,IC50,406.1,,2026-03-08
ASY-003575,CPD-00900,CDK4_6,IC50,490.4,9.5,2026-05-11
ASY-003576,CPD-00783,BRAF_V600E,IC50,13283.6,15.1,2025-04-02
ASY-003577,CPD-00954,PI3K_alpha,IC50,4.8,,2026-01-08
ASY-003578,CPD-00692,BRAF_V600E,IC50,241.2,,2026-03-12
ASY-003579,CPD-00466,KRAS_G12C,IC50,34.0,,2026-03-03
ASY-003580,CPD-00398,JAK2,IC50,100.6,12.6,2025-09-05
ASY-003581,CPD-00428,PI3K_alpha,IC50,293.5,,2025-08-27
ASY-003582,CPD-00317,KRAS_G12C,IC50,30.3,,2025-10-20
ASY-003583,CPD-00205,CDK4_6,IC50,130.4,,2025-05-02
ASY-003584,CPD-00677,KRAS_G12C,IC50,0.6,17.4,2025-04-14
ASY-003585,CPD-00499,KRAS_G12C,IC50,17594.9,,2025-08-26
ASY-003586,CPD-00149,CDK4_6,IC50,476.0,,2025-07-25
ASY-003587,CPD-00511,CDK4_6,IC50,132290.1,,2025-12-23
ASY-003588,CPD-00353,CDK4_6,IC50,3.8,3.4,2025-03-17
ASY-003589,CPD-00663,MET,IC50,22.2,-1.0,2025-07-11
ASY-003590,CPD-00147,EGFR,IC50,1751.8,,2026-05-14
ASY-003591,CPD-00224,MET,IC50,146.9,,2025-07-19
ASY-003592,CPD-00474,CDK4_6,IC50,8.8,15.3,2025-04-01
ASY-003593,CPD-00741,CDK4_6,IC50,80953.0,,2026-02-17
ASY-003594,CPD-00108,KRAS_G12C,IC50,599.0,-2.7,2026-01-19
ASY-003595,CPD-00216,KRAS_G12C,IC50,960830.7,14.1,2025-12-13
ASY-003596,CPD-00755,CDK4_6,IC50,29.5,,2025-05-15
ASY-003597,CPD-00044,BRAF_V600E,IC50,53216.8,10.2,2026-01-04
ASY-003598,CPD-00288,ALK,IC50,756.0,17.2,2025-08-21
ASY-003599,CPD-00456,EGFR,IC50,2445.2,,2026-01-21
ASY-003600,CPD-00479,BTK,IC50,0.0,,2025-08-01
ASY-003601,CPD-00676,KRAS_G12C,IC50,5.1,8.2,2026-02-04
ASY-003602,CPD-00281,MET,IC50,50.5,11.4,2025-06-29
ASY-003603,CPD-00633,BTK,IC50,5.5,6.0,2026-04-03
ASY-003604,CPD-00816,CDK4_6,IC50,25.9,8.7,2025-06-18
ASY-003605,CPD-00255,EGFR,IC50,1949.9,,2025-05-21
ASY-003606,CPD-00598,CDK4_6,IC50,77.5,,2025-10-01
ASY-003607,CPD-00854,EGFR,IC50,3885.1,,2025-05-08
ASY-003608,CPD-00840,MET,IC50,40.7,,2026-02-25
ASY-003609,CPD-00109,BTK,IC50,3877.1,9.4,2025-12-29
ASY-003610,CPD-00090,EGFR,IC50,2486.0,15.5,2026-03-01
ASY-003611,CPD-00472,MET,IC50,28.3,,2026-04-02
ASY-003612,CPD-00119,JAK2,IC50,173.8,10.2,2025-12-26
ASY-003613,CPD-00059,KRAS_G12C,IC50,50.9,,2025-05-13
ASY-003614,CPD-00336,PI3K_alpha,IC50,2.1,,2026-03-14
ASY-003615,CPD-00359,EGFR,IC50,759.3,,2025-10-19
ASY-003616,CPD-00687,BRAF_V600E,IC50,27.4,,2025-01-31
ASY-003617,CPD-00775,MET,IC50,1.6,,2026-04-13
ASY-003618,CPD-00878,BRAF_V600E,IC50,0.4,6.5,2025-03-11
ASY-003619,CPD-00994,MET,IC50,106.8,6.0,2025-09-21
ASY-003620,CPD-00535,BTK,IC50,78.1,,2026-04-20
ASY-003621,CPD-00201,BRAF_V600E,IC50,1410.9,,2026-03-24
ASY-003622,CPD-00177,EGFR,IC50,3262.9,5.2,2025-01-30
ASY-003623,CPD-00643,PI3K_alpha,IC50,43.3,11.6,2025-03-26
ASY-003624,CPD-00542,PI3K_alpha,IC50,534.8,15.6,2025-04-23
ASY-003625,CPD-00972,KRAS_G12C,IC50,1.2,9.1,2025-10-11
ASY-003626,CPD-00987,ALK,IC50,20837.6,,2025-03-23
ASY-003627,CPD-00688,BRAF_V600E,IC50,26197.0,7.7,2026-03-07
ASY-003628,CPD-00445,PI3K_alpha,IC50,10.3,,2025-01-20
ASY-003629,CPD-00614,ALK,IC50,141.8,19.5,2025-05-27
ASY-003630,CPD-00127,BTK,IC50,2.6,16.1,2025-03-30
ASY-003631,CPD-00474,PI3K_alpha,IC50,0.0,10.3,2025-10-01
ASY-003632,CPD-00007,CDK4_6,IC50,50.1,,2025-11-11
ASY-003633,CPD-00841,KRAS_G12C,IC50,0.7,3.9,2025-11-29
ASY-003634,CPD-00325,BTK,IC50,10401.9,14.3,2025-12-30
ASY-003635,CPD-00210,ALK,IC50,204.2,16.8,2026-01-21
ASY-003636,CPD-00998,BTK,IC50,10.2,3.2,2026-03-09
ASY-003637,CPD-00824,MET,IC50,4602.2,,2025-06-21
ASY-003638,CPD-00170,ALK,IC50,2.1,15.9,2025-04-21
ASY-003639,CPD-00198,KRAS_G12C,IC50,23.9,,2025-03-11
ASY-003640,CPD-00406,KRAS_G12C,IC50,15.3,,2025-12-18
ASY-003641,CPD-00557,BTK,IC50,34.1,,2025-02-02
ASY-003642,CPD-00123,JAK2,IC50,161.6,,2026-03-20
ASY-003643,CPD-00156,BTK,IC50,6308.0,2.0,2026-04-30
ASY-003644,CPD-00501,BRAF_V600E,IC50,12.8,3.4,2025-01-12
ASY-003645,CPD-00472,BRAF_V600E,IC50,0.0,,2025-03-12
ASY-003646,CPD-00566,CDK4_6,IC50,6062.0,13.4,2025-10-03
ASY-003647,CPD-00340,BTK,IC50,3.8,9.0,2025-01-19
ASY-003648,CPD-00499,BTK,IC50,92.1,19.2,2025-09-25
ASY-003649,CPD-00511,MET,IC50,405.3,,2025-09-30
ASY-003650,CPD-00215,BRAF_V600E,IC50,51.5,10.0,2025-07-24
ASY-003651,CPD-00119,BTK,IC50,128.0,,2025-05-18
ASY-003652,CPD-00258,KRAS_G12C,IC50,224.4,,2026-03-17
ASY-003653,CPD-00357,ALK,IC50,21118.9,,2026-05-02
ASY-003654,CPD-00353,PI3K_alpha,IC50,0.4,11.7,2025-09-19
ASY-003655,CPD-00173,PI3K_alpha,IC50,16.3,14.3,2026-03-12
ASY-003656,CPD-00364,KRAS_G12C,IC50,170.8,,2025-08-30
ASY-003657,CPD-00072,KRAS_G12C,IC50,12.4,8.7,2025-06-26
ASY-003658,CPD-00926,MET,IC50,7146.4,,2025-03-28
ASY-003659,CPD-00787,BRAF_V600E,IC50,17.1,10.6,2025-03-08
ASY-003660,CPD-00754,KRAS_G12C,IC50,27.4,10.9,2025-09-25
ASY-003661,CPD-00892,MET,IC50,889.1,8.9,2025-11-14
ASY-003662,CPD-00530,ALK,IC50,193.8,5.1,2025-09-03
ASY-003663,CPD-00730,ALK,IC50,218.5,,2026-04-25
ASY-003664,CPD-00358,MET,IC50,13716.8,4.2,2025-11-02
ASY-003665,CPD-00386,MET,IC50,0.0,,2025-12-12
ASY-003666,CPD-00339,EGFR,IC50,1044.1,,2025-08-28
ASY-003667,CPD-00104,ALK,IC50,1092.8,14.5,2026-01-12
ASY-003668,CPD-00820,BTK,IC50,141.1,,2025-03-14
ASY-003669,CPD-00837,PI3K_alpha,IC50,5.3,15.4,2025-08-01
ASY-003670,CPD-00450,BRAF_V600E,IC50,143233.1,9.9,2025-03-29
ASY-003671,CPD-00291,KRAS_G12C,IC50,5.1,12.1,2025-01-14
ASY-003672,CPD-00312,JAK2,IC50,1392.6,,2025-04-22
ASY-003673,CPD-00853,PI3K_alpha,IC50,105.1,,2025-11-02
ASY-003674,CPD-00717,PI3K_alpha,IC50,70.7,,2026-02-07
ASY-003675,CPD-00091,ALK,IC50,1.5,,2026-04-15
ASY-003676,CPD-00353,ALK,IC50,1.2,5.6,2025-07-31
ASY-003677,CPD-00226,ALK,IC50,0.9,5.6,2025-11-11
ASY-003678,CPD-00123,MET,IC50,116489.5,3.3,2025-12-04
ASY-003679,CPD-00185,ALK,IC50,1.0,,2025-06-27
ASY-003680,CPD-00578,JAK2,IC50,689.0,,2025-11-01
ASY-003681,CPD-00430,EGFR,IC50,9.4,0.8,2025-11-24
ASY-003682,CPD-00866,JAK2,IC50,16269.1,,2025-03-03
ASY-003683,CPD-00930,KRAS_G12C,IC50,14.9,,2025-09-08
ASY-003684,CPD-00027,JAK2,IC50,16099.9,,2025-11-12
ASY-003685,CPD-00118,CDK4_6,IC50,46029.2,,2026-02-17
ASY-003686,CPD-00245,JAK2,IC50,7231.9,,2025-05-20
ASY-003687,CPD-00214,EGFR,IC50,299.9,,2025-12-26
ASY-003688,CPD-00032,ALK,IC50,1004.8,13.1,2026-05-15
ASY-003689,CPD-00217,BRAF_V600E,IC50,1.0,12.9,2025-12-14
ASY-003690,CPD-00128,BRAF_V600E,IC50,505.5,13.6,2025-10-06
ASY-003691,CPD-00682,CDK4_6,IC50,17977.3,2.1,2025-12-17
ASY-003692,CPD-00119,EGFR,IC50,40.1,5.6,2026-04-04
ASY-003693,CPD-00472,ALK,IC50,29.4,,2025-02-13
ASY-003694,CPD-00022,MET,IC50,1771.4,,2025-08-30
ASY-003695,CPD-00318,CDK4_6,IC50,899.1,5.9,2025-05-06
ASY-003696,CPD-00690,EGFR,IC50,618.9,11.4,2026-04-09
ASY-003697,CPD-00246,EGFR,IC50,0.3,12.7,2025-11-21
ASY-003698,CPD-00006,ALK,IC50,367.8,22.2,2025-01-20
ASY-003699,CPD-00516,EGFR,IC50,8.2,10.8,2025-09-09
ASY-003700,CPD-00551,EGFR,IC50,191.0,,2026-02-07
ASY-003701,CPD-00063,JAK2,IC50,279.4,7.2,2026-04-25
ASY-003702,CPD-00737,CDK4_6,IC50,3644.0,12.2,2025-02-22
ASY-003703,CPD-00832,MET,IC50,301.8,,2026-03-25
ASY-003704,CPD-00907,BTK,IC50,5270.4,,2025-10-13
ASY-003705,CPD-00854,EGFR,IC50,2158.8,,2026-05-06
ASY-003706,CPD-00408,ALK,IC50,94183.7,,2025-10-23
ASY-003707,CPD-00875,KRAS_G12C,IC50,1792.3,7.6,2026-03-07
ASY-003708,CPD-00314,JAK2,IC50,40.8,7.0,2025-07-27
ASY-003709,CPD-00454,JAK2,IC50,0.8,6.3,2025-03-07
ASY-003710,CPD-00070,BRAF_V600E,IC50,111.8,12.0,2025-07-07
ASY-003711,CPD-00541,BTK,IC50,1344.8,5.3,2026-03-06
ASY-003712,CPD-00894,BRAF_V600E,IC50,409.8,5.6,2025-01-15
ASY-003713,CPD-00993,MET,IC50,63.3,,2026-01-08
ASY-003714,CPD-00622,CDK4_6,IC50,39.8,0.9,2025-06-17
ASY-003715,CPD-00503,JAK2,IC50,50.3,,2025-06-30
ASY-003716,CPD-00486,BTK,IC50,39.1,,2025-05-19
ASY-003717,CPD-00315,BRAF_V600E,IC50,4995.5,5.1,2026-04-17
ASY-003718,CPD-00852,MET,IC50,0.0,7.9,2026-05-04
ASY-003719,CPD-00410,JAK2,IC50,48.6,12.4,2025-08-17
ASY-003720,CPD-00774,KRAS_G12C,IC50,23732.3,6.5,2025-03-24
ASY-003721,CPD-00753,MET,IC50,0.0,5.6,2025-11-14
ASY-003722,CPD-00586,EGFR,IC50,3.5,,2025-04-20
ASY-003723,CPD-00992,BRAF_V600E,IC50,12.4,3.4,2025-08-13
ASY-003724,CPD-00796,BRAF_V600E,IC50,172.6,4.8,2026-04-20
ASY-003725,CPD-00800,JAK2,IC50,1400.4,9.4,2025-12-16
ASY-003726,CPD-00821,BTK,IC50,470.4,,2026-01-19
ASY-003727,CPD-00906,CDK4_6,IC50,0.0,13.0,2025-12-17
ASY-003728,CPD-00068,JAK2,IC50,2998.8,,2025-04-23
ASY-003729,CPD-00214,MET,IC50,374.4,,2025-02-14
ASY-003730,CPD-00313,JAK2,IC50,7.7,,2025-02-16
ASY-003731,CPD-00658,PI3K_alpha,IC50,113.3,,2025-09-05
ASY-003732,CPD-00390,KRAS_G12C,IC50,32.1,10.6,2025-01-13
ASY-003733,CPD-00869,PI3K_alpha,IC50,17.9,6.8,2025-08-29
ASY-003734,CPD-00651,MET,IC50,2.5,20.7,2025-07-29
ASY-003735,CPD-00045,PI3K_alpha,IC50,0.3,,2025-09-18
ASY-003736,CPD-00986,PI3K_alpha,IC50,8989.6,,2025-10-04
ASY-003737,CPD-00753,PI3K_alpha,IC50,1.4,10.0,2026-04-08
ASY-003738,CPD-00667,BTK,IC50,233.9,10.4,2026-02-04
ASY-003739,CPD-00376,PI3K_alpha,IC50,154.9,,2025-11-06
ASY-003740,CPD-00147,CDK4_6,IC50,33.7,9.6,2025-01-26
ASY-003741,CPD-00899,CDK4_6,IC50,228.0,12.4,2025-03-12
ASY-003742,CPD-00706,BRAF_V600E,IC50,123.5,12.8,2026-01-16
ASY-003743,CPD-00904,MET,IC50,8267.9,,2026-02-22
ASY-003744,CPD-00083,ALK,IC50,15336.0,,2025-04-11
ASY-003745,CPD-00720,CDK4_6,IC50,120040.1,15.2,2025-04-23
ASY-003746,CPD-00788,KRAS_G12C,IC50,18190.7,,2025-11-23
ASY-003747,CPD-00146,PI3K_alpha,IC50,542.7,15.2,2025-07-06
ASY-003748,CPD-00977,BTK,IC50,19.7,12.2,2025-07-06
ASY-003749,CPD-00585,BTK,IC50,63.5,,2025-04-04
ASY-003750,CPD-00207,CDK4_6,IC50,39214.8,,2026-02-12
ASY-003751,CPD-00444,BRAF_V600E,IC50,6.6,,2026-03-19
ASY-003752,CPD-00560,EGFR,IC50,0.3,4.4,2025-04-17
ASY-003753,CPD-00562,CDK4_6,IC50,6.4,,2025-09-03
ASY-003754,CPD-00936,EGFR,IC50,6.5,13.3,2026-04-02
ASY-003755,CPD-00913,KRAS_G12C,IC50,9.5,11.8,2025-03-29
ASY-003756,CPD-00150,ALK,IC50,1304.2,4.4,2025-06-22
ASY-003757,CPD-00292,KRAS_G12C,IC50,35.9,,2025-10-13
ASY-003758,CPD-00689,CDK4_6,IC50,54.0,,2025-04-10
ASY-003759,CPD-00063,CDK4_6,IC50,35.8,,2026-01-01
ASY-003760,CPD-00331,MET,IC50,417.9,8.7,2025-02-10
ASY-003761,CPD-00653,BRAF_V600E,IC50,3.5,9.6,2025-01-15
ASY-003762,CPD-00566,BTK,IC50,29179.0,11.8,2025-06-27
ASY-003763,CPD-00544,PI3K_alpha,IC50,23.0,4.2,2025-03-21
ASY-003764,CPD-00496,CDK4_6,IC50,578679.1,7.8,2025-10-25
ASY-003765,CPD-00774,EGFR,IC50,56.7,,2025-11-20
ASY-003766,CPD-00617,BRAF_V600E,IC50,167.3,,2025-09-18
ASY-003767,CPD-00502,BRAF_V600E,IC50,1241.5,12.2,2026-01-29
ASY-003768,CPD-00805,EGFR,IC50,174491.5,5.5,2025-12-26
ASY-003769,CPD-00969,BTK,IC50,0.1,,2026-05-01
ASY-003770,CPD-00060,BRAF_V600E,IC50,7.1,,2025-12-09
ASY-003771,CPD-00572,BRAF_V600E,IC50,59.4,,2025-02-07
ASY-003772,CPD-00381,ALK,IC50,13283.7,,2025-05-20
ASY-003773,CPD-00121,PI3K_alpha,IC50,5.7,,2025-07-02
ASY-003774,CPD-00736,PI3K_alpha,IC50,20.3,16.0,2025-09-27
ASY-003775,CPD-00916,MET,IC50,218.9,3.7,2025-05-11
ASY-003776,CPD-00499,BTK,IC50,1.6,7.3,2025-02-02
ASY-003777,CPD-00832,KRAS_G12C,IC50,0.1,,2025-06-05
ASY-003778,CPD-00743,BRAF_V600E,IC50,55.5,3.3,2025-01-07
ASY-003779,CPD-00877,JAK2,IC50,14631.2,,2025-02-16
ASY-003780,CPD-00840,BRAF_V600E,IC50,2535.4,,2026-02-21
ASY-003781,CPD-00135,ALK,IC50,0.8,7.4,2025-07-14
ASY-003782,CPD-00700,CDK4_6,IC50,796.6,,2026-02-11
ASY-003783,CPD-00217,ALK,IC50,4.5,13.0,2025-05-09
ASY-003784,CPD-00741,PI3K_alpha,IC50,67.9,,2026-03-25
ASY-003785,CPD-00423,BRAF_V600E,IC50,48.2,8.3,2026-04-09
ASY-003786,CPD-00078,CDK4_6,IC50,13.6,,2026-01-09
ASY-003787,CPD-00089,CDK4_6,IC50,280.2,20.3,2026-03-16
ASY-003788,CPD-00774,JAK2,IC50,475.0,,2025-12-30
ASY-003789,CPD-00269,CDK4_6,IC50,592.9,,2026-04-18
ASY-003790,CPD-00231,KRAS_G12C,IC50,58.2,,2026-01-26
ASY-003791,CPD-00160,KRAS_G12C,IC50,104.6,4.4,2026-02-11
ASY-003792,CPD-00609,KRAS_G12C,IC50,5.4,,2025-01-17
ASY-003793,CPD-00399,PI3K_alpha,IC50,0.1,,2025-02-12
ASY-003794,CPD-00073,PI3K_alpha,IC50,1058.3,,2026-04-17
ASY-003795,CPD-00276,EGFR,IC50,5166.5,,2025-05-28
ASY-003796,CPD-00013,CDK4_6,IC50,5611.3,9.6,2025-07-24
ASY-003797,CPD-00929,EGFR,IC50,0.6,,2026-03-18
ASY-003798,CPD-00088,KRAS_G12C,IC50,18.3,,2025-03-09
ASY-003799,CPD-00502,JAK2,IC50,29.7,14.2,2025-06-03
ASY-003800,CPD-00755,JAK2,IC50,3.4,,2025-10-08
ASY-003801,CPD-00713,MET,IC50,330.3,,2025-12-09
ASY-003802,CPD-00765,EGFR,IC50,0.6,,2025-12-08
ASY-003803,CPD-00798,EGFR,IC50,60.3,12.2,2025-06-06
ASY-003804,CPD-00620,MET,IC50,5.7,,2025-01-18
ASY-003805,CPD-00563,PI3K_alpha,IC50,5.5,,2025-10-09
ASY-003806,CPD-00545,JAK2,IC50,626.3,24.6,2025-10-30
ASY-003807,CPD-00660,MET,IC50,21.0,0.4,2025-04-27
ASY-003808,CPD-00639,JAK2,IC50,15.3,4.4,2025-06-18
ASY-003809,CPD-00195,KRAS_G12C,IC50,1238.3,,2025-03-15
ASY-003810,CPD-00276,KRAS_G12C,IC50,140.4,9.9,2025-06-30
ASY-003811,CPD-00564,ALK,IC50,75593.2,,2025-11-26
ASY-003812,CPD-00976,JAK2,IC50,3289.8,,2025-12-04
ASY-003813,CPD-00289,PI3K_alpha,IC50,0.1,1.3,2025-07-26
ASY-003814,CPD-00429,EGFR,IC50,0.5,3.8,2025-12-08
ASY-003815,CPD-00674,EGFR,IC50,5.9,12.1,2025-04-12
ASY-003816,CPD-00128,ALK,IC50,651.3,4.8,2025-08-09
ASY-003817,CPD-00541,JAK2,IC50,8582.1,13.8,2025-05-28
ASY-003818,CPD-00767,JAK2,IC50,6699.5,,2025-04-01
ASY-003819,CPD-00700,JAK2,IC50,19777.8,,2025-09-09
ASY-003820,CPD-00239,BRAF_V600E,IC50,2.9,17.3,2026-05-05
ASY-003821,CPD-00032,CDK4_6,IC50,10.9,13.1,2026-03-16
ASY-003822,CPD-00976,KRAS_G12C,IC50,673.6,5.7,2025-09-15
ASY-003823,CPD-00070,BTK,IC50,53.0,18.5,2025-08-27
ASY-003824,CPD-00588,CDK4_6,IC50,28.4,5.0,2025-06-03
ASY-003825,CPD-00101,MET,IC50,2956.0,,2025-06-12
ASY-003826,CPD-00161,PI3K_alpha,IC50,1.5,,2025-06-01
ASY-003827,CPD-00787,BTK,IC50,6942.3,,2025-01-30
ASY-003828,CPD-00592,CDK4_6,IC50,5539.3,3.1,2025-04-23
ASY-003829,CPD-00381,EGFR,IC50,499693.9,1.9,2025-12-04
ASY-003830,CPD-00538,ALK,IC50,34.5,,2025-03-15
ASY-003831,CPD-00651,KRAS_G12C,IC50,0.0,,2026-01-07
ASY-003832,CPD-00600,ALK,IC50,32.4,,2025-02-06
ASY-003833,CPD-00311,MET,IC50,6.0,,2025-05-30
ASY-003834,CPD-00616,BTK,IC50,12794.0,,2025-02-15
ASY-003835,CPD-00870,EGFR,IC50,2576.5,15.5,2025-08-30
ASY-003836,CPD-00490,CDK4_6,IC50,8527.1,10.6,2025-07-18
ASY-003837,CPD-00576,JAK2,IC50,132.3,3.9,2025-04-07
ASY-003838,CPD-00518,EGFR,IC50,8389.2,9.9,2025-12-25
ASY-003839,CPD-00910,BTK,IC50,1867.3,,2026-05-12
ASY-003840,CPD-00518,BTK,IC50,0.5,,2026-03-14
ASY-003841,CPD-00042,EGFR,IC50,0.2,,2025-02-02
ASY-003842,CPD-00999,CDK4_6,IC50,1720.0,4.3,2026-01-01
ASY-003843,CPD-00610,MET,IC50,1302112.7,,2025-05-26
ASY-003844,CPD-00940,EGFR,IC50,2325.6,,2025-07-25
ASY-003845,CPD-00486,BTK,IC50,6.0,,2025-06-20
ASY-003846,CPD-00506,BRAF_V600E,IC50,686.3,11.9,2025-04-04
ASY-003847,CPD-00266,JAK2,IC50,0.5,1.8,2025-04-11
ASY-003848,CPD-00070,CDK4_6,IC50,0.1,,2025-12-25
ASY-003849,CPD-00657,PI3K_alpha,IC50,17.3,5.3,2025-04-17
ASY-003850,CPD-00298,EGFR,IC50,11.7,14.5,2025-10-05
ASY-003851,CPD-00447,JAK2,IC50,2.1,3.7,2026-01-07
ASY-003852,CPD-00102,JAK2,IC50,56.4,9.5,2025-03-12
ASY-003853,CPD-00319,ALK,IC50,4.1,,2025-02-12
ASY-003854,CPD-00046,MET,IC50,657.6,,2025-02-08
ASY-003855,CPD-00438,ALK,IC50,6.9,3.6,2026-01-20
ASY-003856,CPD-00397,BRAF_V600E,IC50,49738.0,6.8,2025-02-13
ASY-003857,CPD-00253,BRAF_V600E,IC50,29.8,,2026-03-05
ASY-003858,CPD-00898,MET,IC50,57.9,8.4,2025-10-19
ASY-003859,CPD-00048,KRAS_G12C,IC50,1.0,,2025-10-26
ASY-003860,CPD-00911,EGFR,IC50,238.9,8.0,2025-01-02
ASY-003861,CPD-00092,BRAF_V600E,IC50,137.9,8.4,2025-08-09
ASY-003862,CPD-00873,JAK2,IC50,181.8,,2025-09-01
ASY-003863,CPD-00707,EGFR,IC50,6999.7,,2025-04-18
ASY-003864,CPD-00007,PI3K_alpha,IC50,5.8,7.1,2026-03-12
ASY-003865,CPD-00021,BRAF_V600E,IC50,10171.1,22.1,2026-04-03
ASY-003866,CPD-00225,PI3K_alpha,IC50,118.6,10.2,2026-05-16
ASY-003867,CPD-00571,EGFR,IC50,14938.1,22.1,2025-05-04
ASY-003868,CPD-00738,BRAF_V600E,IC50,5.4,11.8,2025-09-22
ASY-003869,CPD-00204,BRAF_V600E,IC50,13922105.2,5.8,2025-02-18
ASY-003870,CPD-00401,BRAF_V600E,IC50,3.3,,2025-01-07
ASY-003871,CPD-00981,BRAF_V600E,IC50,101.3,,2026-01-02
ASY-003872,CPD-00383,CDK4_6,IC50,622.3,9.7,2026-01-20
ASY-003873,CPD-00234,JAK2,IC50,91.0,,2025-04-25
ASY-003874,CPD-00497,PI3K_alpha,IC50,1.0,,2025-03-08
ASY-003875,CPD-00807,JAK2,IC50,1142.9,,2025-10-17
ASY-003876,CPD-00779,KRAS_G12C,IC50,0.7,,2025-01-26
ASY-003877,CPD-00823,JAK2,IC50,218.1,,2026-02-28
ASY-003878,CPD-00686,ALK,IC50,67.1,,2025-03-22
ASY-003879,CPD-00599,ALK,IC50,11027.1,11.4,2026-03-30
ASY-003880,CPD-00903,CDK4_6,IC50,57472.9,8.1,2025-01-09
ASY-003881,CPD-00789,KRAS_G12C,IC50,861.7,9.1,2026-01-20
ASY-003882,CPD-00290,PI3K_alpha,IC50,590.1,,2025-11-12
ASY-003883,CPD-00855,ALK,IC50,98.0,,2026-03-19
ASY-003884,CPD-00678,MET,IC50,360.3,11.2,2026-05-07
ASY-003885,CPD-00952,JAK2,IC50,43.5,,2025-07-01
ASY-003886,CPD-00680,KRAS_G12C,IC50,108.4,,2025-09-02
ASY-003887,CPD-00337,CDK4_6,IC50,347.4,,2026-04-14
ASY-003888,CPD-00787,BTK,IC50,1.8,,2025-06-24
ASY-003889,CPD-00539,BTK,IC50,171.4,6.4,2025-01-20
ASY-003890,CPD-00885,MET,IC50,912.0,,2025-11-15
ASY-003891,CPD-00630,KRAS_G12C,IC50,5.0,,2025-10-04
ASY-003892,CPD-00810,CDK4_6,IC50,43.0,,2025-08-06
ASY-003893,CPD-00125,BRAF_V600E,IC50,7246.4,,2025-12-26
ASY-003894,CPD-00089,ALK,IC50,286.8,11.6,2025-11-11
ASY-003895,CPD-00466,EGFR,IC50,3875.7,13.5,2026-04-09
ASY-003896,CPD-00849,KRAS_G12C,IC50,942.7,4.0,2026-01-19
ASY-003897,CPD-00597,ALK,IC50,43.6,4.3,2025-12-17
ASY-003898,CPD-00955,BRAF_V600E,IC50,112858.9,11.2,2025-05-23
ASY-003899,CPD-00406,PI3K_alpha,IC50,29860.0,,2025-03-30
ASY-003900,CPD-00698,ALK,IC50,0.1,,2025-05-23
ASY-003901,CPD-00872,MET,IC50,4.6,9.8,2025-04-18
ASY-003902,CPD-00844,EGFR,IC50,37.9,,2025-12-23
ASY-003903,CPD-00916,ALK,IC50,2188.1,,2026-05-08
ASY-003904,CPD-00544,PI3K_alpha,IC50,2.1,10.7,2025-02-09
ASY-003905,CPD-00766,KRAS_G12C,IC50,90.6,,2025-09-26
ASY-003906,CPD-00590,PI3K_alpha,IC50,15.1,,2025-08-12
ASY-003907,CPD-00113,BRAF_V600E,IC50,185.6,,2025-10-04
ASY-003908,CPD-00468,KRAS_G12C,IC50,2.8,,2026-02-16
ASY-003909,CPD-00705,JAK2,IC50,1093.6,7.5,2025-02-13
ASY-003910,CPD-00797,PI3K_alpha,IC50,6369.7,,2025-06-21
ASY-003911,CPD-00327,BTK,IC50,4175.5,,2025-08-01
ASY-003912,CPD-00781,KRAS_G12C,IC50,0.9,1.5,2026-01-06
ASY-003913,CPD-00371,KRAS_G12C,IC50,6.1,,2025-02-07
ASY-003914,CPD-00075,CDK4_6,IC50,98.1,9.9,2026-04-16
ASY-003915,CPD-00573,BTK,IC50,78799.7,,2025-05-05
ASY-003916,CPD-00589,JAK2,IC50,5.6,7.2,2025-04-16
ASY-003917,CPD-00377,ALK,IC50,2.4,,2025-02-12
ASY-003918,CPD-00635,BRAF_V600E,IC50,266.6,,2026-01-29
ASY-003919,CPD-00904,EGFR,IC50,32.7,14.5,2025-11-03
ASY-003920,CPD-00945,EGFR,IC50,8.0,,2025-07-18
ASY-003921,CPD-00448,BTK,IC50,0.0,,2025-08-01
ASY-003922,CPD-00334,ALK,IC50,62.0,2.5,2025-03-10
ASY-003923,CPD-00839,BRAF_V600E,IC50,0.1,,2025-02-17
ASY-003924,CPD-00101,EGFR,IC50,35559.4,12.0,2025-08-04
ASY-003925,CPD-00905,CDK4_6,IC50,45.8,,2025-12-10
ASY-003926,CPD-00013,BTK,IC50,5.3,,2025-09-02
ASY-003927,CPD-00298,EGFR,IC50,19.6,4.1,2025-09-03
ASY-003928,CPD-00395,JAK2,IC50,80.0,,2026-03-18
ASY-003929,CPD-00793,BTK,IC50,27.6,,2025-02-10
ASY-003930,CPD-00392,KRAS_G12C,IC50,205.6,7.0,2026-01-19
ASY-003931,CPD-00862,PI3K_alpha,IC50,23.6,4.4,2025-07-31
ASY-003932,CPD-00797,BTK,IC50,21139.7,,2025-04-02
ASY-003933,CPD-00713,MET,IC50,18.0,17.2,2025-01-11
ASY-003934,CPD-00475,BTK,IC50,165.9,,2025-06-23
ASY-003935,CPD-00356,PI3K_alpha,IC50,39.3,11.9,2025-07-28
ASY-003936,CPD-00818,BRAF_V600E,IC50,62.4,17.8,2025-12-18
ASY-003937,CPD-00327,PI3K_alpha,IC50,0.0,4.3,2026-01-12
ASY-003938,CPD-00535,BRAF_V600E,IC50,40.3,14.3,2026-01-08
ASY-003939,CPD-00027,MET,IC50,231.3,,2025-08-13
ASY-003940,CPD-00648,BTK,IC50,356.4,,2025-10-30
ASY-003941,CPD-00658,MET,IC50,54.1,,2026-03-09
ASY-003942,CPD-00560,BTK,IC50,23.9,9.4,2025-01-20
ASY-003943,CPD-00246,KRAS_G12C,IC50,60.8,,2025-01-17
ASY-003944,CPD-00737,BRAF_V600E,IC50,18.6,3.7,2025-02-28
ASY-003945,CPD-00179,BTK,IC50,207.9,,2025-02-22
ASY-003946,CPD-00186,EGFR,IC50,15384.8,5.0,2025-08-07
ASY-003947,CPD-00628,PI3K_alpha,IC50,40.6,11.6,2025-06-09
ASY-003948,CPD-00720,ALK,IC50,32886.0,2.4,2026-01-11
ASY-003949,CPD-00070,PI3K_alpha,IC50,7.6,6.3,2025-11-04
ASY-003950,CPD-00209,KRAS_G12C,IC50,731.8,,2026-03-04
ASY-003951,CPD-00882,CDK4_6,IC50,0.2,8.9,2025-07-22
ASY-003952,CPD-00379,BTK,IC50,61.8,7.0,2026-04-26
ASY-003953,CPD-00242,KRAS_G12C,IC50,67.5,,2025-05-25
ASY-003954,CPD-00131,MET,IC50,0.7,6.4,2025-11-30
ASY-003955,CPD-00601,JAK2,IC50,802.3,8.0,2025-01-18
ASY-003956,CPD-00751,KRAS_G12C,IC50,11.6,,2026-01-07
ASY-003957,CPD-00548,MET,IC50,4.9,4.5,2026-01-01
ASY-003958,CPD-00002,CDK4_6,IC50,1.5,,2026-04-27
ASY-003959,CPD-00663,PI3K_alpha,IC50,16414.9,,2025-12-04
ASY-003960,CPD-00292,PI3K_alpha,IC50,1772.6,,2026-02-22
ASY-003961,CPD-00200,KRAS_G12C,IC50,783.8,,2025-02-02
ASY-003962,CPD-00377,JAK2,IC50,0.0,16.6,2026-01-08
ASY-003963,CPD-00659,CDK4_6,IC50,903.9,,2026-04-12
ASY-003964,CPD-00946,JAK2,IC50,2623.5,,2025-03-31
ASY-003965,CPD-00279,CDK4_6,IC50,21.6,12.8,2025-07-06
ASY-003966,CPD-00678,EGFR,IC50,4.8,,2025-03-08
ASY-003967,CPD-00873,EGFR,IC50,489.9,,2025-06-11
ASY-003968,CPD-00613,KRAS_G12C,IC50,63.0,,2025-08-31
ASY-003969,CPD-00967,MET,IC50,669909.8,,2025-06-25
ASY-003970,CPD-00303,MET,IC50,5.8,,2025-02-08
ASY-003971,CPD-00299,EGFR,IC50,51.5,6.7,2026-03-06
ASY-003972,CPD-00668,EGFR,IC50,1746.0,5.6,2025-02-10
ASY-003973,CPD-00126,JAK2,IC50,84.4,3.4,2025-08-26
ASY-003974,CPD-00551,BRAF_V600E,IC50,82.7,,2026-05-05
ASY-003975,CPD-00834,MET,IC50,6.4,,2025-08-18
ASY-003976,CPD-00848,MET,IC50,1066.5,,2025-05-12
ASY-003977,CPD-00116,EGFR,IC50,1.1,18.5,2025-02-24
ASY-003978,CPD-00002,MET,IC50,8.7,,2025-01-30
ASY-003979,CPD-00316,CDK4_6,IC50,1710.3,,2025-11-10
ASY-003980,CPD-00156,ALK,IC50,14084.4,,2025-10-05
ASY-003981,CPD-00910,BTK,IC50,31.7,,2025-09-04
ASY-003982,CPD-00224,JAK2,IC50,326.7,22.8,2026-01-11
ASY-003983,CPD-00052,KRAS_G12C,IC50,0.6,12.4,2025-09-15
ASY-003984,CPD-00900,BRAF_V600E,IC50,852.8,15.3,2025-07-22
ASY-003985,CPD-00433,PI3K_alpha,IC50,0.1,,2026-03-28
ASY-003986,CPD-00093,PI3K_alpha,IC50,3.6,4.4,2025-12-20
ASY-003987,CPD-00107,BRAF_V600E,IC50,16445.9,,2025-06-25
ASY-003988,CPD-00241,MET,IC50,36.6,,2025-07-04
ASY-003989,CPD-00899,MET,IC50,8997.0,2.3,2026-04-27
ASY-003990,CPD-00089,CDK4_6,IC50,159.6,0.7,2025-12-24
ASY-003991,CPD-00480,CDK4_6,IC50,1224.3,8.9,2026-02-24
ASY-003992,CPD-00371,BTK,IC50,0.3,,2025-01-21
ASY-003993,CPD-00516,CDK4_6,IC50,81925.9,4.9,2025-01-05
ASY-003994,CPD-00774,ALK,IC50,3870.4,,2025-07-21
ASY-003995,CPD-00830,MET,IC50,4.1,,2025-04-19
ASY-003996,CPD-00261,JAK2,IC50,8.8,,2025-06-20
ASY-003997,CPD-00193,EGFR,IC50,9.8,,2025-05-10
ASY-003998,CPD-00092,ALK,IC50,27.1,5.1,2025-11-25
ASY-003999,CPD-00458,PI3K_alpha,IC50,82.5,6.8,2025-06-18
ASY-004000,CPD-00640,PI3K_alpha,IC50,545.5,10.9,2025-11-03
ASY-004001,CPD-00440,KRAS_G12C,IC50,0.8,,2026-02-10
ASY-004002,CPD-00226,JAK2,IC50,8.3,6.0,2025-03-02
ASY-004003,CPD-00711,BTK,IC50,126.4,,2025-09-02
ASY-004004,CPD-00060,BTK,IC50,4889.9,,2026-04-27
ASY-004005,CPD-00180,PI3K_alpha,IC50,22.2,,2025-03-24
ASY-004006,CPD-00568,EGFR,IC50,3.8,7.5,2025-10-17
ASY-004007,CPD-00725,BRAF_V600E,IC50,88.6,3.4,2025-10-12
ASY-004008,CPD-00381,BRAF_V600E,IC50,18.9,,2026-03-29
ASY-004009,CPD-00830,CDK4_6,IC50,0.6,,2026-01-21
ASY-004010,CPD-00790,JAK2,IC50,530.6,10.0,2026-05-02
ASY-004011,CPD-00756,EGFR,IC50,15.2,6.7,2025-04-27
ASY-004012,CPD-00113,ALK,IC50,22607.3,,2025-08-23
ASY-004013,CPD-00928,EGFR,IC50,12703.8,,2025-12-03
ASY-004014,CPD-00770,PI3K_alpha,IC50,14.9,,2025-11-23
ASY-004015,CPD-00275,CDK4_6,IC50,20.9,,2025-01-27
ASY-004016,CPD-00698,CDK4_6,IC50,30.8,10.4,2026-03-18
ASY-004017,CPD-00063,KRAS_G12C,IC50,101.0,13.2,2025-08-19
ASY-004018,CPD-00657,JAK2,IC50,8.9,11.5,2026-03-23
ASY-004019,CPD-00305,PI3K_alpha,IC50,817.3,10.8,2025-10-03
ASY-004020,CPD-00206,KRAS_G12C,IC50,2.2,1.0,2025-02-05
ASY-004021,CPD-00965,CDK4_6,IC50,6100.9,,2025-05-12
ASY-004022,CPD-00131,PI3K_alpha,IC50,0.4,,2025-06-10
ASY-004023,CPD-00321,MET,IC50,83.1,8.9,2025-11-18
ASY-004024,CPD-00012,EGFR,IC50,53.8,,2025-09-15
ASY-004025,CPD-00208,ALK,IC50,1189.6,,2025-01-29
ASY-004026,CPD-00394,BRAF_V600E,IC50,257655.1,15.5,2026-02-12
ASY-004027,CPD-00832,EGFR,IC50,2570.4,,2025-08-17
ASY-004028,CPD-00993,KRAS_G12C,IC50,0.0,8.7,2025-05-19
ASY-004029,CPD-00595,ALK,IC50,1.2,10.7,2026-02-27
ASY-004030,CPD-00798,PI3K_alpha,IC50,0.0,11.0,2026-01-16
ASY-004031,CPD-00264,BRAF_V600E,IC50,0.2,,2025-05-17
ASY-004032,CPD-00582,PI3K_alpha,IC50,4.9,,2026-01-27
ASY-004033,CPD-00176,PI3K_alpha,IC50,17418.6,,2025-04-04
ASY-004034,CPD-00475,EGFR,IC50,98.3,3.8,2025-06-17
ASY-004035,CPD-00855,JAK2,IC50,3642.2,,2025-11-12
ASY-004036,CPD-00670,BRAF_V600E,IC50,1.9,,2025-12-04
ASY-004037,CPD-00907,KRAS_G12C,IC50,0.9,,2025-11-26
ASY-004038,CPD-00161,BRAF_V600E,IC50,94.9,7.4,2026-02-23
ASY-004039,CPD-00785,MET,IC50,4.5,9.9,2025-08-10
ASY-004040,CPD-00049,BTK,IC50,7780.6,9.4,2026-02-26
ASY-004041,CPD-00146,KRAS_G12C,IC50,416.9,,2026-02-11
ASY-004042,CPD-00795,ALK,IC50,4396.7,,2025-03-22
ASY-004043,CPD-00636,BTK,IC50,405.2,,2025-09-01
ASY-004044,CPD-00768,BRAF_V600E,IC50,22.1,10.8,2025-03-16
ASY-004045,CPD-00742,KRAS_G12C,IC50,8.1,,2025-03-28
ASY-004046,CPD-00024,JAK2,IC50,526.0,,2026-03-04
ASY-004047,CPD-00294,JAK2,IC50,5.7,,2026-05-03
ASY-004048,CPD-00922,JAK2,IC50,10.4,7.9,2025-04-05
ASY-004049,CPD-00630,ALK,IC50,7.0,12.6,2025-03-17
ASY-004050,CPD-00325,ALK,IC50,1.9,,2026-01-10
ASY-004051,CPD-00929,KRAS_G12C,IC50,3.0,1.9,2025-06-21
ASY-004052,CPD-00414,BRAF_V600E,IC50,0.7,,2025-11-28
ASY-004053,CPD-00684,PI3K_alpha,IC50,1.8,13.9,2026-04-29
ASY-004054,CPD-00142,EGFR,IC50,1867.3,,2025-06-27
ASY-004055,CPD-00611,ALK,IC50,508.4,3.1,2025-04-07
ASY-004056,CPD-00764,KRAS_G12C,IC50,28.6,,2026-05-11
ASY-004057,CPD-00544,ALK,IC50,67.8,,2026-04-15
ASY-004058,CPD-00251,KRAS_G12C,IC50,199.2,5.1,2025-08-23
ASY-004059,CPD-00412,MET,IC50,3395.4,,2025-07-26
ASY-004060,CPD-00553,JAK2,IC50,130.5,8.7,2026-02-26
ASY-004061,CPD-00614,ALK,IC50,9.4,15.9,2025-05-03
ASY-004062,CPD-00946,PI3K_alpha,IC50,15.3,,2025-08-20
ASY-004063,CPD-00238,JAK2,IC50,1142.7,9.8,2026-02-06
ASY-004064,CPD-00432,KRAS_G12C,IC50,1280.4,9.6,2025-09-13
ASY-004065,CPD-00761,BRAF_V600E,IC50,38.2,,2025-09-08
ASY-004066,CPD-00224,BRAF_V600E,IC50,7009.5,,2025-11-25
ASY-004067,CPD-00207,JAK2,IC50,4.7,,2026-05-09
ASY-004068,CPD-00176,BRAF_V600E,IC50,1710.4,,2026-02-19
ASY-004069,CPD-00475,BRAF_V600E,IC50,2930.9,13.7,2026-05-15
ASY-004070,CPD-00778,MET,IC50,0.1,11.2,2025-11-11
ASY-004071,CPD-00020,PI3K_alpha,IC50,203422.6,,2026-02-18
ASY-004072,CPD-00853,PI3K_alpha,IC50,888.6,,2025-11-25
ASY-004073,CPD-00225,MET,IC50,302.1,,2025-01-09
ASY-004074,CPD-00850,BTK,IC50,481.9,,2025-06-28
ASY-004075,CPD-00841,JAK2,IC50,439.7,,2026-04-02
ASY-004076,CPD-00045,CDK4_6,IC50,79.3,,2025-03-04
ASY-004077,CPD-00534,EGFR,IC50,19.0,,2026-03-10
ASY-004078,CPD-00063,CDK4_6,IC50,95.4,,2025-01-15
ASY-004079,CPD-00620,ALK,IC50,2430.8,,2025-06-06
ASY-004080,CPD-00991,ALK,IC50,5.7,,2025-12-12
ASY-004081,CPD-00312,JAK2,IC50,5556.7,12.6,2025-07-31
ASY-004082,CPD-00447,MET,IC50,0.1,14.8,2025-06-26
ASY-004083,CPD-00606,BTK,IC50,357.7,11.5,2026-03-03
ASY-004084,CPD-00567,JAK2,IC50,62.8,,2025-07-30
ASY-004085,CPD-00680,BRAF_V600E,IC50,16.3,18.2,2025-08-01
ASY-004086,CPD-00247,KRAS_G12C,IC50,3.8,,2025-03-20
ASY-004087,CPD-00025,JAK2,IC50,3142.5,3.4,2026-03-17
ASY-004088,CPD-00429,BTK,IC50,265.6,15.5,2025-11-04
ASY-004089,CPD-00045,ALK,IC50,322.8,6.0,2025-06-13
ASY-004090,CPD-00774,KRAS_G12C,IC50,30623.3,4.1,2025-11-25
ASY-004091,CPD-00369,PI3K_alpha,IC50,37.0,,2025-03-04
ASY-004092,CPD-00767,ALK,IC50,3411.9,13.5,2025-12-03
ASY-004093,CPD-00524,EGFR,IC50,29179.8,,2025-05-03
ASY-004094,CPD-00162,BTK,IC50,0.1,,2025-04-28
ASY-004095,CPD-00955,KRAS_G12C,IC50,2857.0,14.9,2025-08-12
ASY-004096,CPD-00933,BRAF_V600E,IC50,10093.6,17.9,2025-03-12
ASY-004097,CPD-00098,ALK,IC50,463.3,5.8,2026-02-07
ASY-004098,CPD-00497,PI3K_alpha,IC50,6.5,,2025-06-13
ASY-004099,CPD-00996,MET,IC50,0.1,,2026-03-20
ASY-004100,CPD-00711,KRAS_G12C,IC50,483.7,19.2,2025-08-19
ASY-004101,CPD-00644,MET,IC50,29.5,,2025-06-15
ASY-004102,CPD-00393,JAK2,IC50,0.0,,2025-08-03
ASY-004103,CPD-00187,JAK2,IC50,22441.6,,2025-11-30
ASY-004104,CPD-00899,CDK4_6,IC50,1288.3,,2025-01-26
ASY-004105,CPD-00878,ALK,IC50,0.1,,2026-03-20
ASY-004106,CPD-00260,BRAF_V600E,IC50,41102.2,,2025-12-01
ASY-004107,CPD-00678,CDK4_6,IC50,10.9,7.1,2025-02-25
ASY-004108,CPD-00921,PI3K_alpha,IC50,10.9,,2025-02-02
ASY-004109,CPD-00840,MET,IC50,1123.6,14.8,2026-04-24
ASY-004110,CPD-00119,PI3K_alpha,IC50,496.4,19.2,2025-11-21
ASY-004111,CPD-00313,BRAF_V600E,IC50,501.3,7.7,2025-11-28
ASY-004112,CPD-00647,MET,IC50,2100.5,8.6,2025-07-19
ASY-004113,CPD-00346,BTK,IC50,55.8,,2025-05-11
ASY-004114,CPD-00653,CDK4_6,IC50,4098.3,14.2,2025-03-12
ASY-004115,CPD-00274,BTK,IC50,0.5,12.6,2026-01-03
ASY-004116,CPD-00940,KRAS_G12C,IC50,101581.1,,2025-08-21
ASY-004117,CPD-00846,BRAF_V600E,IC50,4.2,,2025-04-19
ASY-004118,CPD-00333,PI3K_alpha,IC50,454.3,11.1,2025-09-05
ASY-004119,CPD-00733,KRAS_G12C,IC50,102037.6,6.3,2025-08-23
ASY-004120,CPD-00685,EGFR,IC50,410.0,,2026-04-12
ASY-004121,CPD-00356,PI3K_alpha,IC50,105.0,6.5,2025-04-21
ASY-004122,CPD-00988,MET,IC50,66.6,,2026-03-25
ASY-004123,CPD-00981,ALK,IC50,195.4,4.5,2025-03-06
ASY-004124,CPD-00110,MET,IC50,12.5,,2025-04-30
ASY-004125,CPD-00752,BTK,IC50,20658.1,5.9,2025-12-26
ASY-004126,CPD-00831,BRAF_V600E,IC50,0.8,4.6,2025-09-16
ASY-004127,CPD-00789,KRAS_G12C,IC50,2.7,,2025-02-28
ASY-004128,CPD-00375,BTK,IC50,51.8,6.8,2025-10-10
ASY-004129,CPD-00104,ALK,IC50,0.5,2.8,2025-08-19
ASY-004130,CPD-00217,PI3K_alpha,IC50,137.8,10.9,2025-07-06
ASY-004131,CPD-00480,ALK,IC50,57.7,17.9,2026-02-01
ASY-004132,CPD-00406,CDK4_6,IC50,153.2,,2025-01-01
ASY-004133,CPD-00083,JAK2,IC50,7.6,8.0,2025-11-30
ASY-004134,CPD-00888,ALK,IC50,0.2,15.9,2025-02-22
ASY-004135,CPD-00956,EGFR,IC50,39.0,5.8,2025-02-16
ASY-004136,CPD-00759,BRAF_V600E,IC50,19.4,,2025-10-26
ASY-004137,CPD-00175,PI3K_alpha,IC50,0.0,,2025-04-10
ASY-004138,CPD-00693,ALK,IC50,3989.2,,2026-01-13
ASY-004139,CPD-00949,MET,IC50,34.1,7.8,2026-04-07
ASY-004140,CPD-00401,PI3K_alpha,IC50,15377.0,,2025-08-25
ASY-004141,CPD-00298,JAK2,IC50,209.0,,2025-07-09
ASY-004142,CPD-00822,EGFR,IC50,409.8,,2025-11-11
ASY-004143,CPD-00265,KRAS_G12C,IC50,4481.9,6.6,2025-02-11
ASY-004144,CPD-00165,JAK2,IC50,12750.3,11.1,2025-01-29
ASY-004145,CPD-00575,JAK2,IC50,101.2,7.7,2025-07-05
ASY-004146,CPD-00780,JAK2,IC50,10.9,,2025-02-27
ASY-004147,CPD-00053,BRAF_V600E,IC50,1623.8,,2025-03-27
ASY-004148,CPD-00215,KRAS_G12C,IC50,25.0,,2026-04-20
ASY-004149,CPD-00408,CDK4_6,IC50,301.0,-7.3,2025-02-24
ASY-004150,CPD-00501,KRAS_G12C,IC50,28744.7,,2025-09-26
ASY-004151,CPD-00451,EGFR,IC50,211.2,,2026-02-16
ASY-004152,CPD-00568,BTK,IC50,52.9,,2026-04-02
ASY-004153,CPD-00155,KRAS_G12C,IC50,1649.2,,2025-07-28
ASY-004154,CPD-00680,MET,IC50,108.8,10.5,2025-02-23
ASY-004155,CPD-00599,BRAF_V600E,IC50,213189.3,,2026-02-06
ASY-004156,CPD-00166,JAK2,IC50,346.4,,2025-04-19
ASY-004157,CPD-00266,BRAF_V600E,IC50,4175.1,,2025-12-21
ASY-004158,CPD-00785,KRAS_G12C,IC50,2400.6,10.9,2026-01-15
ASY-004159,CPD-00924,JAK2,IC50,130.5,9.9,2025-08-31
ASY-004160,CPD-00166,JAK2,IC50,20.4,,2025-06-23
ASY-004161,CPD-00260,EGFR,IC50,83324.2,7.3,2025-02-03
ASY-004162,CPD-00854,MET,IC50,21047.2,,2026-03-19
ASY-004163,CPD-00665,BTK,IC50,16.8,,2026-01-10
ASY-004164,CPD-00428,JAK2,IC50,3135.5,,2025-01-04
ASY-004165,CPD-00224,EGFR,IC50,73.9,4.7,2026-02-18
ASY-004166,CPD-00287,JAK2,IC50,6493.9,,2025-06-10
ASY-004167,CPD-00834,ALK,IC50,4.0,,2026-03-05
ASY-004168,CPD-00967,EGFR,IC50,51.1,17.1,2026-01-12
ASY-004169,CPD-00313,JAK2,IC50,46.0,,2025-01-14
ASY-004170,CPD-00989,JAK2,IC50,229.9,,2025-12-28
ASY-004171,CPD-00862,EGFR,IC50,6138.0,10.7,2025-09-25
ASY-004172,CPD-00388,JAK2,IC50,15.2,,2026-02-20
ASY-004173,CPD-00938,PI3K_alpha,IC50,0.0,3.2,2026-03-11
ASY-004174,CPD-00202,JAK2,IC50,1018.6,,2025-04-28
ASY-004175,CPD-00999,CDK4_6,IC50,437.8,-2.4,2025-03-10
ASY-004176,CPD-00190,PI3K_alpha,IC50,109.8,,2026-04-12
ASY-004177,CPD-00700,EGFR,IC50,1.1,,2025-07-06
ASY-004178,CPD-00536,MET,IC50,6.3,8.0,2025-12-23
ASY-004179,CPD-00806,KRAS_G12C,IC50,68.9,10.3,2025-05-11
ASY-004180,CPD-00968,JAK2,IC50,154.0,,2025-08-19
ASY-004181,CPD-00250,EGFR,IC50,22.4,8.9,2026-02-10
ASY-004182,CPD-00261,BRAF_V600E,IC50,23.0,,2025-09-21
ASY-004183,CPD-00318,BTK,IC50,48.1,9.6,2025-01-27
ASY-004184,CPD-00992,EGFR,IC50,0.0,,2025-12-16
ASY-004185,CPD-00878,MET,IC50,0.5,6.4,2026-01-14
ASY-004186,CPD-00670,BTK,IC50,7.1,,2025-10-03
ASY-004187,CPD-00345,JAK2,IC50,298.2,,2026-04-10
ASY-004188,CPD-00280,BRAF_V600E,IC50,92905.9,14.7,2025-05-12
ASY-004189,CPD-00081,JAK2,IC50,1.3,,2025-03-29
ASY-004190,CPD-00945,PI3K_alpha,IC50,1855.0,,2025-08-12
ASY-004191,CPD-00659,CDK4_6,IC50,75.8,,2026-01-10
ASY-004192,CPD-00369,KRAS_G12C,IC50,99.8,11.1,2025-06-07
ASY-004193,CPD-00163,BTK,IC50,1295.1,6.3,2025-09-18
ASY-004194,CPD-00608,CDK4_6,IC50,94.1,,2025-09-14
ASY-004195,CPD-00724,BTK,IC50,2135.1,,2025-10-18
ASY-004196,CPD-00347,PI3K_alpha,IC50,385.2,,2025-08-07
ASY-004197,CPD-00012,KRAS_G12C,IC50,498.6,9.6,2025-03-07
ASY-004198,CPD-00135,JAK2,IC50,343.0,4.7,2026-03-21
ASY-004199,CPD-00882,MET,IC50,44.6,9.6,2025-03-25
ASY-004200,CPD-00589,ALK,IC50,2556.6,12.2,2025-07-17
ASY-004201,CPD-00378,PI3K_alpha,IC50,33.9,,2025-11-27
ASY-004202,CPD-00445,JAK2,IC50,10407.3,,2026-02-09
ASY-004203,CPD-00745,CDK4_6,IC50,1.9,3.3,2026-02-06
ASY-004204,CPD-00915,JAK2,IC50,114.6,,2026-01-04
ASY-004205,CPD-00593,MET,IC50,0.2,3.0,2025-04-20
ASY-004206,CPD-00011,BRAF_V600E,IC50,1.9,,2025-07-27
ASY-004207,CPD-00068,ALK,IC50,1284.1,,2025-12-12
ASY-004208,CPD-00846,MET,IC50,7.8,9.2,2025-12-21
ASY-004209,CPD-00109,BTK,IC50,0.5,,2025-05-18
ASY-004210,CPD-00550,CDK4_6,IC50,254.3,,2025-03-03
ASY-004211,CPD-00408,BTK,IC50,18.6,12.9,2026-03-13
ASY-004212,CPD-00252,EGFR,IC50,490.0,,2025-04-01
ASY-004213,CPD-00220,BTK,IC50,715.5,9.6,2025-07-11
ASY-004214,CPD-00174,ALK,IC50,17436.7,8.6,2025-06-25
ASY-004215,CPD-00427,BRAF_V600E,IC50,2066.4,,2025-09-09
ASY-004216,CPD-00306,EGFR,IC50,320.2,7.1,2025-01-02
ASY-004217,CPD-00832,JAK2,IC50,0.6,12.1,2025-11-11
ASY-004218,CPD-00430,BRAF_V600E,IC50,244.9,,2025-08-07
ASY-004219,CPD-00411,KRAS_G12C,IC50,246272.2,,2025-01-06
ASY-004220,CPD-00399,ALK,IC50,2178.6,2.9,2026-02-10
ASY-004221,CPD-00034,JAK2,IC50,686.1,14.6,2026-03-12
ASY-004222,CPD-00723,BRAF_V600E,IC50,838.0,,2025-04-08
ASY-004223,CPD-00575,PI3K_alpha,IC50,378.5,,2026-01-02
ASY-004224,CPD-00066,BTK,IC50,36.6,,2025-03-10
ASY-004225,CPD-00814,JAK2,IC50,44.4,15.5,2025-06-24
ASY-004226,CPD-00733,PI3K_alpha,IC50,0.6,8.3,2025-03-19
ASY-004227,CPD-00936,PI3K_alpha,IC50,1.3,7.2,2025-11-03
ASY-004228,CPD-00365,JAK2,IC50,618859.9,11.7,2026-04-15
ASY-004229,CPD-00306,KRAS_G12C,IC50,3.4,5.4,2025-06-17
ASY-004230,CPD-00595,CDK4_6,IC50,8.9,13.1,2026-01-10
ASY-004231,CPD-00578,ALK,IC50,9.9,10.1,2025-03-12
ASY-004232,CPD-00204,MET,IC50,164.0,4.9,2025-09-11
ASY-004233,CPD-00492,BRAF_V600E,IC50,2492.9,,2026-05-11
ASY-004234,CPD-00416,JAK2,IC50,316.0,,2025-07-31
ASY-004235,CPD-00344,ALK,IC50,42.3,8.1,2026-03-09
ASY-004236,CPD-00010,MET,IC50,2231.7,8.8,2025-07-22
ASY-004237,CPD-00035,MET,IC50,2.8,9.0,2025-11-28
ASY-004238,CPD-00793,CDK4_6,IC50,1464.9,16.3,2026-01-01
ASY-004239,CPD-00591,JAK2,IC50,1.6,5.8,2025-12-09
ASY-004240,CPD-00217,EGFR,IC50,15.1,,2026-03-26
ASY-004241,CPD-00883,ALK,IC50,2.8,13.4,2026-02-13
ASY-004242,CPD-00200,ALK,IC50,1561.4,,2025-01-14
ASY-004243,CPD-00890,ALK,IC50,351.0,,2026-02-26
ASY-004244,CPD-00730,MET,IC50,1048.3,15.1,2025-10-22
ASY-004245,CPD-00223,BTK,IC50,4659.4,,2025-08-20
ASY-004246,CPD-00929,ALK,IC50,0.0,6.1,2025-12-11
ASY-004247,CPD-00212,BRAF_V600E,IC50,76.8,,2025-07-31
ASY-004248,CPD-00722,BRAF_V600E,IC50,34.2,8.4,2026-04-05
ASY-004249,CPD-00514,CDK4_6,IC50,19.8,,2025-11-06
ASY-004250,CPD-00018,EGFR,IC50,2.6,,2026-05-07
ASY-004251,CPD-00352,JAK2,IC50,5793.6,12.6,2025-10-01
ASY-004252,CPD-00010,EGFR,IC50,5147.0,6.1,2026-02-24
ASY-004253,CPD-00428,EGFR,IC50,95.2,,2025-11-21
ASY-004254,CPD-00048,EGFR,IC50,45.3,,2025-02-21
ASY-004255,CPD-00722,BRAF_V600E,IC50,3.3,,2025-07-17
ASY-004256,CPD-00850,BTK,IC50,234.7,3.1,2026-04-01
ASY-004257,CPD-00472,PI3K_alpha,IC50,124.2,,2026-03-04
ASY-004258,CPD-00039,BRAF_V600E,IC50,5.5,8.0,2026-02-16
ASY-004259,CPD-00945,EGFR,IC50,1.2,12.9,2025-09-20
ASY-004260,CPD-00176,BTK,IC50,1.5,,2025-09-06
ASY-004261,CPD-00365,BRAF_V600E,IC50,12.0,17.9,2025-03-11
ASY-004262,CPD-00067,PI3K_alpha,IC50,87731.7,,2025-02-05
ASY-004263,CPD-00083,MET,IC50,292.1,,2025-06-12
ASY-004264,CPD-00428,PI3K_alpha,IC50,2.7,,2025-10-07
ASY-004265,CPD-00818,JAK2,IC50,15.5,15.0,2025-12-26
ASY-004266,CPD-00665,BTK,IC50,6157.9,,2026-05-12
ASY-004267,CPD-00464,BRAF_V600E,IC50,1394.2,9.3,2025-01-07
ASY-004268,CPD-00174,CDK4_6,IC50,1531.3,,2025-12-31
ASY-004269,CPD-00754,BTK,IC50,609.1,8.3,2025-07-26
ASY-004270,CPD-00298,CDK4_6,IC50,29.6,4.9,2025-10-18
ASY-004271,CPD-00502,PI3K_alpha,IC50,3.1,,2025-10-01
ASY-004272,CPD-00465,BRAF_V600E,IC50,0.1,11.6,2025-04-17
ASY-004273,CPD-00410,PI3K_alpha,IC50,738.3,,2026-05-02
ASY-004274,CPD-00566,CDK4_6,IC50,141.4,3.0,2025-01-03
ASY-004275,CPD-00317,BRAF_V600E,IC50,33.5,,2025-08-25
ASY-004276,CPD-00483,EGFR,IC50,1.3,,2025-07-17
ASY-004277,CPD-00200,CDK4_6,IC50,3106.4,,2025-04-22
ASY-004278,CPD-00080,KRAS_G12C,IC50,10629.3,,2025-09-11
ASY-004279,CPD-00395,CDK4_6,IC50,14.5,,2026-04-13
ASY-004280,CPD-00947,MET,IC50,20.1,10.0,2025-03-18
ASY-004281,CPD-00807,ALK,IC50,8.6,,2026-03-12
ASY-004282,CPD-00277,EGFR,IC50,467.1,,2026-02-01
ASY-004283,CPD-00711,JAK2,IC50,37.6,,2026-05-03
ASY-004284,CPD-00142,KRAS_G12C,IC50,90.9,16.3,2025-01-29
ASY-004285,CPD-00200,BRAF_V600E,IC50,3.6,11.2,2025-05-14
ASY-004286,CPD-00996,ALK,IC50,68.1,,2025-04-11
ASY-004287,CPD-00202,KRAS_G12C,IC50,0.3,16.0,2025-02-21
ASY-004288,CPD-00075,BRAF_V600E,IC50,3.6,-0.4,2025-02-15
ASY-004289,CPD-00733,JAK2,IC50,432.7,,2026-03-11
ASY-004290,CPD-00466,MET,IC50,36606.1,,2025-09-22
ASY-004291,CPD-00418,CDK4_6,IC50,33.2,15.5,2026-05-06
ASY-004292,CPD-00936,PI3K_alpha,IC50,10.1,,2025-12-16
ASY-004293,CPD-00406,PI3K_alpha,IC50,0.0,15.9,2026-01-30
ASY-004294,CPD-00818,ALK,IC50,433.2,16.4,2026-01-06
ASY-004295,CPD-00201,KRAS_G12C,IC50,2.3,,2025-12-03
ASY-004296,CPD-00634,PI3K_alpha,IC50,13.4,19.0,2026-02-02
ASY-004297,CPD-00817,CDK4_6,IC50,190.1,9.7,2026-04-02
ASY-004298,CPD-00458,BRAF_V600E,IC50,1316.7,,2025-05-26
ASY-004299,CPD-00009,KRAS_G12C,IC50,394.3,8.0,2026-04-24
ASY-004300,CPD-00742,KRAS_G12C,IC50,0.2,,2025-03-17
ASY-004301,CPD-00102,MET,IC50,0.9,,2025-04-05
ASY-004302,CPD-00774,EGFR,IC50,11902.3,10.0,2026-05-03
ASY-004303,CPD-00664,BTK,IC50,124.8,9.7,2025-07-29
ASY-004304,CPD-00631,ALK,IC50,32695.5,14.5,2025-08-03
ASY-004305,CPD-00254,CDK4_6,IC50,6265.8,3.2,2025-02-13
ASY-004306,CPD-00968,BTK,IC50,75.0,,2025-01-03
ASY-004307,CPD-00281,BRAF_V600E,IC50,18.6,,2025-01-23
ASY-004308,CPD-00977,BRAF_V600E,IC50,49.1,7.1,2025-10-10
ASY-004309,CPD-00986,ALK,IC50,109.6,,2026-03-06
ASY-004310,CPD-00974,KRAS_G12C,IC50,2.5,7.0,2025-10-30
ASY-004311,CPD-00525,PI3K_alpha,IC50,6816.0,,2025-01-08
ASY-004312,CPD-00864,KRAS_G12C,IC50,5048.7,13.1,2026-01-09
ASY-004313,CPD-00712,PI3K_alpha,IC50,84.7,8.0,2025-02-11
ASY-004314,CPD-00718,EGFR,IC50,1.4,,2025-02-09
ASY-004315,CPD-00358,ALK,IC50,121.5,24.3,2025-06-28
ASY-004316,CPD-00753,MET,IC50,19.1,,2025-12-15
ASY-004317,CPD-00621,BRAF_V600E,IC50,27.0,,2025-11-18
ASY-004318,CPD-00180,KRAS_G12C,IC50,3484.1,,2025-11-19
ASY-004319,CPD-00526,BTK,IC50,17.6,,2025-03-12
ASY-004320,CPD-00143,MET,IC50,61.2,,2026-03-11
ASY-004321,CPD-00505,JAK2,IC50,1.7,8.3,2025-10-24
ASY-004322,CPD-00162,KRAS_G12C,IC50,394.4,,2025-06-20
ASY-004323,CPD-00308,BRAF_V600E,IC50,0.3,,2026-04-04
ASY-004324,CPD-00780,JAK2,IC50,388.6,,2026-05-15
ASY-004325,CPD-00233,KRAS_G12C,IC50,62.5,,2025-09-18
ASY-004326,CPD-00222,CDK4_6,IC50,927.6,,2025-05-15
ASY-004327,CPD-00426,BTK,IC50,7.2,14.6,2026-05-01
ASY-004328,CPD-00849,ALK,IC50,0.1,17.0,2025-08-19
ASY-004329,CPD-00479,EGFR,IC50,21932.7,13.2,2025-12-06
ASY-004330,CPD-00237,JAK2,IC50,51.9,4.1,2025-07-22
ASY-004331,CPD-00819,BRAF_V600E,IC50,8.1,,2025-05-19
ASY-004332,CPD-00851,JAK2,IC50,61.8,,2025-06-26
ASY-004333,CPD-00548,JAK2,IC50,1.5,12.5,2026-02-07
ASY-004334,CPD-00180,BRAF_V600E,IC50,48.0,7.6,2026-04-15
ASY-004335,CPD-00217,JAK2,IC50,152.4,,2026-05-15
ASY-004336,CPD-00155,KRAS_G12C,IC50,0.5,,2025-05-22
ASY-004337,CPD-00398,ALK,IC50,0.0,10.0,2025-07-03
ASY-004338,CPD-00560,BTK,IC50,194.0,1.3,2025-05-14
ASY-004339,CPD-00289,ALK,IC50,5496.4,,2026-01-05
ASY-004340,CPD-00224,BRAF_V600E,IC50,14.9,16.4,2026-01-02
ASY-004341,CPD-00733,BTK,IC50,7.4,,2025-10-02
ASY-004342,CPD-00336,PI3K_alpha,IC50,90.8,,2025-06-03
ASY-004343,CPD-00170,JAK2,IC50,148.3,,2025-12-11
ASY-004344,CPD-00866,ALK,IC50,1.2,,2025-08-06
ASY-004345,CPD-00630,EGFR,IC50,237.2,,2025-02-28
ASY-004346,CPD-00148,BTK,IC50,81.2,18.6,2025-03-05
ASY-004347,CPD-00314,PI3K_alpha,IC50,19116.7,,2025-09-18
ASY-004348,CPD-00893,ALK,IC50,136.8,,2025-05-31
ASY-004349,CPD-00641,PI3K_alpha,IC50,362.3,,2026-01-21
ASY-004350,CPD-00797,BTK,IC50,18.7,20.9,2026-04-23
ASY-004351,CPD-00412,KRAS_G12C,IC50,68181.0,14.2,2025-07-08
ASY-004352,CPD-00542,BRAF_V600E,IC50,16.2,10.1,2026-04-12
ASY-004353,CPD-00675,EGFR,IC50,75.1,,2025-03-16
ASY-004354,CPD-00002,ALK,IC50,123.9,9.4,2025-01-03
ASY-004355,CPD-00202,BRAF_V600E,IC50,354.4,15.5,2025-08-26
ASY-004356,CPD-00876,JAK2,IC50,9523.5,,2025-07-09
ASY-004357,CPD-00443,JAK2,IC50,0.2,14.3,2026-03-06
ASY-004358,CPD-00862,EGFR,IC50,4046.2,11.0,2025-05-22
ASY-004359,CPD-00719,KRAS_G12C,IC50,60.0,,2025-08-12
ASY-004360,CPD-00113,EGFR,IC50,5791.3,11.5,2025-06-16
ASY-004361,CPD-00596,BTK,IC50,30172.7,11.8,2025-06-10
ASY-004362,CPD-00845,CDK4_6,IC50,4.1,13.7,2026-04-22
ASY-004363,CPD-00909,KRAS_G12C,IC50,200.4,,2025-07-27
ASY-004364,CPD-00739,BTK,IC50,0.0,2.2,2025-10-26
ASY-004365,CPD-00018,PI3K_alpha,IC50,14.9,3.6,2025-04-30
ASY-004366,CPD-00574,BRAF_V600E,IC50,8.3,,2025-05-02
ASY-004367,CPD-00180,MET,IC50,7.3,12.9,2026-03-08
ASY-004368,CPD-00412,CDK4_6,IC50,1.1,,2026-03-04
ASY-004369,CPD-00089,EGFR,IC50,3.0,,2025-09-29
ASY-004370,CPD-00206,PI3K_alpha,IC50,5.8,,2025-12-03
ASY-004371,CPD-00491,EGFR,IC50,3475.4,16.3,2025-09-19
ASY-004372,CPD-00858,BRAF_V600E,IC50,125.1,1.0,2026-04-22
ASY-004373,CPD-00520,MET,IC50,15.3,,2025-10-10
ASY-004374,CPD-00772,CDK4_6,IC50,61.5,,2025-07-28
ASY-004375,CPD-00774,KRAS_G12C,IC50,3014.0,1.0,2025-02-11
ASY-004376,CPD-00117,PI3K_alpha,IC50,7.8,,2025-07-31
ASY-004377,CPD-00143,BTK,IC50,74170.9,14.1,2025-04-29
ASY-004378,CPD-00255,BTK,IC50,4.3,13.7,2025-01-19
ASY-004379,CPD-00932,EGFR,IC50,9.6,-3.5,2026-05-06
ASY-004380,CPD-00875,KRAS_G12C,IC50,374.2,11.5,2025-03-10
ASY-004381,CPD-00503,ALK,IC50,46.3,,2026-01-12
ASY-004382,CPD-00715,MET,IC50,11.5,12.1,2025-03-30
ASY-004383,CPD-00464,PI3K_alpha,IC50,652.0,,2025-10-25
ASY-004384,CPD-00555,EGFR,IC50,575.3,16.7,2026-03-06
ASY-004385,CPD-00724,JAK2,IC50,0.6,6.9,2026-03-28
ASY-004386,CPD-00948,EGFR,IC50,26.9,0.9,2026-05-05
ASY-004387,CPD-00669,MET,IC50,132.7,,2025-05-13
ASY-004388,CPD-00475,EGFR,IC50,286.3,,2026-01-01
ASY-004389,CPD-00323,JAK2,IC50,1990.7,6.8,2025-01-10
ASY-004390,CPD-00493,ALK,IC50,24151.2,,2025-05-26
ASY-004391,CPD-00940,KRAS_G12C,IC50,7.1,,2025-08-28
ASY-004392,CPD-00364,MET,IC50,9.8,6.7,2025-11-02
ASY-004393,CPD-00030,PI3K_alpha,IC50,23497.0,,2025-05-03
ASY-004394,CPD-00629,EGFR,IC50,259.0,10.4,2026-03-30
ASY-004395,CPD-00864,CDK4_6,IC50,11.9,,2026-03-15
ASY-004396,CPD-00722,EGFR,IC50,0.4,15.1,2025-01-20
ASY-004397,CPD-00991,BRAF_V600E,IC50,415.0,,2026-05-13
ASY-004398,CPD-00987,JAK2,IC50,5.4,17.9,2025-02-26
ASY-004399,CPD-00755,ALK,IC50,47.6,,2026-04-16
ASY-004400,CPD-00442,KRAS_G12C,IC50,3.5,4.6,2025-04-29
ASY-004401,CPD-00001,PI3K_alpha,IC50,2.7,10.7,2025-04-06
ASY-004402,CPD-00491,JAK2,IC50,132.5,,2025-02-14
ASY-004403,CPD-00495,ALK,IC50,108.2,12.1,2025-07-19
ASY-004404,CPD-00580,MET,IC50,1.6,,2025-05-14
ASY-004405,CPD-00982,EGFR,IC50,2.9,10.7,2025-09-18
ASY-004406,CPD-00341,BTK,IC50,632.6,19.4,2025-06-30
ASY-004407,CPD-00694,MET,IC50,875.6,,2025-04-11
ASY-004408,CPD-00461,KRAS_G12C,IC50,13.3,,2025-01-12
ASY-004409,CPD-00643,ALK,IC50,23.9,,2025-02-13
ASY-004410,CPD-00171,BRAF_V600E,IC50,2129.9,,2025-06-26
ASY-004411,CPD-00944,PI3K_alpha,IC50,12230.3,,2026-02-05
ASY-004412,CPD-00328,EGFR,IC50,219.1,12.0,2026-03-03
ASY-004413,CPD-00320,JAK2,IC50,49.6,,2025-04-26
ASY-004414,CPD-00704,PI3K_alpha,IC50,14088.8,,2025-07-07
ASY-004415,CPD-00845,MET,IC50,6.4,,2025-01-31
ASY-004416,CPD-00506,CDK4_6,IC50,864.0,15.2,2025-07-28
ASY-004417,CPD-00057,ALK,IC50,17524.3,-2.1,2025-09-29
ASY-004418,CPD-00070,PI3K_alpha,IC50,11.8,13.6,2025-02-06
ASY-004419,CPD-00328,BTK,IC50,776.3,,2025-07-15
ASY-004420,CPD-00801,EGFR,IC50,3653.1,17.4,2025-10-18
ASY-004421,CPD-00542,JAK2,IC50,2057.8,14.4,2025-08-18
ASY-004422,CPD-00542,ALK,IC50,0.5,,2025-03-28
ASY-004423,CPD-00249,MET,IC50,0.1,4.6,2025-06-08
ASY-004424,CPD-00357,MET,IC50,8659.3,,2025-12-31
ASY-004425,CPD-00303,BTK,IC50,8.0,12.5,2025-02-12
ASY-004426,CPD-00422,MET,IC50,2481.4,5.4,2026-01-10
ASY-004427,CPD-00768,MET,IC50,391.5,,2025-02-12
ASY-004428,CPD-00747,PI3K_alpha,IC50,1105.2,,2026-03-05
ASY-004429,CPD-00409,CDK4_6,IC50,10640.6,,2025-08-19
ASY-004430,CPD-00371,BTK,IC50,427.4,2.8,2026-02-01
ASY-004431,CPD-00912,BRAF_V600E,IC50,165.5,5.6,2026-04-16
ASY-004432,CPD-00015,ALK,IC50,20.7,,2026-02-11
ASY-004433,CPD-00938,CDK4_6,IC50,15.9,,2025-05-22
ASY-004434,CPD-00135,PI3K_alpha,IC50,638.5,17.5,2025-04-19
ASY-004435,CPD-00632,BRAF_V600E,IC50,0.1,,2025-07-18
ASY-004436,CPD-00488,MET,IC50,728.9,1.6,2025-11-26
ASY-004437,CPD-00814,BRAF_V600E,IC50,111.3,6.6,2026-03-23
ASY-004438,CPD-00713,JAK2,IC50,151.0,,2025-03-15
ASY-004439,CPD-00584,BTK,IC50,3.3,,2026-01-21
ASY-004440,CPD-00692,EGFR,IC50,20.4,,2026-01-12
ASY-004441,CPD-00639,ALK,IC50,1.0,,2026-03-27
ASY-004442,CPD-00935,PI3K_alpha,IC50,1035.5,,2025-07-09
ASY-004443,CPD-00844,KRAS_G12C,IC50,18485.1,,2025-05-12
ASY-004444,CPD-00514,MET,IC50,50.4,6.5,2026-02-03
ASY-004445,CPD-00687,CDK4_6,IC50,197.6,6.6,2026-02-28
ASY-004446,CPD-00765,MET,IC50,3255.7,,2025-10-22
ASY-004447,CPD-00846,PI3K_alpha,IC50,1437.9,,2026-04-10
ASY-004448,CPD-00890,JAK2,IC50,67.4,,2025-10-30
ASY-004449,CPD-00700,EGFR,IC50,17.2,0.3,2025-06-20
ASY-004450,CPD-00029,BTK,IC50,253.2,,2025-06-30
ASY-004451,CPD-00301,MET,IC50,14.7,10.7,2025-03-08
ASY-004452,CPD-00368,BRAF_V600E,IC50,66.8,,2025-06-30
ASY-004453,CPD-00852,JAK2,IC50,79.9,-1.0,2025-05-15
ASY-004454,CPD-00170,CDK4_6,IC50,5.5,,2025-11-20
ASY-004455,CPD-00957,EGFR,IC50,7.4,,2025-08-25
ASY-004456,CPD-00639,ALK,IC50,336.3,4.2,2026-02-23
ASY-004457,CPD-00923,PI3K_alpha,IC50,12.7,1.7,2025-11-27
ASY-004458,CPD-00963,MET,IC50,76.0,,2026-01-24
ASY-004459,CPD-00005,EGFR,IC50,50.7,,2025-01-11
ASY-004460,CPD-00161,JAK2,IC50,2670.7,4.6,2025-04-29
ASY-004461,CPD-00953,BTK,IC50,1.0,9.7,2025-03-05
ASY-004462,CPD-00263,MET,IC50,389.2,,2026-03-15
ASY-004463,CPD-00603,BRAF_V600E,IC50,30654.2,,2026-02-02
ASY-004464,CPD-00112,CDK4_6,IC50,31.1,,2025-05-24
ASY-004465,CPD-00684,BTK,IC50,184.4,,2025-12-20
ASY-004466,CPD-00455,BRAF_V600E,IC50,37.1,-1.7,2025-03-05
ASY-004467,CPD-00633,BRAF_V600E,IC50,262.0,,2025-05-10
ASY-004468,CPD-00398,ALK,IC50,0.1,10.9,2025-06-07
ASY-004469,CPD-00979,KRAS_G12C,IC50,1493.0,,2025-10-06
ASY-004470,CPD-00602,KRAS_G12C,IC50,11436.1,17.4,2025-02-04
ASY-004471,CPD-00859,KRAS_G12C,IC50,20.6,12.7,2025-06-28
ASY-004472,CPD-00351,EGFR,IC50,1583.2,,2025-09-22
ASY-004473,CPD-00490,EGFR,IC50,0.0,,2025-09-23
ASY-004474,CPD-00391,PI3K_alpha,IC50,204599.7,6.9,2025-02-04
ASY-004475,CPD-00314,PI3K_alpha,IC50,41.2,,2025-05-15
ASY-004476,CPD-00687,CDK4_6,IC50,65.8,9.7,2025-03-29
ASY-004477,CPD-00603,EGFR,IC50,15072.7,10.4,2025-02-23
ASY-004478,CPD-00352,BRAF_V600E,IC50,28.5,,2025-08-04
ASY-004479,CPD-00165,BTK,IC50,1027.1,,2026-02-06
ASY-004480,CPD-00220,CDK4_6,IC50,24.1,,2025-11-24
ASY-004481,CPD-00290,PI3K_alpha,IC50,10017.6,,2025-07-19
ASY-004482,CPD-00648,PI3K_alpha,IC50,2.8,,2026-04-19
ASY-004483,CPD-00643,BTK,IC50,1076.4,,2025-01-03
ASY-004484,CPD-00034,JAK2,IC50,9611.4,9.7,2026-03-08
ASY-004485,CPD-00565,PI3K_alpha,IC50,3.1,,2025-01-12
ASY-004486,CPD-00453,ALK,IC50,5495.5,,2025-12-09
ASY-004487,CPD-00131,CDK4_6,IC50,0.3,,2025-11-26
ASY-004488,CPD-00481,MET,IC50,294.6,9.5,2025-02-25
ASY-004489,CPD-00870,MET,IC50,38743.8,6.2,2025-04-10
ASY-004490,CPD-00626,EGFR,IC50,32.6,6.3,2025-03-06
ASY-004491,CPD-00478,MET,IC50,3.1,10.4,2026-04-24
ASY-004492,CPD-00766,CDK4_6,IC50,653.6,,2025-07-07
ASY-004493,CPD-00101,BRAF_V600E,IC50,74.0,9.9,2026-01-19
ASY-004494,CPD-00266,CDK4_6,IC50,200.6,,2026-02-18
ASY-004495,CPD-00519,ALK,IC50,4980.4,,2026-02-15
ASY-004496,CPD-00262,KRAS_G12C,IC50,126.9,18.2,2025-02-05
ASY-004497,CPD-00377,EGFR,IC50,71225.6,,2025-10-12
ASY-004498,CPD-00437,ALK,IC50,0.0,,2025-09-18
ASY-004499,CPD-00010,BRAF_V600E,IC50,0.1,6.8,2026-02-01
ASY-004500,CPD-00358,KRAS_G12C,IC50,29.9,7.1,2025-04-21
ASY-004501,CPD-00396,MET,IC50,1857.8,,2025-07-13
ASY-004502,CPD-00486,KRAS_G12C,IC50,45.2,16.7,2026-02-02
ASY-004503,CPD-00691,ALK,IC50,56.1,12.2,2025-02-10
ASY-004504,CPD-00562,EGFR,IC50,203.3,5.0,2025-07-15
ASY-004505,CPD-00237,JAK2,IC50,908.1,9.2,2026-01-24
ASY-004506,CPD-00341,PI3K_alpha,IC50,1.0,,2025-04-20
ASY-004507,CPD-00737,JAK2,IC50,866.0,1.9,2025-09-09
ASY-004508,CPD-00901,KRAS_G12C,IC50,390.5,6.9,2025-02-04
ASY-004509,CPD-00057,BTK,IC50,387.1,,2025-08-11
ASY-004510,CPD-00319,PI3K_alpha,IC50,741.7,13.2,2025-08-25
ASY-004511,CPD-00395,PI3K_alpha,IC50,0.3,,2026-03-25
ASY-004512,CPD-00861,KRAS_G12C,IC50,12.4,10.3,2026-04-12
ASY-004513,CPD-00731,JAK2,IC50,108.6,18.1,2025-04-15
ASY-004514,CPD-00853,BTK,IC50,133.8,18.2,2025-02-19
ASY-004515,CPD-00925,CDK4_6,IC50,74.3,8.1,2025-11-08
ASY-004516,CPD-00135,EGFR,IC50,12.0,,2025-07-05
ASY-004517,CPD-00072,ALK,IC50,143.3,5.4,2026-05-13
ASY-004518,CPD-00328,PI3K_alpha,IC50,12.2,10.9,2026-03-30
ASY-004519,CPD-00841,EGFR,IC50,1.2,14.1,2026-01-09
ASY-004520,CPD-00865,MET,IC50,228506.1,,2026-04-14
ASY-004521,CPD-00611,CDK4_6,IC50,57.1,8.2,2026-01-20
ASY-004522,CPD-00898,MET,IC50,260.5,,2025-07-20
ASY-004523,CPD-00367,KRAS_G12C,IC50,361.6,7.8,2025-01-07
ASY-004524,CPD-00201,BTK,IC50,92.1,15.0,2025-10-08
ASY-004525,CPD-00775,CDK4_6,IC50,65771.1,10.7,2025-09-25
ASY-004526,CPD-00236,BRAF_V600E,IC50,6.8,,2026-02-27
ASY-004527,CPD-00424,EGFR,IC50,1966.7,8.2,2026-04-06
ASY-004528,CPD-00420,CDK4_6,IC50,232.7,,2026-02-07
ASY-004529,CPD-00806,MET,IC50,137.1,11.7,2025-01-23
ASY-004530,CPD-00258,CDK4_6,IC50,10569.2,,2026-01-15
ASY-004531,CPD-00897,MET,IC50,727.5,7.9,2025-08-03
ASY-004532,CPD-00601,KRAS_G12C,IC50,432.9,1.8,2025-08-26
ASY-004533,CPD-00067,ALK,IC50,1058.6,,2025-11-06
ASY-004534,CPD-00086,KRAS_G12C,IC50,0.2,,2026-02-27
ASY-004535,CPD-00594,EGFR,IC50,397.2,9.8,2025-04-27
ASY-004536,CPD-00809,MET,IC50,400.7,,2025-11-16
ASY-004537,CPD-00391,EGFR,IC50,17.6,,2026-04-23
ASY-004538,CPD-00025,MET,IC50,1937.2,10.8,2025-05-27
ASY-004539,CPD-00514,BTK,IC50,1035.7,11.8,2026-01-06
ASY-004540,CPD-00072,PI3K_alpha,IC50,5633.4,14.2,2025-04-27
ASY-004541,CPD-00880,BTK,IC50,33.7,,2025-04-14
ASY-004542,CPD-00658,BTK,IC50,82.3,,2025-01-22
ASY-004543,CPD-00012,KRAS_G12C,IC50,189232.1,3.9,2026-02-10
ASY-004544,CPD-00636,EGFR,IC50,2.3,6.2,2025-05-20
ASY-004545,CPD-00101,PI3K_alpha,IC50,426.2,,2026-03-29
ASY-004546,CPD-00749,BTK,IC50,2657.2,15.5,2026-03-13
ASY-004547,CPD-00572,JAK2,IC50,63.6,,2025-12-27
ASY-004548,CPD-00343,BTK,IC50,7150.8,,2025-07-30
ASY-004549,CPD-00299,MET,IC50,5.5,,2025-05-25
ASY-004550,CPD-00990,BRAF_V600E,IC50,10.1,,2025-07-10
ASY-004551,CPD-00034,JAK2,IC50,44.4,10.3,2026-03-25
ASY-004552,CPD-00838,BRAF_V600E,IC50,21.2,6.7,2025-09-18
ASY-004553,CPD-00609,BTK,IC50,108.5,,2026-03-20
ASY-004554,CPD-00351,KRAS_G12C,IC50,371.5,,2025-10-21
ASY-004555,CPD-00716,JAK2,IC50,61287.4,,2025-11-07
ASY-004556,CPD-00426,PI3K_alpha,IC50,498.7,4.9,2025-12-29
ASY-004557,CPD-00523,JAK2,IC50,17.1,,2025-04-19
ASY-004558,CPD-00748,EGFR,IC50,16.9,11.0,2025-09-17
ASY-004559,CPD-00537,MET,IC50,0.6,15.4,2025-05-07
ASY-004560,CPD-00580,CDK4_6,IC50,614.0,22.0,2026-03-23
ASY-004561,CPD-00061,BRAF_V600E,IC50,839.9,7.3,2025-11-02
ASY-004562,CPD-00389,JAK2,IC50,120.5,,2025-09-14
ASY-004563,CPD-00266,MET,IC50,1.2,12.2,2026-03-08
ASY-004564,CPD-00503,ALK,IC50,137.6,13.3,2025-10-22
ASY-004565,CPD-00070,BTK,IC50,12729.9,,2025-06-26
ASY-004566,CPD-00931,CDK4_6,IC50,6.5,14.3,2025-02-07
ASY-004567,CPD-00640,EGFR,IC50,5675.5,,2026-04-14
ASY-004568,CPD-00698,KRAS_G12C,IC50,6.6,10.5,2025-06-28
ASY-004569,CPD-00800,BTK,IC50,5247.0,15.6,2025-06-18
ASY-004570,CPD-00379,MET,IC50,194.0,12.7,2025-04-13
ASY-004571,CPD-00814,KRAS_G12C,IC50,3.6,7.5,2026-01-03
ASY-004572,CPD-00776,KRAS_G12C,IC50,1.3,,2026-01-16
ASY-004573,CPD-00316,JAK2,IC50,638.3,,2025-08-07
ASY-004574,CPD-00662,ALK,IC50,9.3,6.5,2026-01-16
ASY-004575,CPD-00663,BRAF_V600E,IC50,13152.7,13.9,2025-03-22
ASY-004576,CPD-00297,MET,IC50,11.0,,2025-08-23
ASY-004577,CPD-00671,BTK,IC50,83.1,-3.6,2025-03-10
ASY-004578,CPD-00743,BRAF_V600E,IC50,4.8,6.9,2025-10-16
ASY-004579,CPD-00319,EGFR,IC50,5.4,2.6,2025-08-12
ASY-004580,CPD-00289,PI3K_alpha,IC50,30.6,3.0,2025-06-29
ASY-004581,CPD-00570,JAK2,IC50,1.7,,2025-02-12
ASY-004582,CPD-00877,MET,IC50,14.0,11.3,2025-07-02
ASY-004583,CPD-00963,BRAF_V600E,IC50,0.1,,2025-04-20
ASY-004584,CPD-00097,KRAS_G12C,IC50,21.4,,2025-03-12
ASY-004585,CPD-00080,BTK,IC50,20.9,19.6,2025-11-11
ASY-004586,CPD-00832,MET,IC50,1162.1,,2025-09-08
ASY-004587,CPD-00455,PI3K_alpha,IC50,177.7,,2026-04-22
ASY-004588,CPD-00045,EGFR,IC50,0.8,,2025-08-28
ASY-004589,CPD-00633,BRAF_V600E,IC50,1906.1,,2025-05-13
ASY-004590,CPD-00242,BTK,IC50,0.1,-3.9,2025-11-19
ASY-004591,CPD-00786,BRAF_V600E,IC50,2649.3,,2025-05-07
ASY-004592,CPD-00358,MET,IC50,83.9,16.3,2026-05-09
ASY-004593,CPD-00617,BRAF_V600E,IC50,61139.0,2.0,2025-12-15
ASY-004594,CPD-00994,EGFR,IC50,1.5,,2025-11-06
ASY-004595,CPD-00956,CDK4_6,IC50,1.8,,2025-10-18
ASY-004596,CPD-00123,KRAS_G12C,IC50,0.2,15.8,2025-10-05
ASY-004597,CPD-00920,EGFR,IC50,78.8,11.4,2025-04-02
ASY-004598,CPD-00375,ALK,IC50,23.1,,2025-06-08
ASY-004599,CPD-00507,KRAS_G12C,IC50,19.3,,2025-02-17
ASY-004600,CPD-00936,CDK4_6,IC50,0.2,5.3,2026-04-03
ASY-004601,CPD-00639,EGFR,IC50,24.8,-1.9,2025-03-16
ASY-004602,CPD-00458,KRAS_G12C,IC50,2.3,1.6,2026-01-21
ASY-004603,CPD-00259,EGFR,IC50,125.0,,2026-04-23
ASY-004604,CPD-00792,EGFR,IC50,24732.6,16.3,2025-01-29
ASY-004605,CPD-00891,BTK,IC50,6.9,,2026-04-13
ASY-004606,CPD-00263,JAK2,IC50,876.4,8.6,2025-10-08
ASY-004607,CPD-00593,JAK2,IC50,60.8,1.0,2025-11-04
ASY-004608,CPD-00022,KRAS_G12C,IC50,462.4,,2025-02-11
ASY-004609,CPD-00301,CDK4_6,IC50,48.2,,2025-12-11
ASY-004610,CPD-00103,ALK,IC50,7.6,7.1,2025-09-01
ASY-004611,CPD-00112,EGFR,IC50,67.1,11.6,2025-09-12
ASY-004612,CPD-00904,MET,IC50,1140.4,,2025-06-05
ASY-004613,CPD-00352,EGFR,IC50,7880.8,,2025-06-05
ASY-004614,CPD-00024,PI3K_alpha,IC50,271.9,9.6,2025-10-11
ASY-004615,CPD-00048,CDK4_6,IC50,2.9,0.7,2025-06-08
ASY-004616,CPD-00985,EGFR,IC50,36.0,15.4,2025-04-23
ASY-004617,CPD-00944,CDK4_6,IC50,151746.6,6.2,2025-08-08
ASY-004618,CPD-00351,JAK2,IC50,913.9,,2025-08-12
ASY-004619,CPD-00197,ALK,IC50,3.1,9.4,2025-06-30
ASY-004620,CPD-00381,EGFR,IC50,18197.7,,2025-04-27
ASY-004621,CPD-00826,JAK2,IC50,0.9,,2025-03-14
ASY-004622,CPD-00669,BRAF_V600E,IC50,16.5,17.6,2026-05-15
ASY-004623,CPD-00088,PI3K_alpha,IC50,1334.6,,2025-06-10
ASY-004624,CPD-00858,PI3K_alpha,IC50,14566.4,4.9,2026-03-29
ASY-004625,CPD-00316,BTK,IC50,2626.3,,2025-09-21
ASY-004626,CPD-00301,EGFR,IC50,66528.9,,2025-11-01
ASY-004627,CPD-00101,ALK,IC50,25.7,,2026-02-20
ASY-004628,CPD-00204,ALK,IC50,4.2,,2026-04-16
ASY-004629,CPD-00258,JAK2,IC50,20.2,6.3,2025-03-10
ASY-004630,CPD-00283,JAK2,IC50,3502.4,,2025-07-10
ASY-004631,CPD-00581,BRAF_V600E,IC50,3067.9,8.6,2025-01-26
ASY-004632,CPD-00381,CDK4_6,IC50,2707.7,6.7,2026-03-13
ASY-004633,CPD-00520,KRAS_G12C,IC50,6293637.2,7.7,2026-03-18
ASY-004634,CPD-00441,JAK2,IC50,30.9,13.6,2025-05-28
ASY-004635,CPD-00036,ALK,IC50,1053.6,,2025-07-12
ASY-004636,CPD-00265,PI3K_alpha,IC50,206.0,,2025-08-09
ASY-004637,CPD-00393,JAK2,IC50,12.9,,2025-10-02
ASY-004638,CPD-00634,BRAF_V600E,IC50,101931.2,4.6,2025-10-22
ASY-004639,CPD-00564,JAK2,IC50,638.8,,2026-01-08
ASY-004640,CPD-00840,MET,IC50,46.1,,2025-01-18
ASY-004641,CPD-00042,PI3K_alpha,IC50,106.5,5.3,2025-03-17
ASY-004642,CPD-00512,MET,IC50,3.4,7.9,2025-01-19
ASY-004643,CPD-00417,PI3K_alpha,IC50,85.2,,2025-03-26
ASY-004644,CPD-00595,CDK4_6,IC50,83.6,2.6,2026-01-06
ASY-004645,CPD-00031,MET,IC50,5714.3,,2025-05-09
ASY-004646,CPD-00202,PI3K_alpha,IC50,5188.0,,2025-07-16
ASY-004647,CPD-00133,BRAF_V600E,IC50,3.1,5.6,2025-09-10
ASY-004648,CPD-00803,BTK,IC50,9.3,,2026-04-16
ASY-004649,CPD-00660,JAK2,IC50,120.3,5.3,2025-12-31
ASY-004650,CPD-00649,JAK2,IC50,27.9,,2025-06-15
ASY-004651,CPD-00506,BRAF_V600E,IC50,19986.6,,2025-10-02
ASY-004652,CPD-00685,BRAF_V600E,IC50,17.1,,2025-08-30
ASY-004653,CPD-00182,BRAF_V600E,IC50,4.7,,2026-05-16
ASY-004654,CPD-00406,ALK,IC50,223.4,10.5,2025-02-20
ASY-004655,CPD-00844,JAK2,IC50,388.0,,2025-01-31
ASY-004656,CPD-00658,EGFR,IC50,1557.9,13.9,2025-12-14
ASY-004657,CPD-00103,KRAS_G12C,IC50,39823.4,11.8,2025-01-30
ASY-004658,CPD-00455,JAK2,IC50,0.0,,2025-08-26
ASY-004659,CPD-00277,MET,IC50,0.1,,2025-12-15
ASY-004660,CPD-00342,EGFR,IC50,46.2,4.9,2025-02-19
ASY-004661,CPD-00500,MET,IC50,13855.6,,2025-04-12
ASY-004662,CPD-00730,BTK,IC50,16.9,,2025-06-21
ASY-004663,CPD-00306,KRAS_G12C,IC50,14610.9,,2025-12-04
ASY-004664,CPD-00155,JAK2,IC50,123.8,,2025-10-18
ASY-004665,CPD-00002,KRAS_G12C,IC50,39573.8,,2026-01-07
ASY-004666,CPD-00066,ALK,IC50,119.1,7.1,2026-02-09
ASY-004667,CPD-00206,BTK,IC50,0.6,13.5,2025-08-23
ASY-004668,CPD-00740,ALK,IC50,61.5,9.3,2025-09-11
ASY-004669,CPD-00964,CDK4_6,IC50,2.1,,2025-10-13
ASY-004670,CPD-00313,EGFR,IC50,1780.6,7.4,2025-05-28
ASY-004671,CPD-00369,ALK,IC50,2062.5,2.2,2026-03-10
ASY-004672,CPD-00176,PI3K_alpha,IC50,62934.3,,2025-06-20
ASY-004673,CPD-00479,BRAF_V600E,IC50,4.1,6.7,2026-01-11
ASY-004674,CPD-00506,BTK,IC50,26.0,8.3,2025-09-02
ASY-004675,CPD-00278,ALK,IC50,223.0,15.9,2025-01-13
ASY-004676,CPD-00448,PI3K_alpha,IC50,0.6,,2025-01-29
ASY-004677,CPD-00252,BRAF_V600E,IC50,7.3,14.4,2026-03-25
ASY-004678,CPD-00131,EGFR,IC50,2712.2,19.1,2026-01-03
ASY-004679,CPD-00276,KRAS_G12C,IC50,7177.7,12.4,2026-04-01
ASY-004680,CPD-00329,PI3K_alpha,IC50,6.4,,2026-05-12
ASY-004681,CPD-00661,MET,IC50,1916.8,6.3,2025-10-10
ASY-004682,CPD-00714,PI3K_alpha,IC50,16.1,15.9,2026-04-28
ASY-004683,CPD-00706,BTK,IC50,300.7,6.1,2026-04-10
ASY-004684,CPD-00687,MET,IC50,38.2,16.0,2026-04-21
ASY-004685,CPD-00457,BTK,IC50,88528.5,21.2,2025-05-11
ASY-004686,CPD-00344,BTK,IC50,368.3,13.1,2025-12-16
ASY-004687,CPD-00461,EGFR,IC50,0.0,19.0,2026-05-02
ASY-004688,CPD-00275,BTK,IC50,126.0,,2025-05-04
ASY-004689,CPD-00818,ALK,IC50,0.4,4.8,2025-07-19
ASY-004690,CPD-00792,EGFR,IC50,327.4,14.6,2026-02-25
ASY-004691,CPD-00065,KRAS_G12C,IC50,22.0,5.1,2025-10-14
ASY-004692,CPD-00998,BTK,IC50,0.1,,2025-03-15
ASY-004693,CPD-00657,CDK4_6,IC50,462.8,8.0,2025-03-26
ASY-004694,CPD-00254,PI3K_alpha,IC50,3.1,,2026-02-21
ASY-004695,CPD-00370,BRAF_V600E,IC50,32238.1,7.1,2025-09-19
ASY-004696,CPD-00460,BRAF_V600E,IC50,3.1,,2025-06-02
ASY-004697,CPD-00775,CDK4_6,IC50,1.4,8.6,2025-05-14
ASY-004698,CPD-00226,MET,IC50,394.3,16.3,2025-03-13
ASY-004699,CPD-00227,JAK2,IC50,669.3,7.8,2025-05-17
ASY-004700,CPD-00431,KRAS_G12C,IC50,807.9,5.8,2025-11-01
ASY-004701,CPD-00055,BRAF_V600E,IC50,515.8,,2025-08-06
ASY-004702,CPD-00299,CDK4_6,IC50,25.5,,2025-01-30
ASY-004703,CPD-00021,PI3K_alpha,IC50,396.6,,2026-01-22
ASY-004704,CPD-00163,BRAF_V600E,IC50,668.1,13.1,2025-04-04
ASY-004705,CPD-00529,JAK2,IC50,275.8,,2026-04-23
ASY-004706,CPD-00166,PI3K_alpha,IC50,21.9,11.4,2025-10-09
ASY-004707,CPD-00078,MET,IC50,2286.3,11.1,2026-01-16
ASY-004708,CPD-00477,ALK,IC50,672.4,,2025-02-22
ASY-004709,CPD-00398,KRAS_G12C,IC50,69.7,,2026-02-21
ASY-004710,CPD-00509,JAK2,IC50,100309.4,4.2,2026-01-29
ASY-004711,CPD-00112,KRAS_G12C,IC50,1.3,5.0,2025-10-25
ASY-004712,CPD-00117,BRAF_V600E,IC50,339.7,5.7,2025-03-30
ASY-004713,CPD-00285,JAK2,IC50,861.5,11.5,2025-11-14
ASY-004714,CPD-00785,MET,IC50,468.2,14.1,2025-11-08
ASY-004715,CPD-00736,BTK,IC50,0.1,14.8,2025-06-08
ASY-004716,CPD-00938,BRAF_V600E,IC50,3230.5,10.9,2025-11-10
ASY-004717,CPD-00641,BRAF_V600E,IC50,3891.3,,2026-01-09
ASY-004718,CPD-00305,BTK,IC50,1.1,,2025-02-03
ASY-004719,CPD-00575,ALK,IC50,304.9,13.4,2025-05-18
ASY-004720,CPD-00400,BRAF_V600E,IC50,20.1,7.5,2026-05-11
ASY-004721,CPD-00355,PI3K_alpha,IC50,3220.9,14.8,2025-03-04
ASY-004722,CPD-00737,JAK2,IC50,1751.0,7.6,2025-09-22
ASY-004723,CPD-00303,JAK2,IC50,15.0,8.4,2026-04-21
ASY-004724,CPD-00097,BTK,IC50,163.5,,2026-03-03
ASY-004725,CPD-00612,ALK,IC50,11773458.8,,2025-05-06
ASY-004726,CPD-00875,ALK,IC50,7.1,,2025-05-28
ASY-004727,CPD-00081,EGFR,IC50,3361.9,14.0,2025-02-08
ASY-004728,CPD-00584,ALK,IC50,457.9,,2026-04-09
ASY-004729,CPD-00668,KRAS_G12C,IC50,214.3,,2025-06-25
ASY-004730,CPD-00483,CDK4_6,IC50,32732.7,19.3,2025-03-13
ASY-004731,CPD-00025,CDK4_6,IC50,1.0,,2025-05-16
ASY-004732,CPD-00501,BTK,IC50,37.0,5.4,2026-03-07
ASY-004733,CPD-00362,KRAS_G12C,IC50,70.6,12.6,2026-01-29
ASY-004734,CPD-00325,EGFR,IC50,0.0,9.1,2025-10-31
ASY-004735,CPD-00679,CDK4_6,IC50,38.3,,2026-03-23
ASY-004736,CPD-00727,CDK4_6,IC50,477.6,7.3,2025-10-21
ASY-004737,CPD-00861,EGFR,IC50,724.5,,2025-03-15
ASY-004738,CPD-00503,CDK4_6,IC50,2441.9,5.1,2025-06-12
ASY-004739,CPD-00966,JAK2,IC50,1.6,,2026-04-06
ASY-004740,CPD-00071,BTK,IC50,417.4,,2026-01-19
ASY-004741,CPD-00618,KRAS_G12C,IC50,99.5,13.5,2026-01-08
ASY-004742,CPD-00262,BTK,IC50,4815.9,10.3,2026-03-10
ASY-004743,CPD-00997,MET,IC50,71.3,,2025-10-08
ASY-004744,CPD-00538,MET,IC50,0.4,,2025-06-18
ASY-004745,CPD-00368,BTK,IC50,867.6,,2025-06-17
ASY-004746,CPD-00318,CDK4_6,IC50,4.7,,2025-12-22
ASY-004747,CPD-00470,KRAS_G12C,IC50,1.1,,2025-07-12
ASY-004748,CPD-00859,KRAS_G12C,IC50,8.6,1.7,2026-03-01
ASY-004749,CPD-00154,MET,IC50,1638.0,16.4,2025-04-19
ASY-004750,CPD-00496,EGFR,IC50,3112.3,,2025-05-17
ASY-004751,CPD-00010,CDK4_6,IC50,1578.1,,2025-08-01
ASY-004752,CPD-00779,ALK,IC50,8.9,9.8,2025-09-20
ASY-004753,CPD-00490,EGFR,IC50,18.1,17.8,2025-04-23
ASY-004754,CPD-00328,EGFR,IC50,8.0,,2025-10-12
ASY-004755,CPD-00616,KRAS_G12C,IC50,6.7,16.0,2026-03-07
ASY-004756,CPD-00451,CDK4_6,IC50,364.7,6.4,2025-12-17
ASY-004757,CPD-00259,MET,IC50,52.4,,2025-06-10
ASY-004758,CPD-00586,PI3K_alpha,IC50,1404.9,,2026-04-04
ASY-004759,CPD-00728,CDK4_6,IC50,1649.5,12.8,2025-04-23
ASY-004760,CPD-00270,BTK,IC50,206870.4,,2025-01-23
ASY-004761,CPD-00783,EGFR,IC50,472.3,8.0,2025-10-14
ASY-004762,CPD-00755,ALK,IC50,119.8,,2025-05-09
ASY-004763,CPD-00989,BRAF_V600E,IC50,244.4,8.6,2026-01-27
ASY-004764,CPD-00618,BTK,IC50,2833.7,,2025-10-27
ASY-004765,CPD-00478,EGFR,IC50,681.2,,2025-02-08
ASY-004766,CPD-00993,ALK,IC50,9904.4,,2025-02-02
ASY-004767,CPD-00774,PI3K_alpha,IC50,194.6,3.6,2026-05-10
ASY-004768,CPD-00637,JAK2,IC50,4.8,2.4,2025-11-20
ASY-004769,CPD-00211,EGFR,IC50,4.5,4.0,2026-01-10
ASY-004770,CPD-00107,KRAS_G12C,IC50,15.2,,2025-02-03
ASY-004771,CPD-00739,EGFR,IC50,0.4,10.1,2025-10-04
ASY-004772,CPD-00518,BRAF_V600E,IC50,11.1,14.4,2025-05-25
ASY-004773,CPD-00491,ALK,IC50,854.8,,2026-05-05
ASY-004774,CPD-00805,JAK2,IC50,280.8,6.0,2025-03-09
ASY-004775,CPD-00933,ALK,IC50,11.1,15.7,2025-07-31
ASY-004776,CPD-00139,BTK,IC50,670.7,,2025-06-11
ASY-004777,CPD-00633,JAK2,IC50,1536.2,6.2,2025-05-30
ASY-004778,CPD-00310,BRAF_V600E,IC50,20213.4,,2026-03-12
ASY-004779,CPD-00072,PI3K_alpha,IC50,44.6,,2025-02-25
ASY-004780,CPD-00433,BTK,IC50,1303.1,11.9,2025-07-23
ASY-004781,CPD-00618,MET,IC50,0.0,,2025-11-03
ASY-004782,CPD-00347,ALK,IC50,107.2,,2025-12-19
ASY-004783,CPD-00401,BRAF_V600E,IC50,0.6,7.9,2025-07-04
ASY-004784,CPD-00161,BTK,IC50,47787.7,,2025-10-03
ASY-004785,CPD-00771,EGFR,IC50,18740.6,3.4,2025-11-05
ASY-004786,CPD-00876,MET,IC50,1428.3,7.6,2025-05-06
ASY-004787,CPD-00991,PI3K_alpha,IC50,131.6,,2025-08-05
ASY-004788,CPD-00130,CDK4_6,IC50,2069.7,6.1,2025-02-15
ASY-004789,CPD-00295,BTK,IC50,70.5,,2025-07-29
ASY-004790,CPD-00906,PI3K_alpha,IC50,256.0,11.4,2025-11-20
ASY-004791,CPD-00204,ALK,IC50,72.7,17.8,2025-04-10
ASY-004792,CPD-00743,KRAS_G12C,IC50,105.7,13.6,2025-09-02
ASY-004793,CPD-00503,MET,IC50,1.5,6.0,2025-05-18
ASY-004794,CPD-00491,PI3K_alpha,IC50,10.6,7.9,2026-01-28
ASY-004795,CPD-00132,ALK,IC50,7779.4,,2025-12-06
ASY-004796,CPD-00788,JAK2,IC50,335.1,8.6,2025-09-30
ASY-004797,CPD-00467,PI3K_alpha,IC50,1.5,10.8,2025-07-02
ASY-004798,CPD-00669,BRAF_V600E,IC50,1813.0,0.1,2025-02-23
ASY-004799,CPD-00009,MET,IC50,27639.4,,2026-03-09
ASY-004800,CPD-00183,PI3K_alpha,IC50,2887.2,12.1,2025-09-29
ASY-004801,CPD-00090,MET,IC50,3.2,,2025-12-16
ASY-004802,CPD-00201,CDK4_6,IC50,865.9,,2025-01-06
ASY-004803,CPD-00373,EGFR,IC50,27.7,14.2,2025-05-15
ASY-004804,CPD-00001,PI3K_alpha,IC50,4259.8,3.0,2026-04-21
ASY-004805,CPD-00497,JAK2,IC50,1034.5,,2026-03-07
ASY-004806,CPD-00958,ALK,IC50,335.0,4.4,2025-01-08
ASY-004807,CPD-00490,BRAF_V600E,IC50,66.0,10.7,2025-03-28
ASY-004808,CPD-00421,CDK4_6,IC50,2675.3,9.8,2026-05-14
ASY-004809,CPD-00104,MET,IC50,1179.3,-0.5,2025-03-12
ASY-004810,CPD-00179,ALK,IC50,0.2,9.6,2025-10-06
ASY-004811,CPD-00742,PI3K_alpha,IC50,8292.3,,2025-11-19
ASY-004812,CPD-00196,BRAF_V600E,IC50,3.5,,2026-01-15
ASY-004813,CPD-00809,EGFR,IC50,91.8,18.0,2025-06-10
ASY-004814,CPD-00135,PI3K_alpha,IC50,8.6,,2025-02-17
ASY-004815,CPD-00104,CDK4_6,IC50,0.3,,2026-03-20
ASY-004816,CPD-00719,MET,IC50,0.0,,2025-04-26
ASY-004817,CPD-00016,MET,IC50,39322.0,,2025-05-10
ASY-004818,CPD-00320,KRAS_G12C,IC50,0.1,2.9,2025-05-01
ASY-004819,CPD-00870,MET,IC50,1.6,9.4,2025-05-22
ASY-004820,CPD-00962,BRAF_V600E,IC50,20.6,,2025-12-20
ASY-004821,CPD-00433,BTK,IC50,4496.8,8.8,2025-10-30
ASY-004822,CPD-00247,PI3K_alpha,IC50,884.8,4.7,2025-10-23
ASY-004823,CPD-00359,PI3K_alpha,IC50,22.1,,2025-02-13
ASY-004824,CPD-00057,BTK,IC50,70.0,,2026-04-23
ASY-004825,CPD-00138,PI3K_alpha,IC50,153.1,,2025-09-28
ASY-004826,CPD-00421,BTK,IC50,484.7,,2025-08-19
ASY-004827,CPD-00498,PI3K_alpha,IC50,13.9,21.8,2026-04-30
ASY-004828,CPD-00826,PI3K_alpha,IC50,24.7,,2025-07-07
ASY-004829,CPD-00716,PI3K_alpha,IC50,6.4,,2026-03-09
ASY-004830,CPD-00162,EGFR,IC50,253.9,6.2,2025-02-21
ASY-004831,CPD-00114,PI3K_alpha,IC50,9.1,17.9,2025-11-23
ASY-004832,CPD-00621,KRAS_G12C,IC50,2508.3,,2025-05-13
ASY-004833,CPD-00187,BRAF_V600E,IC50,82.7,7.0,2026-05-15
ASY-004834,CPD-00680,BTK,IC50,0.1,,2025-08-12
ASY-004835,CPD-00223,KRAS_G12C,IC50,71.6,9.9,2025-01-23
ASY-004836,CPD-00786,ALK,IC50,0.0,,2025-10-08
ASY-004837,CPD-00367,JAK2,IC50,4.7,,2026-05-04
ASY-004838,CPD-00982,PI3K_alpha,IC50,127.2,9.9,2026-01-18
ASY-004839,CPD-00699,PI3K_alpha,IC50,42.6,8.0,2025-02-25
ASY-004840,CPD-00065,PI3K_alpha,IC50,9.5,,2026-04-26
ASY-004841,CPD-00808,CDK4_6,IC50,3.1,15.4,2025-05-12
ASY-004842,CPD-00228,PI3K_alpha,IC50,2.5,7.6,2026-02-07
ASY-004843,CPD-00373,CDK4_6,IC50,16.7,,2025-06-29
ASY-004844,CPD-00821,JAK2,IC50,517.7,,2025-02-21
ASY-004845,CPD-00407,MET,IC50,146.5,18.4,2025-01-01
ASY-004846,CPD-00175,EGFR,IC50,1.5,3.6,2025-08-31
ASY-004847,CPD-00187,BTK,IC50,5.8,12.9,2025-02-23
ASY-004848,CPD-00075,MET,IC50,321.3,,2025-02-22
ASY-004849,CPD-00723,KRAS_G12C,IC50,76.4,,2025-11-22
ASY-004850,CPD-00253,BRAF_V600E,IC50,0.0,,2026-01-05
ASY-004851,CPD-00892,ALK,IC50,0.4,11.7,2025-05-03
ASY-004852,CPD-00914,PI3K_alpha,IC50,13.6,,2025-08-11
ASY-004853,CPD-00111,JAK2,IC50,10.7,,2025-07-17
ASY-004854,CPD-00428,ALK,IC50,720.4,7.6,2026-01-06
ASY-004855,CPD-00404,BTK,IC50,0.8,5.4,2025-12-19
ASY-004856,CPD-00595,BTK,IC50,823.5,16.5,2025-05-29
ASY-004857,CPD-00405,EGFR,IC50,206.8,9.8,2025-07-24
ASY-004858,CPD-00463,EGFR,IC50,25468.9,,2025-04-11
ASY-004859,CPD-00331,BTK,IC50,977.3,,2026-02-19
ASY-004860,CPD-00662,PI3K_alpha,IC50,2657.1,,2026-05-05
ASY-004861,CPD-00350,BRAF_V600E,IC50,1752.7,9.9,2025-01-11
ASY-004862,CPD-00191,JAK2,IC50,1552.1,8.0,2025-11-12
ASY-004863,CPD-00528,KRAS_G12C,IC50,33.3,8.4,2025-03-09
ASY-004864,CPD-00975,BRAF_V600E,IC50,22.3,12.6,2026-01-31
ASY-004865,CPD-00226,CDK4_6,IC50,540.7,12.8,2025-06-15
ASY-004866,CPD-00240,PI3K_alpha,IC50,132.1,11.5,2026-05-04
ASY-004867,CPD-00992,EGFR,IC50,2.7,10.2,2025-07-09
ASY-004868,CPD-00252,ALK,IC50,7134.3,10.4,2025-03-14
ASY-004869,CPD-00413,CDK4_6,IC50,2914.5,15.4,2025-08-12
ASY-004870,CPD-00579,ALK,IC50,6.1,12.0,2025-08-03
ASY-004871,CPD-00629,MET,IC50,0.3,12.9,2025-10-10
ASY-004872,CPD-00545,CDK4_6,IC50,407.1,11.8,2025-10-02
ASY-004873,CPD-00149,BRAF_V600E,IC50,13950.8,8.9,2025-03-03
ASY-004874,CPD-00687,BTK,IC50,92.5,10.8,2025-06-21
ASY-004875,CPD-00258,MET,IC50,2716.3,,2025-02-23
ASY-004876,CPD-00417,PI3K_alpha,IC50,889.0,18.3,2025-06-20
ASY-004877,CPD-00794,JAK2,IC50,113.3,,2025-12-14
ASY-004878,CPD-00448,MET,IC50,293.3,,2025-09-11
ASY-004879,CPD-00183,BTK,IC50,43.2,,2026-04-21
ASY-004880,CPD-00027,PI3K_alpha,IC50,7598.3,,2025-09-14
ASY-004881,CPD-00965,JAK2,IC50,30309.2,,2025-11-29
ASY-004882,CPD-00805,EGFR,IC50,23.8,,2026-02-20
ASY-004883,CPD-00029,ALK,IC50,0.0,6.7,2025-12-07
ASY-004884,CPD-00314,BTK,IC50,10.1,9.5,2025-05-20
ASY-004885,CPD-00857,ALK,IC50,19.1,,2025-01-24
ASY-004886,CPD-00040,PI3K_alpha,IC50,0.7,,2026-02-06
ASY-004887,CPD-00789,BTK,IC50,2.8,19.1,2026-02-02
ASY-004888,CPD-00409,JAK2,IC50,0.0,,2025-06-07
ASY-004889,CPD-00073,PI3K_alpha,IC50,4.2,,2025-09-07
ASY-004890,CPD-00040,CDK4_6,IC50,121.0,,2025-10-30
ASY-004891,CPD-00914,PI3K_alpha,IC50,129.7,,2025-10-23
ASY-004892,CPD-00128,ALK,IC50,5358.3,,2025-03-13
ASY-004893,CPD-00463,CDK4_6,IC50,1.7,10.5,2026-04-23
ASY-004894,CPD-00745,ALK,IC50,63.8,,2025-06-26
ASY-004895,CPD-00955,BTK,IC50,16.0,,2025-06-21
ASY-004896,CPD-00922,MET,IC50,810.9,6.8,2025-06-18
ASY-004897,CPD-00870,BTK,IC50,330532.1,,2025-09-23
ASY-004898,CPD-00360,EGFR,IC50,1.0,,2026-05-10
ASY-004899,CPD-00822,KRAS_G12C,IC50,0.6,3.4,2025-07-03
ASY-004900,CPD-00077,CDK4_6,IC50,1.8,3.3,2025-09-01
ASY-004901,CPD-00017,MET,IC50,30.2,9.4,2025-04-29
ASY-004902,CPD-00859,EGFR,IC50,20.0,15.8,2025-05-18
ASY-004903,CPD-00542,KRAS_G12C,IC50,131678.8,,2025-12-07
ASY-004904,CPD-00589,CDK4_6,IC50,116.4,12.6,2025-01-25
ASY-004905,CPD-00015,MET,IC50,1064.0,9.6,2025-07-06
ASY-004906,CPD-00247,MET,IC50,1947.2,,2025-02-26
ASY-004907,CPD-00297,PI3K_alpha,IC50,1.4,,2025-08-11
ASY-004908,CPD-00357,BRAF_V600E,IC50,161.7,13.1,2025-06-15
ASY-004909,CPD-00178,BTK,IC50,4411.8,,2025-10-14
ASY-004910,CPD-00912,ALK,IC50,601.6,13.7,2026-02-01
ASY-004911,CPD-00811,BRAF_V600E,IC50,245.5,14.2,2025-12-03
ASY-004912,CPD-00702,PI3K_alpha,IC50,934.1,,2026-03-28
ASY-004913,CPD-00133,JAK2,IC50,270.4,,2025-01-29
ASY-004914,CPD-00816,ALK,IC50,21431.0,11.1,2025-03-16
ASY-004915,CPD-00987,KRAS_G12C,IC50,3127.2,9.1,2026-02-07
ASY-004916,CPD-00800,BRAF_V600E,IC50,892.4,,2025-06-26
ASY-004917,CPD-00077,JAK2,IC50,2130.5,10.4,2025-07-20
ASY-004918,CPD-00389,PI3K_alpha,IC50,4.2,3.2,2025-04-11
ASY-004919,CPD-00968,BTK,IC50,4997.0,,2025-05-18
ASY-004920,CPD-00712,KRAS_G12C,IC50,0.5,,2025-07-18
ASY-004921,CPD-00187,KRAS_G12C,IC50,1.5,,2026-02-18
ASY-004922,CPD-00977,BRAF_V600E,IC50,2.3,,2025-07-05
ASY-004923,CPD-00563,BRAF_V600E,IC50,0.2,,2025-05-10
ASY-004924,CPD-00349,MET,IC50,0.8,,2026-01-12
ASY-004925,CPD-00328,EGFR,IC50,28.8,,2025-12-25
ASY-004926,CPD-00168,EGFR,IC50,3.2,,2025-08-11
ASY-004927,CPD-00771,KRAS_G12C,IC50,535.6,4.1,2025-03-18
ASY-004928,CPD-00680,JAK2,IC50,1010.1,,2026-04-08
ASY-004929,CPD-00098,EGFR,IC50,820.3,,2026-03-13
ASY-004930,CPD-00231,PI3K_alpha,IC50,12094.6,,2025-09-21
ASY-004931,CPD-00706,MET,IC50,424.3,7.1,2025-01-15
ASY-004932,CPD-00945,JAK2,IC50,96394.1,,2025-10-02
ASY-004933,CPD-00109,BTK,IC50,101.9,,2026-04-26
ASY-004934,CPD-00849,KRAS_G12C,IC50,260.1,,2026-02-06
ASY-004935,CPD-00325,MET,IC50,325.7,11.8,2026-02-07
ASY-004936,CPD-00126,KRAS_G12C,IC50,46.8,,2025-12-05
ASY-004937,CPD-00217,ALK,IC50,410.3,,2025-08-27
ASY-004938,CPD-00051,BTK,IC50,3868.5,,2026-03-23
ASY-004939,CPD-00608,CDK4_6,IC50,1.7,15.8,2025-11-21
ASY-004940,CPD-00690,EGFR,IC50,3853.1,,2025-04-15
ASY-004941,CPD-00149,PI3K_alpha,IC50,30.0,14.5,2025-05-07
ASY-004942,CPD-00741,MET,IC50,8.6,,2025-01-19
ASY-004943,CPD-00949,BRAF_V600E,IC50,8.2,,2025-05-30
ASY-004944,CPD-00955,JAK2,IC50,72.0,,2025-09-07
ASY-004945,CPD-00571,CDK4_6,IC50,21399.4,8.1,2025-11-03
ASY-004946,CPD-00996,JAK2,IC50,779.2,,2025-01-31
ASY-004947,CPD-00685,BRAF_V600E,IC50,33330.4,,2025-11-21
ASY-004948,CPD-00567,MET,IC50,210.2,14.4,2025-09-09
ASY-004949,CPD-00477,JAK2,IC50,35.1,11.5,2026-02-28
ASY-004950,CPD-00143,BTK,IC50,1703.6,,2026-02-02
ASY-004951,CPD-00624,JAK2,IC50,10571.6,15.3,2025-03-31
ASY-004952,CPD-00720,CDK4_6,IC50,2.5,,2026-01-05
ASY-004953,CPD-00583,PI3K_alpha,IC50,645.7,,2025-06-10
ASY-004954,CPD-00727,MET,IC50,79.6,8.6,2025-12-14
ASY-004955,CPD-00299,PI3K_alpha,IC50,25.7,19.1,2025-05-12
ASY-004956,CPD-00493,MET,IC50,4570.8,,2026-05-02
ASY-004957,CPD-00359,BTK,IC50,1232.1,,2026-01-31
ASY-004958,CPD-00474,ALK,IC50,603.2,1.5,2025-03-23
ASY-004959,CPD-00612,BRAF_V600E,IC50,5507.1,4.7,2025-08-14
ASY-004960,CPD-00102,EGFR,IC50,0.0,,2025-01-19
ASY-004961,CPD-00490,PI3K_alpha,IC50,2326.2,0.6,2025-01-19
ASY-004962,CPD-00559,KRAS_G12C,IC50,0.0,,2025-08-03
ASY-004963,CPD-00096,PI3K_alpha,IC50,13.6,-1.9,2025-08-03
ASY-004964,CPD-00655,KRAS_G12C,IC50,5161.3,9.1,2025-12-17
ASY-004965,CPD-00133,PI3K_alpha,IC50,708.5,2.7,2025-08-19
ASY-004966,CPD-00725,CDK4_6,IC50,8170.7,13.6,2025-12-03
ASY-004967,CPD-00763,BTK,IC50,9259.4,9.7,2025-06-06
ASY-004968,CPD-00081,BRAF_V600E,IC50,2.4,14.8,2025-04-08
ASY-004969,CPD-00369,MET,IC50,681.2,6.7,2026-03-14
ASY-004970,CPD-00997,JAK2,IC50,2286.0,21.1,2025-02-11
ASY-004971,CPD-00486,BRAF_V600E,IC50,19.9,5.6,2026-04-27
ASY-004972,CPD-00510,MET,IC50,0.6,5.7,2026-05-04
ASY-004973,CPD-00143,BTK,IC50,205.7,,2025-02-25
ASY-004974,CPD-00694,MET,IC50,0.2,,2025-05-07
ASY-004975,CPD-00219,ALK,IC50,6568.0,,2026-04-14
ASY-004976,CPD-00672,BRAF_V600E,IC50,23.1,3.3,2026-04-07
ASY-004977,CPD-00389,BRAF_V600E,IC50,2513.1,10.5,2025-04-01
ASY-004978,CPD-00571,EGFR,IC50,2760.7,,2026-02-15
ASY-004979,CPD-00335,MET,IC50,3.7,0.5,2026-02-18
ASY-004980,CPD-00309,BTK,IC50,15.1,,2025-11-05
ASY-004981,CPD-00250,CDK4_6,IC50,13145.7,,2025-07-03
ASY-004982,CPD-00363,KRAS_G12C,IC50,7781.6,,2025-10-13
ASY-004983,CPD-00118,ALK,IC50,132.4,,2026-04-22
ASY-004984,CPD-00852,BTK,IC50,45.7,18.3,2026-03-23
ASY-004985,CPD-00044,PI3K_alpha,IC50,22.6,2.4,2025-06-19
ASY-004986,CPD-00477,MET,IC50,21.3,,2025-06-17
ASY-004987,CPD-00023,EGFR,IC50,66.5,,2025-11-23
ASY-004988,CPD-00744,BRAF_V600E,IC50,1362.1,,2025-07-25
ASY-004989,CPD-00663,BTK,IC50,288.0,,2025-12-17
ASY-004990,CPD-00365,BTK,IC50,2.4,9.9,2025-11-08
ASY-004991,CPD-00900,EGFR,IC50,530.5,10.7,2025-01-17
ASY-004992,CPD-00419,BTK,IC50,19.1,20.1,2025-10-20
ASY-004993,CPD-00358,JAK2,IC50,43.3,,2025-10-27
ASY-004994,CPD-00348,PI3K_alpha,IC50,38.8,,2026-05-15
ASY-004995,CPD-00267,BRAF_V600E,IC50,2454.7,,2025-02-15
ASY-004996,CPD-00353,CDK4_6,IC50,0.0,11.0,2025-10-21
ASY-004997,CPD-00140,EGFR,IC50,1038.8,9.5,2025-11-07
ASY-004998,CPD-00259,JAK2,IC50,333.4,5.4,2026-04-10
ASY-004999,CPD-00644,MET,IC50,141.1,9.7,2025-11-13
ASY-005000,CPD-00007,ALK,IC50,24.6,,2026-03-23
